case_id,activity,timestamp,resource,document,detail,source,due_date,customer,customer_country,salesperson,warehouse,order_amount,currency,products
S00001,Quotation created,2025-09-01T12:38:17+00:00,Sophie Lambert,S00001,,history,,Café des Arts Mons,Belgium,Sophie Lambert,Brussels DC,826.00,EUR,Cup Lids x1000; Oat Milk Barista 12x1L; Vanilla Syrup 1L
S00001,Quotation sent,2025-09-01T13:56:32+00:00,Sophie Lambert,S00001,,history,,Café des Arts Mons,Belgium,Sophie Lambert,Brussels DC,826.00,EUR,Cup Lids x1000; Oat Milk Barista 12x1L; Vanilla Syrup 1L
S00001,Order confirmed,2025-09-02T06:16:55+00:00,Sophie Lambert,S00001,,history,,Café des Arts Mons,Belgium,Sophie Lambert,Brussels DC,826.00,EUR,Cup Lids x1000; Oat Milk Barista 12x1L; Vanilla Syrup 1L
S00001,Goods shipped,2025-09-03T09:51:32+00:00,Marc Dubois,BRU/OUT/00001,,history,,Café des Arts Mons,Belgium,Sophie Lambert,Brussels DC,826.00,EUR,Cup Lids x1000; Oat Milk Barista 12x1L; Vanilla Syrup 1L
S00001,Invoice posted,2025-09-04T08:18:20+00:00,Julie Martin,INV/2025/00001,,history,2025-10-04,Café des Arts Mons,Belgium,Sophie Lambert,Brussels DC,826.00,EUR,Cup Lids x1000; Oat Milk Barista 12x1L; Vanilla Syrup 1L
S00001,Payment received,2025-09-22T06:48:27+00:00,Julie Martin,INV/2025/00001,,history,,Café des Arts Mons,Belgium,Sophie Lambert,Brussels DC,826.00,EUR,Cup Lids x1000; Oat Milk Barista 12x1L; Vanilla Syrup 1L
S00002,Quotation created,2025-09-01T14:43:46+00:00,Tom Peeters,S00002,,history,,Bistro Flagey Corner,Belgium,Tom Peeters,Brussels DC,564.00,EUR,Earl Grey Tea 500g; Espresso Beans Brazil 1kg; Espresso Beans Ethiopia 1kg
S00002,Order confirmed,2025-09-02T06:42:58+00:00,Tom Peeters,S00002,,history,,Bistro Flagey Corner,Belgium,Tom Peeters,Brussels DC,564.00,EUR,Earl Grey Tea 500g; Espresso Beans Brazil 1kg; Espresso Beans Ethiopia 1kg
S00002,Order changed after confirmation,2025-09-03T06:26:20+00:00,Tom Peeters,S00002,amount 552.00 -> 564.00,history,,Bistro Flagey Corner,Belgium,Tom Peeters,Brussels DC,564.00,EUR,Earl Grey Tea 500g; Espresso Beans Brazil 1kg; Espresso Beans Ethiopia 1kg
S00002,Goods shipped,2025-09-04T06:46:57+00:00,Marc Dubois,BRU/OUT/00002,,history,,Bistro Flagey Corner,Belgium,Tom Peeters,Brussels DC,564.00,EUR,Earl Grey Tea 500g; Espresso Beans Brazil 1kg; Espresso Beans Ethiopia 1kg
S00002,Invoice posted,2025-09-05T06:45:26+00:00,Julie Martin,INV/2025/00002,,history,2025-10-05,Bistro Flagey Corner,Belgium,Tom Peeters,Brussels DC,564.00,EUR,Earl Grey Tea 500g; Espresso Beans Brazil 1kg; Espresso Beans Ethiopia 1kg
S00002,Payment received,2025-10-10T11:40:47+00:00,Julie Martin,INV/2025/00002,,history,,Bistro Flagey Corner,Belgium,Tom Peeters,Brussels DC,564.00,EUR,Earl Grey Tea 500g; Espresso Beans Brazil 1kg; Espresso Beans Ethiopia 1kg
S00003,Quotation created,2025-09-02T14:58:44+00:00,Kasia Nowak,S00003,,history,,Coworking Praga,Poland,Kasia Nowak,Warsaw DC,520.00,EUR,Espresso Beans Ethiopia 1kg; Oat Milk Barista 12x1L
S00003,Quotation sent,2025-09-03T06:54:58+00:00,Kasia Nowak,S00003,,history,,Coworking Praga,Poland,Kasia Nowak,Warsaw DC,520.00,EUR,Espresso Beans Ethiopia 1kg; Oat Milk Barista 12x1L
S00003,Order confirmed,2025-09-03T13:28:10+00:00,Kasia Nowak,S00003,,history,,Coworking Praga,Poland,Kasia Nowak,Warsaw DC,520.00,EUR,Espresso Beans Ethiopia 1kg; Oat Milk Barista 12x1L
S00003,Goods shipped,2025-09-04T06:00:42+00:00,Ola Wiśniewska,WAW/OUT/00001,,history,,Coworking Praga,Poland,Kasia Nowak,Warsaw DC,520.00,EUR,Espresso Beans Ethiopia 1kg; Oat Milk Barista 12x1L
S00003,Invoice posted,2025-09-05T09:26:10+00:00,Anna Kowalczyk,INV/2025/00003,,history,2025-10-05,Coworking Praga,Poland,Kasia Nowak,Warsaw DC,520.00,EUR,Espresso Beans Ethiopia 1kg; Oat Milk Barista 12x1L
S00003,Payment received,2025-11-24T07:37:00+00:00,Anna Kowalczyk,INV/2025/00003,,history,,Coworking Praga,Poland,Kasia Nowak,Warsaw DC,520.00,EUR,Espresso Beans Ethiopia 1kg; Oat Milk Barista 12x1L
S00004,Quotation created,2025-09-03T06:43:54+00:00,Kasia Nowak,S00004,,history,,Cukiernia Stare Miasto,Poland,Kasia Nowak,Warsaw DC,768.00,EUR,Espresso Beans Ethiopia 1kg; Oat Milk Barista 12x1L
S00004,Quotation sent,2025-09-03T07:31:29+00:00,Kasia Nowak,S00004,,history,,Cukiernia Stare Miasto,Poland,Kasia Nowak,Warsaw DC,768.00,EUR,Espresso Beans Ethiopia 1kg; Oat Milk Barista 12x1L
S00004,Order confirmed,2025-09-08T06:13:20+00:00,Kasia Nowak,S00004,,history,,Cukiernia Stare Miasto,Poland,Kasia Nowak,Warsaw DC,768.00,EUR,Espresso Beans Ethiopia 1kg; Oat Milk Barista 12x1L
S00004,Goods shipped,2025-09-09T06:49:28+00:00,Ola Wiśniewska,WAW/OUT/00002,,history,,Cukiernia Stare Miasto,Poland,Kasia Nowak,Warsaw DC,768.00,EUR,Espresso Beans Ethiopia 1kg; Oat Milk Barista 12x1L
S00004,Invoice posted,2025-09-10T06:16:39+00:00,Anna Kowalczyk,INV/2025/00004,,history,2025-10-10,Cukiernia Stare Miasto,Poland,Kasia Nowak,Warsaw DC,768.00,EUR,Espresso Beans Ethiopia 1kg; Oat Milk Barista 12x1L
S00004,Payment received,2025-10-13T06:23:17+00:00,Anna Kowalczyk,INV/2025/00004,,history,,Cukiernia Stare Miasto,Poland,Kasia Nowak,Warsaw DC,768.00,EUR,Espresso Beans Ethiopia 1kg; Oat Milk Barista 12x1L
S00005,Quotation created,2025-09-03T12:03:26+00:00,Piotr Zieliński,S00005,,history,,Kawiarnia Rynek,Poland,Piotr Zieliński,Warsaw DC,1036.00,EUR,Decaf Colombia Beans 1kg; Green Tea Sencha 500g; Oat Milk Barista 12x1L
S00005,Quotation sent,2025-09-04T06:29:49+00:00,Piotr Zieliński,S00005,,history,,Kawiarnia Rynek,Poland,Piotr Zieliński,Warsaw DC,1036.00,EUR,Decaf Colombia Beans 1kg; Green Tea Sencha 500g; Oat Milk Barista 12x1L
S00005,Order confirmed,2025-09-08T06:42:45+00:00,Piotr Zieliński,S00005,,history,,Kawiarnia Rynek,Poland,Piotr Zieliński,Warsaw DC,1036.00,EUR,Decaf Colombia Beans 1kg; Green Tea Sencha 500g; Oat Milk Barista 12x1L
S00005,Goods shipped,2025-09-08T12:18:27+00:00,Ola Wiśniewska,WAW/OUT/00003,,history,,Kawiarnia Rynek,Poland,Piotr Zieliński,Warsaw DC,1036.00,EUR,Decaf Colombia Beans 1kg; Green Tea Sencha 500g; Oat Milk Barista 12x1L
S00005,Invoice posted,2025-09-11T06:55:32+00:00,Anna Kowalczyk,INV/2025/00005,,history,2025-10-11,Kawiarnia Rynek,Poland,Piotr Zieliński,Warsaw DC,1036.00,EUR,Decaf Colombia Beans 1kg; Green Tea Sencha 500g; Oat Milk Barista 12x1L
S00005,Payment received,2025-10-07T06:46:30+00:00,Anna Kowalczyk,INV/2025/00005,,history,,Kawiarnia Rynek,Poland,Piotr Zieliński,Warsaw DC,1036.00,EUR,Decaf Colombia Beans 1kg; Green Tea Sencha 500g; Oat Milk Barista 12x1L
S00006,Quotation created,2025-09-08T06:09:55+00:00,Tom Peeters,S00006,,history,,Espresso Point Wavre,Belgium,Tom Peeters,Brussels DC,90.00,EUR,Vanilla Syrup 1L
S00006,Quotation sent,2025-09-08T07:45:47+00:00,Tom Peeters,S00006,,history,,Espresso Point Wavre,Belgium,Tom Peeters,Brussels DC,90.00,EUR,Vanilla Syrup 1L
S00006,Order confirmed,2025-09-09T06:35:48+00:00,Tom Peeters,S00006,,history,,Espresso Point Wavre,Belgium,Tom Peeters,Brussels DC,90.00,EUR,Vanilla Syrup 1L
S00006,Goods shipped,2025-09-10T06:05:20+00:00,Marc Dubois,BRU/OUT/00003,,history,,Espresso Point Wavre,Belgium,Tom Peeters,Brussels DC,90.00,EUR,Vanilla Syrup 1L
S00006,Invoice posted,2025-09-11T07:26:28+00:00,Julie Martin,INV/2025/00006,,history,2025-10-11,Espresso Point Wavre,Belgium,Tom Peeters,Brussels DC,90.00,EUR,Vanilla Syrup 1L
S00006,Payment received,2025-09-16T07:26:08+00:00,Julie Martin,INV/2025/00006,,history,,Espresso Point Wavre,Belgium,Tom Peeters,Brussels DC,90.00,EUR,Vanilla Syrup 1L
S00007,Quotation created,2025-09-08T06:33:06+00:00,Sophie Lambert,S00007,,history,,Tearoom Duinen,Belgium,Sophie Lambert,Brussels DC,506.00,EUR,Espresso Beans Brazil 1kg; House Blend Beans 1kg; Oat Milk Barista 12x1L
S00007,Order confirmed,2025-09-09T06:52:07+00:00,Sophie Lambert,S00007,,history,,Tearoom Duinen,Belgium,Sophie Lambert,Brussels DC,506.00,EUR,Espresso Beans Brazil 1kg; House Blend Beans 1kg; Oat Milk Barista 12x1L
S00007,Goods shipped,2025-09-10T06:56:48+00:00,Marc Dubois,BRU/OUT/00004,,history,,Tearoom Duinen,Belgium,Sophie Lambert,Brussels DC,506.00,EUR,Espresso Beans Brazil 1kg; House Blend Beans 1kg; Oat Milk Barista 12x1L
S00007,Invoice posted,2025-09-11T07:28:57+00:00,Julie Martin,INV/2025/00007,,history,2025-10-11,Tearoom Duinen,Belgium,Sophie Lambert,Brussels DC,506.00,EUR,Espresso Beans Brazil 1kg; House Blend Beans 1kg; Oat Milk Barista 12x1L
S00007,Payment received,2025-10-10T06:27:37+00:00,Julie Martin,INV/2025/00007,,history,,Tearoom Duinen,Belgium,Sophie Lambert,Brussels DC,506.00,EUR,Espresso Beans Brazil 1kg; House Blend Beans 1kg; Oat Milk Barista 12x1L
S00008,Quotation created,2025-09-08T06:51:00+00:00,Kasia Nowak,S00008,,history,,Kawiarnia Rynek,Poland,Kasia Nowak,Warsaw DC,120.00,EUR,Earl Grey Tea 500g
S00008,Quotation sent,2025-09-08T09:57:13+00:00,Kasia Nowak,S00008,,history,,Kawiarnia Rynek,Poland,Kasia Nowak,Warsaw DC,120.00,EUR,Earl Grey Tea 500g
S00008,Order confirmed,2025-09-10T06:05:38+00:00,Kasia Nowak,S00008,,history,,Kawiarnia Rynek,Poland,Kasia Nowak,Warsaw DC,120.00,EUR,Earl Grey Tea 500g
S00008,Goods shipped,2025-09-11T06:39:40+00:00,Ola Wiśniewska,WAW/OUT/00005,,history,,Kawiarnia Rynek,Poland,Kasia Nowak,Warsaw DC,120.00,EUR,Earl Grey Tea 500g
S00008,Invoice posted,2025-09-12T08:08:02+00:00,Anna Kowalczyk,INV/2025/00010,,history,2025-10-12,Kawiarnia Rynek,Poland,Kasia Nowak,Warsaw DC,120.00,EUR,Earl Grey Tea 500g
S00008,Payment received,2025-10-20T06:36:53+00:00,Anna Kowalczyk,INV/2025/00010,,history,,Kawiarnia Rynek,Poland,Kasia Nowak,Warsaw DC,120.00,EUR,Earl Grey Tea 500g
S00009,Quotation created,2025-09-08T06:53:50+00:00,Piotr Zieliński,S00009,,history,,Hotel Nad Wisłą,Poland,Piotr Zieliński,Warsaw DC,225.00,EUR,Paper Cups 12oz x1000
S00009,Quotation sent,2025-09-08T09:27:00+00:00,Piotr Zieliński,S00009,,history,,Hotel Nad Wisłą,Poland,Piotr Zieliński,Warsaw DC,225.00,EUR,Paper Cups 12oz x1000
S00009,Order confirmed,2025-09-10T06:40:55+00:00,Piotr Zieliński,S00009,,history,,Hotel Nad Wisłą,Poland,Piotr Zieliński,Warsaw DC,225.00,EUR,Paper Cups 12oz x1000
S00009,Goods shipped,2025-09-11T06:13:29+00:00,Ola Wiśniewska,WAW/OUT/00006,,history,,Hotel Nad Wisłą,Poland,Piotr Zieliński,Warsaw DC,225.00,EUR,Paper Cups 12oz x1000
S00009,Invoice posted,2025-09-12T08:37:59+00:00,Anna Kowalczyk,INV/2025/00011,,history,2025-10-12,Hotel Nad Wisłą,Poland,Piotr Zieliński,Warsaw DC,225.00,EUR,Paper Cups 12oz x1000
S00009,Payment received,2025-11-28T09:21:55+00:00,Anna Kowalczyk,INV/2025/00011,,history,,Hotel Nad Wisłą,Poland,Piotr Zieliński,Warsaw DC,225.00,EUR,Paper Cups 12oz x1000
S00010,Quotation created,2025-09-08T07:21:14+00:00,Tom Peeters,S00010,,history,,Kantine Noord,Belgium,Tom Peeters,Brussels DC,1352.00,EUR,Chai Latte Mix 1kg; Espresso Beans Ethiopia 1kg; House Blend Beans 1kg
S00010,Quotation sent,2025-09-08T08:55:17+00:00,Tom Peeters,S00010,,history,,Kantine Noord,Belgium,Tom Peeters,Brussels DC,1352.00,EUR,Chai Latte Mix 1kg; Espresso Beans Ethiopia 1kg; House Blend Beans 1kg
S00010,Order confirmed,2025-09-10T09:18:12+00:00,Tom Peeters,S00010,,history,,Kantine Noord,Belgium,Tom Peeters,Brussels DC,1352.00,EUR,Chai Latte Mix 1kg; Espresso Beans Ethiopia 1kg; House Blend Beans 1kg
S00010,Goods shipped,2025-09-12T06:58:00+00:00,Marc Dubois,BRU/OUT/00006,,history,,Kantine Noord,Belgium,Tom Peeters,Brussels DC,1352.00,EUR,Chai Latte Mix 1kg; Espresso Beans Ethiopia 1kg; House Blend Beans 1kg
S00010,Invoice posted,2025-09-15T08:27:14+00:00,Julie Martin,INV/2025/00012,,history,2025-10-15,Kantine Noord,Belgium,Tom Peeters,Brussels DC,1352.00,EUR,Chai Latte Mix 1kg; Espresso Beans Ethiopia 1kg; House Blend Beans 1kg
S00010,Payment received,2025-10-10T06:21:32+00:00,Julie Martin,INV/2025/00012,,history,,Kantine Noord,Belgium,Tom Peeters,Brussels DC,1352.00,EUR,Chai Latte Mix 1kg; Espresso Beans Ethiopia 1kg; House Blend Beans 1kg
S00011,Quotation created,2025-09-08T11:26:19+00:00,Piotr Zieliński,S00011,,history,,Kawiarnia Rynek,Poland,Piotr Zieliński,Warsaw DC,90.00,EUR,Espresso Beans Brazil 1kg
S00011,Order confirmed,2025-09-09T06:02:21+00:00,Piotr Zieliński,S00011,,history,,Kawiarnia Rynek,Poland,Piotr Zieliński,Warsaw DC,90.00,EUR,Espresso Beans Brazil 1kg
S00011,Goods shipped,2025-09-10T06:17:49+00:00,Ola Wiśniewska,WAW/OUT/00004,,history,,Kawiarnia Rynek,Poland,Piotr Zieliński,Warsaw DC,90.00,EUR,Espresso Beans Brazil 1kg
S00011,Invoice posted,2025-09-11T09:55:52+00:00,Anna Kowalczyk,INV/2025/00008,,history,2025-10-11,Kawiarnia Rynek,Poland,Piotr Zieliński,Warsaw DC,90.00,EUR,Espresso Beans Brazil 1kg
S00011,Payment received,2025-10-27T07:24:49+00:00,Anna Kowalczyk,INV/2025/00008,,history,,Kawiarnia Rynek,Poland,Piotr Zieliński,Warsaw DC,90.00,EUR,Espresso Beans Brazil 1kg
S00012,Quotation created,2025-09-09T06:16:13+00:00,Sophie Lambert,S00012,,history,,Hotel Horizon Namur,Belgium,Sophie Lambert,Brussels DC,656.00,EUR,Cup Lids x1000; Espresso Beans Ethiopia 1kg; Vanilla Syrup 1L
S00012,Quotation sent,2025-09-09T06:54:50+00:00,Sophie Lambert,S00012,,history,,Hotel Horizon Namur,Belgium,Sophie Lambert,Brussels DC,656.00,EUR,Cup Lids x1000; Espresso Beans Ethiopia 1kg; Vanilla Syrup 1L
S00012,Order confirmed,2025-09-10T06:49:26+00:00,Sophie Lambert,S00012,,history,,Hotel Horizon Namur,Belgium,Sophie Lambert,Brussels DC,656.00,EUR,Cup Lids x1000; Espresso Beans Ethiopia 1kg; Vanilla Syrup 1L
S00012,Goods shipped,2025-09-11T09:08:34+00:00,Marc Dubois,BRU/OUT/00005,,history,,Hotel Horizon Namur,Belgium,Sophie Lambert,Brussels DC,656.00,EUR,Cup Lids x1000; Espresso Beans Ethiopia 1kg; Vanilla Syrup 1L
S00012,Invoice posted,2025-09-12T07:53:13+00:00,Julie Martin,INV/2025/00009,,history,2025-10-12,Hotel Horizon Namur,Belgium,Sophie Lambert,Brussels DC,656.00,EUR,Cup Lids x1000; Espresso Beans Ethiopia 1kg; Vanilla Syrup 1L
S00012,Payment received,2025-10-13T06:20:25+00:00,Julie Martin,INV/2025/00009,,history,,Hotel Horizon Namur,Belgium,Sophie Lambert,Brussels DC,656.00,EUR,Cup Lids x1000; Espresso Beans Ethiopia 1kg; Vanilla Syrup 1L
S00013,Quotation created,2025-09-09T13:49:43+00:00,Tom Peeters,S00013,,history,,Campus Kitchen Louvain,Belgium,Tom Peeters,Brussels DC,768.00,EUR,Barista Apron; Ground Coffee 250g; House Blend Beans 1kg
S00013,Quotation sent,2025-09-10T06:00:12+00:00,Tom Peeters,S00013,,history,,Campus Kitchen Louvain,Belgium,Tom Peeters,Brussels DC,768.00,EUR,Barista Apron; Ground Coffee 250g; House Blend Beans 1kg
S00013,Order confirmed,2025-09-16T15:30:57+00:00,Tom Peeters,S00013,,history,,Campus Kitchen Louvain,Belgium,Tom Peeters,Brussels DC,768.00,EUR,Barista Apron; Ground Coffee 250g; House Blend Beans 1kg
S00013,Goods shipped,2025-09-18T06:07:58+00:00,Marc Dubois,BRU/OUT/00007,,history,,Campus Kitchen Louvain,Belgium,Tom Peeters,Brussels DC,768.00,EUR,Barista Apron; Ground Coffee 250g; House Blend Beans 1kg
S00013,Invoice posted,2025-09-19T07:39:45+00:00,Julie Martin,INV/2025/00016,,history,2025-10-19,Campus Kitchen Louvain,Belgium,Tom Peeters,Brussels DC,768.00,EUR,Barista Apron; Ground Coffee 250g; House Blend Beans 1kg
S00013,Payment received,2025-10-20T06:50:02+00:00,Julie Martin,INV/2025/00016,,history,,Campus Kitchen Louvain,Belgium,Tom Peeters,Brussels DC,768.00,EUR,Barista Apron; Ground Coffee 250g; House Blend Beans 1kg
S00014,Quotation created,2025-09-09T15:26:10+00:00,Piotr Zieliński,S00014,,history,,Coworking Praga,Poland,Piotr Zieliński,Warsaw DC,688.00,EUR,Espresso Beans Ethiopia 1kg; Oat Milk Barista 12x1L
S00014,Quotation sent,2025-09-10T06:32:17+00:00,Piotr Zieliński,S00014,,history,,Coworking Praga,Poland,Piotr Zieliński,Warsaw DC,688.00,EUR,Espresso Beans Ethiopia 1kg; Oat Milk Barista 12x1L
S00014,Order confirmed,2025-09-11T06:41:15+00:00,Piotr Zieliński,S00014,,history,,Coworking Praga,Poland,Piotr Zieliński,Warsaw DC,688.00,EUR,Espresso Beans Ethiopia 1kg; Oat Milk Barista 12x1L
S00014,Goods shipped,2025-09-15T06:02:17+00:00,Ola Wiśniewska,WAW/OUT/00007,,history,,Coworking Praga,Poland,Piotr Zieliński,Warsaw DC,688.00,EUR,Espresso Beans Ethiopia 1kg; Oat Milk Barista 12x1L
S00014,Invoice posted,2025-09-17T07:46:08+00:00,Anna Kowalczyk,INV/2025/00013,,history,2025-10-17,Coworking Praga,Poland,Piotr Zieliński,Warsaw DC,688.00,EUR,Espresso Beans Ethiopia 1kg; Oat Milk Barista 12x1L
S00014,Payment received,2025-11-26T07:19:24+00:00,Anna Kowalczyk,INV/2025/00013,,history,,Coworking Praga,Poland,Piotr Zieliński,Warsaw DC,688.00,EUR,Espresso Beans Ethiopia 1kg; Oat Milk Barista 12x1L
S00015,Quotation created,2025-09-11T06:21:58+00:00,Kasia Nowak,S00015,,history,,Restauracja Odra,Poland,Kasia Nowak,Warsaw DC,96.00,EUR,House Blend Beans 1kg
S00015,Quotation sent,2025-09-11T11:15:21+00:00,Kasia Nowak,S00015,,history,,Restauracja Odra,Poland,Kasia Nowak,Warsaw DC,96.00,EUR,House Blend Beans 1kg
S00015,Order confirmed,2025-09-18T06:13:49+00:00,Kasia Nowak,S00015,,history,,Restauracja Odra,Poland,Kasia Nowak,Warsaw DC,96.00,EUR,House Blend Beans 1kg
S00015,Goods shipped,2025-09-19T06:04:23+00:00,Ola Wiśniewska,WAW/OUT/00011,,history,,Restauracja Odra,Poland,Kasia Nowak,Warsaw DC,96.00,EUR,House Blend Beans 1kg
S00015,Invoice posted,2025-09-22T07:22:10+00:00,Anna Kowalczyk,INV/2025/00019,,history,2025-10-22,Restauracja Odra,Poland,Kasia Nowak,Warsaw DC,96.00,EUR,House Blend Beans 1kg
S00015,Payment received,2025-11-11T07:20:11+00:00,Anna Kowalczyk,INV/2025/00019,,history,,Restauracja Odra,Poland,Kasia Nowak,Warsaw DC,96.00,EUR,House Blend Beans 1kg
S00016,Quotation created,2025-09-12T14:59:08+00:00,Kasia Nowak,S00016,,history,,Biuro Centrum Wola,Poland,Kasia Nowak,Warsaw DC,126.00,EUR,Espresso Beans Brazil 1kg; Ground Coffee 250g
S00016,Quotation sent,2025-09-15T06:41:01+00:00,Kasia Nowak,S00016,,history,,Biuro Centrum Wola,Poland,Kasia Nowak,Warsaw DC,126.00,EUR,Espresso Beans Brazil 1kg; Ground Coffee 250g
S00016,Order confirmed,2025-09-17T06:02:21+00:00,Kasia Nowak,S00016,,history,,Biuro Centrum Wola,Poland,Kasia Nowak,Warsaw DC,126.00,EUR,Espresso Beans Brazil 1kg; Ground Coffee 250g
S00016,Goods shipped,2025-09-18T06:42:44+00:00,Ola Wiśniewska,WAW/OUT/00009,,history,,Biuro Centrum Wola,Poland,Kasia Nowak,Warsaw DC,126.00,EUR,Espresso Beans Brazil 1kg; Ground Coffee 250g
S00016,Invoice posted,2025-09-22T09:18:19+00:00,Anna Kowalczyk,INV/2025/00022,,history,2025-10-22,Biuro Centrum Wola,Poland,Kasia Nowak,Warsaw DC,126.00,EUR,Espresso Beans Brazil 1kg; Ground Coffee 250g
S00016,Payment received,2025-10-13T12:31:30+00:00,Anna Kowalczyk,INV/2025/00022,,history,,Biuro Centrum Wola,Poland,Kasia Nowak,Warsaw DC,126.00,EUR,Espresso Beans Brazil 1kg; Ground Coffee 250g
S00017,Quotation created,2025-09-15T06:03:12+00:00,Tom Peeters,S00017,,history,,Hotel Lindenhof,Belgium,Tom Peeters,Brussels DC,1200.00,EUR,Cup Lids x1000; Earl Grey Tea 500g; Oat Milk Barista 12x1L; Paper Cups 12oz x1000
S00017,Quotation sent,2025-09-15T10:49:18+00:00,Tom Peeters,S00017,,history,,Hotel Lindenhof,Belgium,Tom Peeters,Brussels DC,1200.00,EUR,Cup Lids x1000; Earl Grey Tea 500g; Oat Milk Barista 12x1L; Paper Cups 12oz x1000
S00017,Order confirmed,2025-09-18T06:34:02+00:00,Tom Peeters,S00017,,history,,Hotel Lindenhof,Belgium,Tom Peeters,Brussels DC,1200.00,EUR,Cup Lids x1000; Earl Grey Tea 500g; Oat Milk Barista 12x1L; Paper Cups 12oz x1000
S00017,Goods shipped,2025-09-19T08:04:43+00:00,Marc Dubois,BRU/OUT/00009,,history,,Hotel Lindenhof,Belgium,Tom Peeters,Brussels DC,1200.00,EUR,Cup Lids x1000; Earl Grey Tea 500g; Oat Milk Barista 12x1L; Paper Cups 12oz x1000
S00017,Invoice posted,2025-09-22T08:30:15+00:00,Julie Martin,INV/2025/00021,,history,2025-10-22,Hotel Lindenhof,Belgium,Tom Peeters,Brussels DC,1200.00,EUR,Cup Lids x1000; Earl Grey Tea 500g; Oat Milk Barista 12x1L; Paper Cups 12oz x1000
S00017,Payment received,2025-10-13T06:44:18+00:00,Julie Martin,INV/2025/00021,,history,,Hotel Lindenhof,Belgium,Tom Peeters,Brussels DC,1200.00,EUR,Cup Lids x1000; Earl Grey Tea 500g; Oat Milk Barista 12x1L; Paper Cups 12oz x1000
S00018,Quotation created,2025-09-15T06:42:16+00:00,Piotr Zieliński,S00018,,history,,Kawiarnia Ogród,Poland,Piotr Zieliński,Warsaw DC,144.00,EUR,Ground Coffee 250g
S00018,Order confirmed,2025-09-17T06:46:33+00:00,Piotr Zieliński,S00018,,history,,Kawiarnia Ogród,Poland,Piotr Zieliński,Warsaw DC,144.00,EUR,Ground Coffee 250g
S00018,Goods shipped,2025-09-18T06:07:15+00:00,Ola Wiśniewska,WAW/OUT/00010,,history,,Kawiarnia Ogród,Poland,Piotr Zieliński,Warsaw DC,144.00,EUR,Ground Coffee 250g
S00018,Invoice posted,2025-09-22T08:21:23+00:00,Anna Kowalczyk,INV/2025/00020,,history,2025-10-22,Kawiarnia Ogród,Poland,Piotr Zieliński,Warsaw DC,144.00,EUR,Ground Coffee 250g
S00018,Payment received,2025-10-07T08:26:36+00:00,Anna Kowalczyk,INV/2025/00020,,history,,Kawiarnia Ogród,Poland,Piotr Zieliński,Warsaw DC,144.00,EUR,Ground Coffee 250g
S00019,Quotation created,2025-09-15T13:29:40+00:00,Kasia Nowak,S00019,,history,,Restauracja Odra,Poland,Kasia Nowak,Warsaw DC,385.00,EUR,Espresso Beans Ethiopia 1kg; House Blend Beans 1kg; Paper Cups 12oz x1000
S00019,Order confirmed,2025-09-16T06:46:58+00:00,Kasia Nowak,S00019,,history,,Restauracja Odra,Poland,Kasia Nowak,Warsaw DC,385.00,EUR,Espresso Beans Ethiopia 1kg; House Blend Beans 1kg; Paper Cups 12oz x1000
S00019,Goods shipped,2025-09-17T06:03:51+00:00,Ola Wiśniewska,WAW/OUT/00008,,history,,Restauracja Odra,Poland,Kasia Nowak,Warsaw DC,385.00,EUR,Espresso Beans Ethiopia 1kg; House Blend Beans 1kg; Paper Cups 12oz x1000
S00019,Invoice posted,2025-09-18T08:56:24+00:00,Anna Kowalczyk,INV/2025/00015,,history,2025-10-18,Restauracja Odra,Poland,Kasia Nowak,Warsaw DC,385.00,EUR,Espresso Beans Ethiopia 1kg; House Blend Beans 1kg; Paper Cups 12oz x1000
S00019,Payment received,2025-11-25T07:25:05+00:00,Anna Kowalczyk,INV/2025/00015,,history,,Restauracja Odra,Poland,Kasia Nowak,Warsaw DC,385.00,EUR,Espresso Beans Ethiopia 1kg; House Blend Beans 1kg; Paper Cups 12oz x1000
S00020,Quotation created,2025-09-15T14:58:05+00:00,Sophie Lambert,S00020,,history,,Tearoom Duinen,Belgium,Sophie Lambert,Brussels DC,199.00,EUR,Chai Latte Mix 1kg; Espresso Beans Brazil 1kg; House Blend Beans 1kg
S00020,Quotation sent,2025-09-15T15:24:46+00:00,Sophie Lambert,S00020,,history,,Tearoom Duinen,Belgium,Sophie Lambert,Brussels DC,199.00,EUR,Chai Latte Mix 1kg; Espresso Beans Brazil 1kg; House Blend Beans 1kg
S00020,Order cancelled,2025-10-13T06:40:49+00:00,Sophie Lambert,S00020,,history,,Tearoom Duinen,Belgium,Sophie Lambert,Brussels DC,199.00,EUR,Chai Latte Mix 1kg; Espresso Beans Brazil 1kg; House Blend Beans 1kg
S00021,Quotation created,2025-09-16T08:47:13+00:00,Piotr Zieliński,S00021,,history,,Kawiarnia Mokotów,Poland,Piotr Zieliński,Warsaw DC,516.00,EUR,Decaf Colombia Beans 1kg; Espresso Beans Ethiopia 1kg
S00021,Quotation sent,2025-09-16T14:27:46+00:00,Piotr Zieliński,S00021,,history,,Kawiarnia Mokotów,Poland,Piotr Zieliński,Warsaw DC,516.00,EUR,Decaf Colombia Beans 1kg; Espresso Beans Ethiopia 1kg
S00021,Order confirmed,2025-09-18T07:49:42+00:00,Piotr Zieliński,S00021,,history,,Kawiarnia Mokotów,Poland,Piotr Zieliński,Warsaw DC,516.00,EUR,Decaf Colombia Beans 1kg; Espresso Beans Ethiopia 1kg
S00021,Goods shipped,2025-09-19T06:33:08+00:00,Ola Wiśniewska,WAW/OUT/00012,,history,,Kawiarnia Mokotów,Poland,Piotr Zieliński,Warsaw DC,516.00,EUR,Decaf Colombia Beans 1kg; Espresso Beans Ethiopia 1kg
S00021,Invoice posted,2025-09-22T06:24:22+00:00,Anna Kowalczyk,INV/2025/00017,,history,2025-10-22,Kawiarnia Mokotów,Poland,Piotr Zieliński,Warsaw DC,516.00,EUR,Decaf Colombia Beans 1kg; Espresso Beans Ethiopia 1kg
S00021,Payment received,2025-10-21T06:44:36+00:00,Anna Kowalczyk,INV/2025/00017,,history,,Kawiarnia Mokotów,Poland,Piotr Zieliński,Warsaw DC,516.00,EUR,Decaf Colombia Beans 1kg; Espresso Beans Ethiopia 1kg
S00022,Quotation created,2025-09-16T08:48:47+00:00,Sophie Lambert,S00022,,history,,Espresso Point Wavre,Belgium,Sophie Lambert,Brussels DC,2508.00,EUR,Espresso Beans Ethiopia 1kg; Espresso Machine Pro; Ground Coffee 250g
S00022,Order confirmed,2025-09-17T06:51:06+00:00,Sophie Lambert,S00022,,history,,Espresso Point Wavre,Belgium,Sophie Lambert,Brussels DC,2508.00,EUR,Espresso Beans Ethiopia 1kg; Espresso Machine Pro; Ground Coffee 250g
S00022,Goods shipped,2025-09-17T13:34:40+00:00,Marc Dubois,BRU/OUT/00008,,history,,Espresso Point Wavre,Belgium,Sophie Lambert,Brussels DC,2508.00,EUR,Espresso Beans Ethiopia 1kg; Espresso Machine Pro; Ground Coffee 250g
S00022,Invoice posted,2025-09-18T07:30:22+00:00,Julie Martin,INV/2025/00014,,history,2025-10-18,Espresso Point Wavre,Belgium,Sophie Lambert,Brussels DC,2508.00,EUR,Espresso Beans Ethiopia 1kg; Espresso Machine Pro; Ground Coffee 250g
S00022,Payment received,2025-10-08T11:05:18+00:00,Julie Martin,INV/2025/00014,,history,,Espresso Point Wavre,Belgium,Sophie Lambert,Brussels DC,2508.00,EUR,Espresso Beans Ethiopia 1kg; Espresso Machine Pro; Ground Coffee 250g
S00023,Quotation created,2025-09-16T11:07:19+00:00,Kasia Nowak,S00023,,history,,Restauracja Odra,Poland,Kasia Nowak,Warsaw DC,874.00,EUR,Decaf Colombia Beans 1kg; Descaler Tablets x10; House Blend Beans 1kg
S00023,Quotation sent,2025-09-17T06:31:59+00:00,Kasia Nowak,S00023,,history,,Restauracja Odra,Poland,Kasia Nowak,Warsaw DC,874.00,EUR,Decaf Colombia Beans 1kg; Descaler Tablets x10; House Blend Beans 1kg
S00023,Order confirmed,2025-09-19T06:54:15+00:00,Kasia Nowak,S00023,,history,,Restauracja Odra,Poland,Kasia Nowak,Warsaw DC,874.00,EUR,Decaf Colombia Beans 1kg; Descaler Tablets x10; House Blend Beans 1kg
S00023,Goods shipped,2025-09-23T12:10:00+00:00,Ola Wiśniewska,WAW/OUT/00013,,history,,Restauracja Odra,Poland,Kasia Nowak,Warsaw DC,874.00,EUR,Decaf Colombia Beans 1kg; Descaler Tablets x10; House Blend Beans 1kg
S00023,Invoice posted,2025-09-26T13:54:50+00:00,Anna Kowalczyk,INV/2025/00032,,history,2025-10-26,Restauracja Odra,Poland,Kasia Nowak,Warsaw DC,874.00,EUR,Decaf Colombia Beans 1kg; Descaler Tablets x10; House Blend Beans 1kg
S00023,Payment received,2025-12-22T07:27:31+00:00,Anna Kowalczyk,INV/2025/00032,,history,,Restauracja Odra,Poland,Kasia Nowak,Warsaw DC,874.00,EUR,Decaf Colombia Beans 1kg; Descaler Tablets x10; House Blend Beans 1kg
S00024,Quotation created,2025-09-17T07:01:39+00:00,Piotr Zieliński,S00024,,history,,Cukiernia Stare Miasto,Poland,Piotr Zieliński,Warsaw DC,270.00,EUR,Espresso Beans Brazil 1kg; Paper Cups 12oz x1000
S00024,Quotation sent,2025-09-17T12:29:31+00:00,Piotr Zieliński,S00024,,history,,Cukiernia Stare Miasto,Poland,Piotr Zieliński,Warsaw DC,270.00,EUR,Espresso Beans Brazil 1kg; Paper Cups 12oz x1000
S00024,Order confirmed,2025-09-22T06:27:57+00:00,Piotr Zieliński,S00024,,history,,Cukiernia Stare Miasto,Poland,Piotr Zieliński,Warsaw DC,270.00,EUR,Espresso Beans Brazil 1kg; Paper Cups 12oz x1000
S00024,Goods shipped,2025-09-23T06:37:43+00:00,Ola Wiśniewska,WAW/OUT/00015,,history,,Cukiernia Stare Miasto,Poland,Piotr Zieliński,Warsaw DC,270.00,EUR,Espresso Beans Brazil 1kg; Paper Cups 12oz x1000
S00024,Invoice posted,2025-09-25T06:15:16+00:00,Anna Kowalczyk,INV/2025/00026,,history,2025-10-25,Cukiernia Stare Miasto,Poland,Piotr Zieliński,Warsaw DC,270.00,EUR,Espresso Beans Brazil 1kg; Paper Cups 12oz x1000
S00024,Payment received,2025-11-03T07:00:07+00:00,Anna Kowalczyk,INV/2025/00026,,history,,Cukiernia Stare Miasto,Poland,Piotr Zieliński,Warsaw DC,270.00,EUR,Espresso Beans Brazil 1kg; Paper Cups 12oz x1000
S00025,Quotation created,2025-09-17T07:31:56+00:00,Tom Peeters,S00025,,history,,Salon Mosan,Belgium,Tom Peeters,Brussels DC,456.00,EUR,Earl Grey Tea 500g; Oat Milk Barista 12x1L
S00025,Quotation sent,2025-09-17T10:24:19+00:00,Tom Peeters,S00025,,history,,Salon Mosan,Belgium,Tom Peeters,Brussels DC,456.00,EUR,Earl Grey Tea 500g; Oat Milk Barista 12x1L
S00025,Order confirmed,2025-09-18T09:22:50+00:00,Tom Peeters,S00025,,history,,Salon Mosan,Belgium,Tom Peeters,Brussels DC,456.00,EUR,Earl Grey Tea 500g; Oat Milk Barista 12x1L
S00025,Goods shipped,2025-09-19T06:32:01+00:00,Marc Dubois,BRU/OUT/00010,,history,,Salon Mosan,Belgium,Tom Peeters,Brussels DC,456.00,EUR,Earl Grey Tea 500g; Oat Milk Barista 12x1L
S00025,Invoice posted,2025-09-22T07:13:30+00:00,Julie Martin,INV/2025/00018,,history,2025-10-22,Salon Mosan,Belgium,Tom Peeters,Brussels DC,456.00,EUR,Earl Grey Tea 500g; Oat Milk Barista 12x1L
S00025,Payment received,2025-12-22T07:49:20+00:00,Julie Martin,INV/2025/00018,,history,,Salon Mosan,Belgium,Tom Peeters,Brussels DC,456.00,EUR,Earl Grey Tea 500g; Oat Milk Barista 12x1L
S00026,Quotation created,2025-09-18T06:29:53+00:00,Sophie Lambert,S00026,,history,,Lunchbar Kouter,Belgium,Sophie Lambert,Brussels DC,858.00,EUR,Cup Lids x1000; Espresso Beans Brazil 1kg
S00026,Order confirmed,2025-09-19T06:47:37+00:00,Sophie Lambert,S00026,,history,,Lunchbar Kouter,Belgium,Sophie Lambert,Brussels DC,858.00,EUR,Cup Lids x1000; Espresso Beans Brazil 1kg
S00026,Order changed after confirmation,2025-09-22T06:42:24+00:00,Sophie Lambert,S00026,amount 660.00 -> 858.00,history,,Lunchbar Kouter,Belgium,Sophie Lambert,Brussels DC,858.00,EUR,Cup Lids x1000; Espresso Beans Brazil 1kg
S00026,Goods shipped,2025-09-22T06:57:44+00:00,Marc Dubois,BRU/OUT/00011,,history,,Lunchbar Kouter,Belgium,Sophie Lambert,Brussels DC,858.00,EUR,Cup Lids x1000; Espresso Beans Brazil 1kg
S00026,Invoice posted,2025-09-23T06:12:41+00:00,Julie Martin,INV/2025/00023,,history,2025-10-23,Lunchbar Kouter,Belgium,Sophie Lambert,Brussels DC,858.00,EUR,Cup Lids x1000; Espresso Beans Brazil 1kg
S00026,Payment received,2025-10-17T06:55:05+00:00,Julie Martin,INV/2025/00023,,history,,Lunchbar Kouter,Belgium,Sophie Lambert,Brussels DC,858.00,EUR,Cup Lids x1000; Espresso Beans Brazil 1kg
S00027,Quotation created,2025-09-18T07:40:22+00:00,Piotr Zieliński,S00027,,history,,Hotel Poznań Park,Poland,Piotr Zieliński,Warsaw DC,552.00,EUR,Espresso Beans Ethiopia 1kg; Ground Coffee 250g
S00027,Order cancelled,2025-10-13T06:37:21+00:00,Piotr Zieliński,S00027,,history,,Hotel Poznań Park,Poland,Piotr Zieliński,Warsaw DC,552.00,EUR,Espresso Beans Ethiopia 1kg; Ground Coffee 250g
S00028,Quotation created,2025-09-18T07:58:48+00:00,Piotr Zieliński,S00028,,history,,Coworking Praga,Poland,Piotr Zieliński,Warsaw DC,2592.00,EUR,Espresso Machine Pro; House Blend Beans 1kg
S00028,Quotation sent,2025-09-18T11:09:48+00:00,Piotr Zieliński,S00028,,history,,Coworking Praga,Poland,Piotr Zieliński,Warsaw DC,2592.00,EUR,Espresso Machine Pro; House Blend Beans 1kg
S00028,Order confirmed,2025-09-25T06:33:57+00:00,Piotr Zieliński,S00028,,history,,Coworking Praga,Poland,Piotr Zieliński,Warsaw DC,2592.00,EUR,Espresso Machine Pro; House Blend Beans 1kg
S00028,Order cancelled,2025-09-29T06:13:52+00:00,Piotr Zieliński,S00028,,history,,Coworking Praga,Poland,Piotr Zieliński,Warsaw DC,2592.00,EUR,Espresso Machine Pro; House Blend Beans 1kg
S00029,Quotation created,2025-09-18T08:05:58+00:00,Tom Peeters,S00029,,history,,Business Park Diegem,Belgium,Tom Peeters,Brussels DC,489.00,EUR,Chai Latte Mix 1kg; Espresso Beans Brazil 1kg
S00029,Quotation sent,2025-09-18T12:39:11+00:00,Tom Peeters,S00029,,history,,Business Park Diegem,Belgium,Tom Peeters,Brussels DC,489.00,EUR,Chai Latte Mix 1kg; Espresso Beans Brazil 1kg
S00029,Order confirmed,2025-09-19T10:01:17+00:00,Tom Peeters,S00029,,history,,Business Park Diegem,Belgium,Tom Peeters,Brussels DC,489.00,EUR,Chai Latte Mix 1kg; Espresso Beans Brazil 1kg
S00029,Order changed after confirmation,2025-09-20T20:16:04+00:00,Tom Peeters,S00029,amount 470.00 -> 489.00,history,,Business Park Diegem,Belgium,Tom Peeters,Brussels DC,489.00,EUR,Chai Latte Mix 1kg; Espresso Beans Brazil 1kg
S00029,Goods shipped,2025-09-22T06:30:51+00:00,Marc Dubois,BRU/OUT/00012,,history,,Business Park Diegem,Belgium,Tom Peeters,Brussels DC,489.00,EUR,Chai Latte Mix 1kg; Espresso Beans Brazil 1kg
S00029,Invoice posted,2025-09-23T08:21:14+00:00,Julie Martin,INV/2025/00024,,history,2025-10-23,Business Park Diegem,Belgium,Tom Peeters,Brussels DC,489.00,EUR,Chai Latte Mix 1kg; Espresso Beans Brazil 1kg
S00029,Payment received,2025-10-16T06:51:35+00:00,Julie Martin,INV/2025/00024,,history,,Business Park Diegem,Belgium,Tom Peeters,Brussels DC,489.00,EUR,Chai Latte Mix 1kg; Espresso Beans Brazil 1kg
S00030,Quotation created,2025-09-19T09:27:24+00:00,Kasia Nowak,S00030,,history,,Cukiernia Stare Miasto,Poland,Kasia Nowak,Warsaw DC,1074.00,EUR,Descaler Tablets x10; House Blend Beans 1kg; Oat Milk Barista 12x1L
S00030,Quotation sent,2025-09-19T12:48:42+00:00,Kasia Nowak,S00030,,history,,Cukiernia Stare Miasto,Poland,Kasia Nowak,Warsaw DC,1074.00,EUR,Descaler Tablets x10; House Blend Beans 1kg; Oat Milk Barista 12x1L
S00030,Order confirmed,2025-09-22T06:19:49+00:00,Kasia Nowak,S00030,,history,,Cukiernia Stare Miasto,Poland,Kasia Nowak,Warsaw DC,1074.00,EUR,Descaler Tablets x10; House Blend Beans 1kg; Oat Milk Barista 12x1L
S00030,Goods shipped,2025-09-23T13:30:11+00:00,Ola Wiśniewska,WAW/OUT/00014,,history,,Cukiernia Stare Miasto,Poland,Kasia Nowak,Warsaw DC,1074.00,EUR,Descaler Tablets x10; House Blend Beans 1kg; Oat Milk Barista 12x1L
S00030,Invoice posted,2025-09-26T11:36:33+00:00,Anna Kowalczyk,INV/2025/00031,,history,2025-10-26,Cukiernia Stare Miasto,Poland,Kasia Nowak,Warsaw DC,1074.00,EUR,Descaler Tablets x10; House Blend Beans 1kg; Oat Milk Barista 12x1L
S00030,Payment received,2025-10-27T07:00:36+00:00,Anna Kowalczyk,INV/2025/00031,,history,,Cukiernia Stare Miasto,Poland,Kasia Nowak,Warsaw DC,1074.00,EUR,Descaler Tablets x10; House Blend Beans 1kg; Oat Milk Barista 12x1L
S00031,Quotation created,2025-09-22T06:05:49+00:00,Tom Peeters,S00031,,history,,Hotel Horizon Namur,Belgium,Tom Peeters,Brussels DC,156.00,EUR,Earl Grey Tea 500g; Ground Coffee 250g
S00031,Quotation sent,2025-09-22T10:47:22+00:00,Tom Peeters,S00031,,history,,Hotel Horizon Namur,Belgium,Tom Peeters,Brussels DC,156.00,EUR,Earl Grey Tea 500g; Ground Coffee 250g
S00031,Order confirmed,2025-09-23T06:07:55+00:00,Tom Peeters,S00031,,history,,Hotel Horizon Namur,Belgium,Tom Peeters,Brussels DC,156.00,EUR,Earl Grey Tea 500g; Ground Coffee 250g
S00031,Order changed after confirmation,2025-09-24T06:24:03+00:00,Tom Peeters,S00031,amount 144.00 -> 156.00,history,,Hotel Horizon Namur,Belgium,Tom Peeters,Brussels DC,156.00,EUR,Earl Grey Tea 500g; Ground Coffee 250g
S00031,Goods shipped,2025-09-24T15:28:59+00:00,Marc Dubois,BRU/OUT/00013,,history,,Hotel Horizon Namur,Belgium,Tom Peeters,Brussels DC,156.00,EUR,Earl Grey Tea 500g; Ground Coffee 250g
S00031,Invoice posted,2025-09-25T07:41:09+00:00,Julie Martin,INV/2025/00027,,history,2025-10-25,Hotel Horizon Namur,Belgium,Tom Peeters,Brussels DC,156.00,EUR,Earl Grey Tea 500g; Ground Coffee 250g
S00031,Payment received,2025-10-20T06:25:28+00:00,Julie Martin,INV/2025/00027,,history,,Hotel Horizon Namur,Belgium,Tom Peeters,Brussels DC,156.00,EUR,Earl Grey Tea 500g; Ground Coffee 250g
S00032,Quotation created,2025-09-22T06:08:12+00:00,Tom Peeters,S00032,,history,,Campus Kitchen Louvain,Belgium,Tom Peeters,Brussels DC,708.00,EUR,Espresso Beans Brazil 1kg; House Blend Beans 1kg; Oat Milk Barista 12x1L
S00032,Quotation sent,2025-09-22T07:32:51+00:00,Tom Peeters,S00032,,history,,Campus Kitchen Louvain,Belgium,Tom Peeters,Brussels DC,708.00,EUR,Espresso Beans Brazil 1kg; House Blend Beans 1kg; Oat Milk Barista 12x1L
S00032,Order confirmed,2025-09-23T06:16:58+00:00,Tom Peeters,S00032,,history,,Campus Kitchen Louvain,Belgium,Tom Peeters,Brussels DC,708.00,EUR,Espresso Beans Brazil 1kg; House Blend Beans 1kg; Oat Milk Barista 12x1L
S00032,Goods shipped,2025-09-24T06:02:16+00:00,Marc Dubois,BRU/OUT/00014,,history,,Campus Kitchen Louvain,Belgium,Tom Peeters,Brussels DC,708.00,EUR,Espresso Beans Brazil 1kg; House Blend Beans 1kg; Oat Milk Barista 12x1L
S00032,Invoice posted,2025-09-25T08:59:10+00:00,Julie Martin,INV/2025/00028,,history,2025-10-25,Campus Kitchen Louvain,Belgium,Tom Peeters,Brussels DC,708.00,EUR,Espresso Beans Brazil 1kg; House Blend Beans 1kg; Oat Milk Barista 12x1L
S00032,Payment received,2025-10-13T06:05:42+00:00,Julie Martin,INV/2025/00028,,history,,Campus Kitchen Louvain,Belgium,Tom Peeters,Brussels DC,708.00,EUR,Espresso Beans Brazil 1kg; House Blend Beans 1kg; Oat Milk Barista 12x1L
S00033,Quotation created,2025-09-22T06:12:53+00:00,Tom Peeters,S00033,,history,,Tearoom Duinen,Belgium,Tom Peeters,Brussels DC,336.00,EUR,Oat Milk Barista 12x1L
S00033,Quotation sent,2025-09-22T11:17:40+00:00,Tom Peeters,S00033,,history,,Tearoom Duinen,Belgium,Tom Peeters,Brussels DC,336.00,EUR,Oat Milk Barista 12x1L
S00033,Order cancelled,2025-10-23T06:00:15+00:00,Tom Peeters,S00033,,history,,Tearoom Duinen,Belgium,Tom Peeters,Brussels DC,336.00,EUR,Oat Milk Barista 12x1L
S00034,Quotation created,2025-09-22T06:18:15+00:00,Tom Peeters,S00034,,history,,Office Hub Leuven,Belgium,Tom Peeters,Brussels DC,532.00,EUR,Oat Milk Barista 12x1L
S00034,Quotation sent,2025-09-22T07:50:48+00:00,Tom Peeters,S00034,,history,,Office Hub Leuven,Belgium,Tom Peeters,Brussels DC,532.00,EUR,Oat Milk Barista 12x1L
S00034,Order confirmed,2025-09-23T06:37:20+00:00,Tom Peeters,S00034,,history,,Office Hub Leuven,Belgium,Tom Peeters,Brussels DC,532.00,EUR,Oat Milk Barista 12x1L
S00034,Order changed after confirmation,2025-09-23T10:35:06+00:00,Tom Peeters,S00034,amount 336.00 -> 532.00,history,,Office Hub Leuven,Belgium,Tom Peeters,Brussels DC,532.00,EUR,Oat Milk Barista 12x1L
S00034,Goods shipped,2025-09-24T11:53:51+00:00,Marc Dubois,BRU/OUT/00015,,history,,Office Hub Leuven,Belgium,Tom Peeters,Brussels DC,532.00,EUR,Oat Milk Barista 12x1L
S00034,Invoice posted,2025-09-25T09:59:46+00:00,Julie Martin,INV/2025/00029,,history,2025-10-25,Office Hub Leuven,Belgium,Tom Peeters,Brussels DC,532.00,EUR,Oat Milk Barista 12x1L
S00034,Payment received,2025-10-23T06:15:37+00:00,Julie Martin,INV/2025/00029,,history,,Office Hub Leuven,Belgium,Tom Peeters,Brussels DC,532.00,EUR,Oat Milk Barista 12x1L
S00035,Quotation created,2025-09-22T06:53:08+00:00,Kasia Nowak,S00035,,history,,Kawiarnia Ogród,Poland,Kasia Nowak,Warsaw DC,861.00,EUR,Descaler Tablets x10; Espresso Beans Brazil 1kg; Paper Cups 12oz x1000
S00035,Order confirmed,2025-10-01T06:01:16+00:00,Kasia Nowak,S00035,,history,,Kawiarnia Ogród,Poland,Kasia Nowak,Warsaw DC,861.00,EUR,Descaler Tablets x10; Espresso Beans Brazil 1kg; Paper Cups 12oz x1000
S00035,Goods shipped,2025-10-03T06:38:33+00:00,Ola Wiśniewska,WAW/OUT/00022,,history,,Kawiarnia Ogród,Poland,Kasia Nowak,Warsaw DC,861.00,EUR,Descaler Tablets x10; Espresso Beans Brazil 1kg; Paper Cups 12oz x1000
S00035,Invoice posted,2025-10-06T06:53:40+00:00,Anna Kowalczyk,INV/2025/00041,,history,2025-11-05,Kawiarnia Ogród,Poland,Kasia Nowak,Warsaw DC,861.00,EUR,Descaler Tablets x10; Espresso Beans Brazil 1kg; Paper Cups 12oz x1000
S00035,Payment received,2025-10-29T07:38:34+00:00,Anna Kowalczyk,INV/2025/00041,,history,,Kawiarnia Ogród,Poland,Kasia Nowak,Warsaw DC,861.00,EUR,Descaler Tablets x10; Espresso Beans Brazil 1kg; Paper Cups 12oz x1000
S00036,Quotation created,2025-09-22T10:32:25+00:00,Piotr Zieliński,S00036,,history,,Hotel Poznań Park,Poland,Piotr Zieliński,Warsaw DC,191.00,EUR,Chai Latte Mix 1kg; House Blend Beans 1kg
S00036,Order confirmed,2025-09-23T06:12:18+00:00,Piotr Zieliński,S00036,,history,,Hotel Poznań Park,Poland,Piotr Zieliński,Warsaw DC,191.00,EUR,Chai Latte Mix 1kg; House Blend Beans 1kg
S00036,Goods shipped,2025-09-25T06:21:17+00:00,Ola Wiśniewska,WAW/OUT/00016,,history,,Hotel Poznań Park,Poland,Piotr Zieliński,Warsaw DC,191.00,EUR,Chai Latte Mix 1kg; House Blend Beans 1kg
S00036,Invoice posted,2025-09-29T09:29:24+00:00,Anna Kowalczyk,INV/2025/00035,,history,2025-10-29,Hotel Poznań Park,Poland,Piotr Zieliński,Warsaw DC,191.00,EUR,Chai Latte Mix 1kg; House Blend Beans 1kg
S00036,Payment received,2025-10-29T14:11:51+00:00,Anna Kowalczyk,INV/2025/00035,,history,,Hotel Poznań Park,Poland,Piotr Zieliński,Warsaw DC,191.00,EUR,Chai Latte Mix 1kg; House Blend Beans 1kg
S00037,Quotation created,2025-09-22T13:51:53+00:00,Kasia Nowak,S00037,,history,,Cukiernia Stare Miasto,Poland,Kasia Nowak,Warsaw DC,360.00,EUR,Espresso Beans Brazil 1kg
S00037,Order confirmed,2025-09-24T06:20:58+00:00,Kasia Nowak,S00037,,history,,Cukiernia Stare Miasto,Poland,Kasia Nowak,Warsaw DC,360.00,EUR,Espresso Beans Brazil 1kg
S00037,Invoice posted,2025-09-24T10:56:18+00:00,Anna Kowalczyk,INV/2025/00025,,history,2025-10-24,Cukiernia Stare Miasto,Poland,Kasia Nowak,Warsaw DC,360.00,EUR,Espresso Beans Brazil 1kg
S00037,Goods shipped,2025-09-25T06:25:48+00:00,Ola Wiśniewska,WAW/OUT/00018,,history,,Cukiernia Stare Miasto,Poland,Kasia Nowak,Warsaw DC,360.00,EUR,Espresso Beans Brazil 1kg
S00038,Quotation created,2025-09-22T14:50:00+00:00,Sophie Lambert,S00038,,history,,Hotel Lindenhof,Belgium,Sophie Lambert,Brussels DC,36.00,EUR,Espresso Beans Brazil 1kg
S00038,Quotation sent,2025-09-23T06:48:17+00:00,Sophie Lambert,S00038,,history,,Hotel Lindenhof,Belgium,Sophie Lambert,Brussels DC,36.00,EUR,Espresso Beans Brazil 1kg
S00038,Order confirmed,2025-09-24T13:14:27+00:00,Sophie Lambert,S00038,,history,,Hotel Lindenhof,Belgium,Sophie Lambert,Brussels DC,36.00,EUR,Espresso Beans Brazil 1kg
S00038,Goods shipped,2025-09-25T06:20:52+00:00,Marc Dubois,BRU/OUT/00016,,history,,Hotel Lindenhof,Belgium,Sophie Lambert,Brussels DC,36.00,EUR,Espresso Beans Brazil 1kg
S00038,Invoice posted,2025-09-26T08:17:22+00:00,Julie Martin,INV/2025/00030,,history,2025-10-26,Hotel Lindenhof,Belgium,Sophie Lambert,Brussels DC,36.00,EUR,Espresso Beans Brazil 1kg
S00038,Payment received,2025-10-17T06:00:29+00:00,Julie Martin,INV/2025/00030,,history,,Hotel Lindenhof,Belgium,Sophie Lambert,Brussels DC,36.00,EUR,Espresso Beans Brazil 1kg
S00039,Quotation created,2025-09-23T06:48:06+00:00,Kasia Nowak,S00039,,history,,Cukiernia Stare Miasto,Poland,Kasia Nowak,Warsaw DC,60.00,EUR,Ground Coffee 250g
S00039,Order confirmed,2025-09-24T06:05:09+00:00,Kasia Nowak,S00039,,history,,Cukiernia Stare Miasto,Poland,Kasia Nowak,Warsaw DC,60.00,EUR,Ground Coffee 250g
S00039,Goods shipped,2025-09-26T06:22:22+00:00,Ola Wiśniewska,WAW/OUT/00017,,history,,Cukiernia Stare Miasto,Poland,Kasia Nowak,Warsaw DC,60.00,EUR,Ground Coffee 250g
S00039,Invoice posted,2025-09-29T08:00:06+00:00,Anna Kowalczyk,INV/2025/00033,,history,2025-10-29,Cukiernia Stare Miasto,Poland,Kasia Nowak,Warsaw DC,60.00,EUR,Ground Coffee 250g
S00039,Payment received,2025-10-27T07:33:13+00:00,Anna Kowalczyk,INV/2025/00033,,history,,Cukiernia Stare Miasto,Poland,Kasia Nowak,Warsaw DC,60.00,EUR,Ground Coffee 250g
S00040,Quotation created,2025-09-23T07:30:05+00:00,Sophie Lambert,S00040,,history,,Hotel Horizon Namur,Belgium,Sophie Lambert,Brussels DC,80.00,EUR,House Blend Beans 1kg
S00040,Quotation sent,2025-09-23T11:57:14+00:00,Sophie Lambert,S00040,,history,,Hotel Horizon Namur,Belgium,Sophie Lambert,Brussels DC,80.00,EUR,House Blend Beans 1kg
S00040,Order confirmed,2025-09-25T06:51:25+00:00,Sophie Lambert,S00040,,history,,Hotel Horizon Namur,Belgium,Sophie Lambert,Brussels DC,80.00,EUR,House Blend Beans 1kg
S00040,Goods shipped,2025-09-26T06:45:41+00:00,Marc Dubois,BRU/OUT/00017,,history,,Hotel Horizon Namur,Belgium,Sophie Lambert,Brussels DC,80.00,EUR,House Blend Beans 1kg
S00040,Invoice posted,2025-09-29T08:10:24+00:00,Julie Martin,INV/2025/00034,,history,2025-10-29,Hotel Horizon Namur,Belgium,Sophie Lambert,Brussels DC,80.00,EUR,House Blend Beans 1kg
S00040,Payment received,2025-11-03T08:06:19+00:00,Julie Martin,INV/2025/00034,,history,,Hotel Horizon Namur,Belgium,Sophie Lambert,Brussels DC,80.00,EUR,House Blend Beans 1kg
S00041,Quotation created,2025-09-24T09:11:36+00:00,Sophie Lambert,S00041,,history,,Co-Work Ixelles,Belgium,Sophie Lambert,Brussels DC,606.00,EUR,Barista Apron; Cup Lids x1000; Oat Milk Barista 12x1L
S00041,Quotation sent,2025-09-24T12:26:08+00:00,Sophie Lambert,S00041,,history,,Co-Work Ixelles,Belgium,Sophie Lambert,Brussels DC,606.00,EUR,Barista Apron; Cup Lids x1000; Oat Milk Barista 12x1L
S00041,Order confirmed,2025-09-26T14:18:51+00:00,Sophie Lambert,S00041,,history,,Co-Work Ixelles,Belgium,Sophie Lambert,Brussels DC,606.00,EUR,Barista Apron; Cup Lids x1000; Oat Milk Barista 12x1L
S00041,Goods shipped,2025-09-29T06:39:26+00:00,Marc Dubois,BRU/OUT/00018,,history,,Co-Work Ixelles,Belgium,Sophie Lambert,Brussels DC,606.00,EUR,Barista Apron; Cup Lids x1000; Oat Milk Barista 12x1L
S00041,Invoice posted,2025-09-30T07:47:09+00:00,Julie Martin,INV/2025/00037,,history,2025-10-30,Co-Work Ixelles,Belgium,Sophie Lambert,Brussels DC,606.00,EUR,Barista Apron; Cup Lids x1000; Oat Milk Barista 12x1L
S00041,Payment received,2025-11-10T07:11:23+00:00,Julie Martin,INV/2025/00037,,history,,Co-Work Ixelles,Belgium,Sophie Lambert,Brussels DC,606.00,EUR,Barista Apron; Cup Lids x1000; Oat Milk Barista 12x1L
S00042,Quotation created,2025-09-24T10:05:54+00:00,Kasia Nowak,S00042,,history,,Kawiarnia Ogród,Poland,Kasia Nowak,Warsaw DC,588.00,EUR,Earl Grey Tea 500g; Paper Cups 12oz x1000
S00042,Quotation sent,2025-09-24T10:58:17+00:00,Kasia Nowak,S00042,,history,,Kawiarnia Ogród,Poland,Kasia Nowak,Warsaw DC,588.00,EUR,Earl Grey Tea 500g; Paper Cups 12oz x1000
S00042,Order confirmed,2025-09-29T06:22:13+00:00,Kasia Nowak,S00042,,history,,Kawiarnia Ogród,Poland,Kasia Nowak,Warsaw DC,588.00,EUR,Earl Grey Tea 500g; Paper Cups 12oz x1000
S00042,Invoice posted,2025-09-29T11:43:17+00:00,Anna Kowalczyk,INV/2025/00036,,history,2025-10-29,Kawiarnia Ogród,Poland,Kasia Nowak,Warsaw DC,588.00,EUR,Earl Grey Tea 500g; Paper Cups 12oz x1000
S00042,Goods shipped,2025-09-30T10:08:04+00:00,Ola Wiśniewska,WAW/OUT/00021,,history,,Kawiarnia Ogród,Poland,Kasia Nowak,Warsaw DC,588.00,EUR,Earl Grey Tea 500g; Paper Cups 12oz x1000
S00042,Payment received,2025-10-30T07:43:20+00:00,Anna Kowalczyk,INV/2025/00036,,history,,Kawiarnia Ogród,Poland,Kasia Nowak,Warsaw DC,588.00,EUR,Earl Grey Tea 500g; Paper Cups 12oz x1000
S00043,Quotation created,2025-09-24T15:03:00+00:00,Kasia Nowak,S00043,,history,,Coworking Praga,Poland,Kasia Nowak,Warsaw DC,942.00,EUR,Decaf Colombia Beans 1kg; Ground Coffee 250g; Oat Milk Barista 12x1L
S00043,Quotation sent,2025-09-25T06:49:08+00:00,Kasia Nowak,S00043,,history,,Coworking Praga,Poland,Kasia Nowak,Warsaw DC,942.00,EUR,Decaf Colombia Beans 1kg; Ground Coffee 250g; Oat Milk Barista 12x1L
S00043,Order confirmed,2025-09-26T06:31:47+00:00,Kasia Nowak,S00043,,history,,Coworking Praga,Poland,Kasia Nowak,Warsaw DC,942.00,EUR,Decaf Colombia Beans 1kg; Ground Coffee 250g; Oat Milk Barista 12x1L
S00043,Goods shipped,2025-10-01T10:32:00+00:00,Ola Wiśniewska,WAW/OUT/00020,,history,,Coworking Praga,Poland,Kasia Nowak,Warsaw DC,942.00,EUR,Decaf Colombia Beans 1kg; Ground Coffee 250g; Oat Milk Barista 12x1L
S00043,Invoice posted,2025-10-03T08:40:27+00:00,Anna Kowalczyk,INV/2025/00039,,history,2025-11-02,Coworking Praga,Poland,Kasia Nowak,Warsaw DC,942.00,EUR,Decaf Colombia Beans 1kg; Ground Coffee 250g; Oat Milk Barista 12x1L
S00043,Credit note posted,2025-10-17T10:43:27+00:00,Anna Kowalczyk,RINV/2025/00001,,history,,Coworking Praga,Poland,Kasia Nowak,Warsaw DC,942.00,EUR,Decaf Colombia Beans 1kg; Ground Coffee 250g; Oat Milk Barista 12x1L
S00043,Payment received,2025-12-18T07:45:40+00:00,Anna Kowalczyk,INV/2025/00039,,history,,Coworking Praga,Poland,Kasia Nowak,Warsaw DC,942.00,EUR,Decaf Colombia Beans 1kg; Ground Coffee 250g; Oat Milk Barista 12x1L
S00044,Quotation created,2025-09-25T13:01:07+00:00,Piotr Zieliński,S00044,,history,,Kawiarnia Sopot Molo,Poland,Piotr Zieliński,Warsaw DC,456.00,EUR,Espresso Beans Ethiopia 1kg; Green Tea Sencha 500g
S00044,Order cancelled,2025-10-21T09:53:27+00:00,Piotr Zieliński,S00044,,history,,Kawiarnia Sopot Molo,Poland,Piotr Zieliński,Warsaw DC,456.00,EUR,Espresso Beans Ethiopia 1kg; Green Tea Sencha 500g
S00045,Quotation created,2025-09-26T13:39:21+00:00,Tom Peeters,S00045,,history,,Café Sint-Pieters,Belgium,Tom Peeters,Brussels DC,744.00,EUR,Espresso Beans Ethiopia 1kg; Green Tea Sencha 500g
S00045,Quotation sent,2025-09-29T06:10:13+00:00,Tom Peeters,S00045,,history,,Café Sint-Pieters,Belgium,Tom Peeters,Brussels DC,744.00,EUR,Espresso Beans Ethiopia 1kg; Green Tea Sencha 500g
S00045,Order confirmed,2025-10-02T15:25:02+00:00,Tom Peeters,S00045,,history,,Café Sint-Pieters,Belgium,Tom Peeters,Brussels DC,744.00,EUR,Espresso Beans Ethiopia 1kg; Green Tea Sencha 500g
S00045,Goods shipped,2025-10-06T06:38:06+00:00,Marc Dubois,BRU/OUT/00023,,history,,Café Sint-Pieters,Belgium,Tom Peeters,Brussels DC,744.00,EUR,Espresso Beans Ethiopia 1kg; Green Tea Sencha 500g
S00045,Invoice posted,2025-10-06T12:29:29+00:00,Julie Martin,INV/2025/00043,,history,2025-11-05,Café Sint-Pieters,Belgium,Tom Peeters,Brussels DC,744.00,EUR,Espresso Beans Ethiopia 1kg; Green Tea Sencha 500g
S00045,Payment received,2025-11-04T11:25:01+00:00,Julie Martin,INV/2025/00043,,history,,Café Sint-Pieters,Belgium,Tom Peeters,Brussels DC,744.00,EUR,Espresso Beans Ethiopia 1kg; Green Tea Sencha 500g
S00046,Quotation created,2025-09-26T15:27:52+00:00,Tom Peeters,S00046,,history,,Bakkerij Zuid,Belgium,Tom Peeters,Brussels DC,560.00,EUR,House Blend Beans 1kg
S00046,Quotation sent,2025-09-29T06:43:27+00:00,Tom Peeters,S00046,,history,,Bakkerij Zuid,Belgium,Tom Peeters,Brussels DC,560.00,EUR,House Blend Beans 1kg
S00046,Order confirmed,2025-09-30T06:17:28+00:00,Tom Peeters,S00046,,history,,Bakkerij Zuid,Belgium,Tom Peeters,Brussels DC,560.00,EUR,House Blend Beans 1kg
S00046,Delivery rescheduled,2025-10-01T06:15:41+00:00,Marc Dubois,BRU/OUT/00019,+2.0 days,history,,Bakkerij Zuid,Belgium,Tom Peeters,Brussels DC,560.00,EUR,House Blend Beans 1kg
S00046,Order changed after confirmation,2025-10-01T06:41:56+00:00,Tom Peeters,S00046,amount 384.00 -> 560.00,history,,Bakkerij Zuid,Belgium,Tom Peeters,Brussels DC,560.00,EUR,House Blend Beans 1kg
S00046,Goods shipped,2025-10-03T06:56:35+00:00,Marc Dubois,BRU/OUT/00019,,history,,Bakkerij Zuid,Belgium,Tom Peeters,Brussels DC,560.00,EUR,House Blend Beans 1kg
S00046,Invoice posted,2025-10-06T09:14:34+00:00,Julie Martin,INV/2025/00042,,history,2025-11-05,Bakkerij Zuid,Belgium,Tom Peeters,Brussels DC,560.00,EUR,House Blend Beans 1kg
S00046,Payment received,2025-11-13T14:47:34+00:00,Julie Martin,INV/2025/00042,,history,,Bakkerij Zuid,Belgium,Tom Peeters,Brussels DC,560.00,EUR,House Blend Beans 1kg
S00047,Quotation created,2025-09-29T06:04:36+00:00,Sophie Lambert,S00047,,history,,Lunchbar Kouter,Belgium,Sophie Lambert,Brussels DC,64.00,EUR,House Blend Beans 1kg
S00047,Order confirmed,2025-09-30T07:03:25+00:00,Sophie Lambert,S00047,,history,,Lunchbar Kouter,Belgium,Sophie Lambert,Brussels DC,64.00,EUR,House Blend Beans 1kg
S00047,Delivery rescheduled,2025-10-01T06:34:00+00:00,Marc Dubois,BRU/OUT/00020,+3.0 days,history,,Lunchbar Kouter,Belgium,Sophie Lambert,Brussels DC,64.00,EUR,House Blend Beans 1kg
S00047,Goods shipped,2025-10-03T06:04:48+00:00,Marc Dubois,BRU/OUT/00020,,history,,Lunchbar Kouter,Belgium,Sophie Lambert,Brussels DC,64.00,EUR,House Blend Beans 1kg
S00047,Invoice posted,2025-10-03T09:43:18+00:00,Julie Martin,INV/2025/00040,,history,2025-11-02,Lunchbar Kouter,Belgium,Sophie Lambert,Brussels DC,64.00,EUR,House Blend Beans 1kg
S00047,Payment received,2025-10-24T06:05:18+00:00,Julie Martin,INV/2025/00040,,history,,Lunchbar Kouter,Belgium,Sophie Lambert,Brussels DC,64.00,EUR,House Blend Beans 1kg
S00048,Quotation created,2025-09-29T06:59:57+00:00,Tom Peeters,S00048,,history,,Office Hub Leuven,Belgium,Tom Peeters,Brussels DC,180.00,EUR,Earl Grey Tea 500g; House Blend Beans 1kg; Oat Milk Barista 12x1L
S00048,Quotation sent,2025-09-29T11:32:13+00:00,Tom Peeters,S00048,,history,,Office Hub Leuven,Belgium,Tom Peeters,Brussels DC,180.00,EUR,Earl Grey Tea 500g; House Blend Beans 1kg; Oat Milk Barista 12x1L
S00048,Order confirmed,2025-10-01T06:11:18+00:00,Tom Peeters,S00048,,history,,Office Hub Leuven,Belgium,Tom Peeters,Brussels DC,180.00,EUR,Earl Grey Tea 500g; House Blend Beans 1kg; Oat Milk Barista 12x1L
S00048,Order changed after confirmation,2025-10-01T10:37:58+00:00,Tom Peeters,S00048,amount 168.00 -> 180.00,history,,Office Hub Leuven,Belgium,Tom Peeters,Brussels DC,180.00,EUR,Earl Grey Tea 500g; House Blend Beans 1kg; Oat Milk Barista 12x1L
S00048,Goods shipped,2025-10-02T06:56:09+00:00,Marc Dubois,BRU/OUT/00021,,history,,Office Hub Leuven,Belgium,Tom Peeters,Brussels DC,180.00,EUR,Earl Grey Tea 500g; House Blend Beans 1kg; Oat Milk Barista 12x1L
S00048,Invoice posted,2025-10-03T07:52:30+00:00,Julie Martin,INV/2025/00038,,history,2025-11-02,Office Hub Leuven,Belgium,Tom Peeters,Brussels DC,180.00,EUR,Earl Grey Tea 500g; House Blend Beans 1kg; Oat Milk Barista 12x1L
S00048,Payment received,2025-10-27T07:07:42+00:00,Julie Martin,INV/2025/00038,,history,,Office Hub Leuven,Belgium,Tom Peeters,Brussels DC,180.00,EUR,Earl Grey Tea 500g; House Blend Beans 1kg; Oat Milk Barista 12x1L
S00049,Quotation created,2025-09-29T11:56:03+00:00,Sophie Lambert,S00049,,history,,Café des Arts Mons,Belgium,Sophie Lambert,Brussels DC,144.00,EUR,Earl Grey Tea 500g
S00049,Quotation sent,2025-09-29T14:19:39+00:00,Sophie Lambert,S00049,,history,,Café des Arts Mons,Belgium,Sophie Lambert,Brussels DC,144.00,EUR,Earl Grey Tea 500g
S00050,Quotation created,2025-09-29T14:26:29+00:00,Kasia Nowak,S00050,,history,,Café Nowa Huta,Poland,Kasia Nowak,Warsaw DC,1420.00,EUR,House Blend Beans 1kg; Oat Milk Barista 12x1L
S00050,Quotation sent,2025-09-30T06:43:51+00:00,Kasia Nowak,S00050,,history,,Café Nowa Huta,Poland,Kasia Nowak,Warsaw DC,1420.00,EUR,House Blend Beans 1kg; Oat Milk Barista 12x1L
S00050,Order confirmed,2025-10-01T06:44:04+00:00,Kasia Nowak,S00050,,history,,Café Nowa Huta,Poland,Kasia Nowak,Warsaw DC,1420.00,EUR,House Blend Beans 1kg; Oat Milk Barista 12x1L
S00050,Order changed after confirmation,2025-10-02T06:49:08+00:00,Kasia Nowak,S00050,"amount 1,056.00 -> 1,420.00",history,,Café Nowa Huta,Poland,Kasia Nowak,Warsaw DC,1420.00,EUR,House Blend Beans 1kg; Oat Milk Barista 12x1L
S00050,Goods shipped,2025-10-03T06:59:30+00:00,Ola Wiśniewska,WAW/OUT/00023,,history,,Café Nowa Huta,Poland,Kasia Nowak,Warsaw DC,1420.00,EUR,House Blend Beans 1kg; Oat Milk Barista 12x1L
S00050,Invoice posted,2025-10-07T07:51:57+00:00,Anna Kowalczyk,INV/2025/00046,,history,2025-11-06,Café Nowa Huta,Poland,Kasia Nowak,Warsaw DC,1420.00,EUR,House Blend Beans 1kg; Oat Milk Barista 12x1L
S00050,Payment received,2025-11-13T07:43:42+00:00,Anna Kowalczyk,INV/2025/00046,,history,,Café Nowa Huta,Poland,Kasia Nowak,Warsaw DC,1420.00,EUR,House Blend Beans 1kg; Oat Milk Barista 12x1L
S00051,Quotation created,2025-09-30T09:58:00+00:00,Sophie Lambert,S00051,,history,,Café Parvis,Belgium,Sophie Lambert,Brussels DC,294.00,EUR,Chai Latte Mix 1kg; Espresso Beans Brazil 1kg
S00051,Quotation sent,2025-10-01T06:05:13+00:00,Sophie Lambert,S00051,,history,,Café Parvis,Belgium,Sophie Lambert,Brussels DC,294.00,EUR,Chai Latte Mix 1kg; Espresso Beans Brazil 1kg
S00051,Order confirmed,2025-10-02T14:27:07+00:00,Sophie Lambert,S00051,,history,,Café Parvis,Belgium,Sophie Lambert,Brussels DC,294.00,EUR,Chai Latte Mix 1kg; Espresso Beans Brazil 1kg
S00051,Delivery rescheduled,2025-10-03T06:09:07+00:00,Marc Dubois,BRU/OUT/00022,+1.0 days,history,,Café Parvis,Belgium,Sophie Lambert,Brussels DC,294.00,EUR,Chai Latte Mix 1kg; Espresso Beans Brazil 1kg
S00051,Goods shipped,2025-10-06T06:55:43+00:00,Marc Dubois,BRU/OUT/00022,,history,,Café Parvis,Belgium,Sophie Lambert,Brussels DC,294.00,EUR,Chai Latte Mix 1kg; Espresso Beans Brazil 1kg
S00051,Invoice posted,2025-10-07T07:54:47+00:00,Julie Martin,INV/2025/00047,,history,2025-11-06,Café Parvis,Belgium,Sophie Lambert,Brussels DC,294.00,EUR,Chai Latte Mix 1kg; Espresso Beans Brazil 1kg
S00051,Payment received,2025-11-07T12:01:58+00:00,Julie Martin,INV/2025/00047,,history,,Café Parvis,Belgium,Sophie Lambert,Brussels DC,294.00,EUR,Chai Latte Mix 1kg; Espresso Beans Brazil 1kg
S00052,Quotation created,2025-10-01T09:40:00+00:00,Tom Peeters,S00052,,history,,Brasserie du Canal,Belgium,Tom Peeters,Brussels DC,902.00,EUR,Earl Grey Tea 500g; House Blend Beans 1kg; Oat Milk Barista 12x1L; Vanilla Syrup 1L
S00052,Quotation sent,2025-10-01T14:40:30+00:00,Tom Peeters,S00052,,history,,Brasserie du Canal,Belgium,Tom Peeters,Brussels DC,902.00,EUR,Earl Grey Tea 500g; House Blend Beans 1kg; Oat Milk Barista 12x1L; Vanilla Syrup 1L
S00052,Order confirmed,2025-10-03T06:56:34+00:00,Tom Peeters,S00052,,history,,Brasserie du Canal,Belgium,Tom Peeters,Brussels DC,902.00,EUR,Earl Grey Tea 500g; House Blend Beans 1kg; Oat Milk Barista 12x1L; Vanilla Syrup 1L
S00052,Order changed after confirmation,2025-10-04T18:47:36+00:00,Tom Peeters,S00052,amount 866.00 -> 902.00,history,,Brasserie du Canal,Belgium,Tom Peeters,Brussels DC,902.00,EUR,Earl Grey Tea 500g; House Blend Beans 1kg; Oat Milk Barista 12x1L; Vanilla Syrup 1L
S00052,Goods shipped,2025-10-06T06:38:38+00:00,Marc Dubois,BRU/OUT/00024,,history,,Brasserie du Canal,Belgium,Tom Peeters,Brussels DC,902.00,EUR,Earl Grey Tea 500g; House Blend Beans 1kg; Oat Milk Barista 12x1L; Vanilla Syrup 1L
S00052,Invoice posted,2025-10-06T13:49:15+00:00,Julie Martin,INV/2025/00044,,history,2025-11-05,Brasserie du Canal,Belgium,Tom Peeters,Brussels DC,902.00,EUR,Earl Grey Tea 500g; House Blend Beans 1kg; Oat Milk Barista 12x1L; Vanilla Syrup 1L
S00053,Quotation created,2025-10-02T06:03:37+00:00,Tom Peeters,S00053,,history,,Station Coffee Mechelen,Belgium,Tom Peeters,Brussels DC,868.00,EUR,Espresso Beans Brazil 1kg; House Blend Beans 1kg; Oat Milk Barista 12x1L
S00053,Quotation sent,2025-10-02T11:36:33+00:00,Tom Peeters,S00053,,history,,Station Coffee Mechelen,Belgium,Tom Peeters,Brussels DC,868.00,EUR,Espresso Beans Brazil 1kg; House Blend Beans 1kg; Oat Milk Barista 12x1L
S00054,Quotation created,2025-10-02T09:32:02+00:00,Tom Peeters,S00054,,history,,Bistro Flagey Corner,Belgium,Tom Peeters,Brussels DC,48.00,EUR,House Blend Beans 1kg
S00054,Quotation sent,2025-10-02T10:24:03+00:00,Tom Peeters,S00054,,history,,Bistro Flagey Corner,Belgium,Tom Peeters,Brussels DC,48.00,EUR,House Blend Beans 1kg
S00054,Order confirmed,2025-10-03T06:58:03+00:00,Tom Peeters,S00054,,history,,Bistro Flagey Corner,Belgium,Tom Peeters,Brussels DC,48.00,EUR,House Blend Beans 1kg
S00054,Order changed after confirmation,2025-10-06T06:11:07+00:00,Tom Peeters,S00054,amount 32.00 -> 48.00,history,,Bistro Flagey Corner,Belgium,Tom Peeters,Brussels DC,48.00,EUR,House Blend Beans 1kg
S00054,Goods shipped,2025-10-06T06:17:31+00:00,Marc Dubois,BRU/OUT/00025,,history,,Bistro Flagey Corner,Belgium,Tom Peeters,Brussels DC,48.00,EUR,House Blend Beans 1kg
S00054,Invoice posted,2025-10-07T07:44:11+00:00,Julie Martin,INV/2025/00045,,history,2025-11-06,Bistro Flagey Corner,Belgium,Tom Peeters,Brussels DC,48.00,EUR,House Blend Beans 1kg
S00054,Payment received,2025-11-10T15:02:43+00:00,Julie Martin,INV/2025/00045,,history,,Bistro Flagey Corner,Belgium,Tom Peeters,Brussels DC,48.00,EUR,House Blend Beans 1kg
S00055,Quotation created,2025-10-02T09:39:08+00:00,Kasia Nowak,S00055,,history,,Hotel Nad Wisłą,Poland,Kasia Nowak,Warsaw DC,654.00,EUR,House Blend Beans 1kg; Paper Cups 12oz x1000
S00055,Quotation sent,2025-10-02T14:05:46+00:00,Kasia Nowak,S00055,,history,,Hotel Nad Wisłą,Poland,Kasia Nowak,Warsaw DC,654.00,EUR,House Blend Beans 1kg; Paper Cups 12oz x1000
S00055,Order confirmed,2025-10-09T12:46:19+00:00,Kasia Nowak,S00055,,history,,Hotel Nad Wisłą,Poland,Kasia Nowak,Warsaw DC,654.00,EUR,House Blend Beans 1kg; Paper Cups 12oz x1000
S00055,Goods shipped,2025-10-15T08:53:00+00:00,Ola Wiśniewska,WAW/OUT/00026,,history,,Hotel Nad Wisłą,Poland,Kasia Nowak,Warsaw DC,654.00,EUR,House Blend Beans 1kg; Paper Cups 12oz x1000
S00055,Invoice posted,2025-10-16T08:01:43+00:00,Anna Kowalczyk,INV/2025/00057,,history,2025-11-15,Hotel Nad Wisłą,Poland,Kasia Nowak,Warsaw DC,654.00,EUR,House Blend Beans 1kg; Paper Cups 12oz x1000
S00055,Payment received,2025-12-15T07:05:48+00:00,Anna Kowalczyk,INV/2025/00057,,history,,Hotel Nad Wisłą,Poland,Kasia Nowak,Warsaw DC,654.00,EUR,House Blend Beans 1kg; Paper Cups 12oz x1000
S00056,Quotation created,2025-10-06T06:08:49+00:00,Tom Peeters,S00056,,history,,Kantine Noord,Belgium,Tom Peeters,Brussels DC,48.00,EUR,Ground Coffee 250g
S00056,Order confirmed,2025-10-07T06:58:23+00:00,Tom Peeters,S00056,,history,,Kantine Noord,Belgium,Tom Peeters,Brussels DC,48.00,EUR,Ground Coffee 250g
S00056,Order changed after confirmation,2025-10-08T10:44:43+00:00,Tom Peeters,S00056,amount 30.00 -> 48.00,history,,Kantine Noord,Belgium,Tom Peeters,Brussels DC,48.00,EUR,Ground Coffee 250g
S00056,Goods shipped,2025-10-08T15:26:32+00:00,Marc Dubois,BRU/OUT/00027,,history,,Kantine Noord,Belgium,Tom Peeters,Brussels DC,48.00,EUR,Ground Coffee 250g
S00056,Invoice posted,2025-10-09T08:12:11+00:00,Julie Martin,INV/2025/00049,,history,2025-11-08,Kantine Noord,Belgium,Tom Peeters,Brussels DC,48.00,EUR,Ground Coffee 250g
S00056,Payment received,2025-11-03T07:22:22+00:00,Julie Martin,INV/2025/00049,,history,,Kantine Noord,Belgium,Tom Peeters,Brussels DC,48.00,EUR,Ground Coffee 250g
S00057,Quotation created,2025-10-06T06:22:47+00:00,Sophie Lambert,S00057,,history,,Station Coffee Mechelen,Belgium,Sophie Lambert,Brussels DC,216.00,EUR,Espresso Beans Brazil 1kg
S00057,Order confirmed,2025-10-07T06:34:47+00:00,Sophie Lambert,S00057,,history,,Station Coffee Mechelen,Belgium,Sophie Lambert,Brussels DC,216.00,EUR,Espresso Beans Brazil 1kg
S00057,Goods shipped,2025-10-07T12:48:22+00:00,Marc Dubois,BRU/OUT/00026,,history,,Station Coffee Mechelen,Belgium,Sophie Lambert,Brussels DC,216.00,EUR,Espresso Beans Brazil 1kg
S00057,Invoice posted,2025-10-09T06:54:25+00:00,Julie Martin,INV/2025/00048,,history,2025-11-08,Station Coffee Mechelen,Belgium,Sophie Lambert,Brussels DC,216.00,EUR,Espresso Beans Brazil 1kg
S00057,Payment received,2025-11-10T07:28:09+00:00,Julie Martin,INV/2025/00048,,history,,Station Coffee Mechelen,Belgium,Sophie Lambert,Brussels DC,216.00,EUR,Espresso Beans Brazil 1kg
S00058,Quotation created,2025-10-06T06:39:41+00:00,Piotr Zieliński,S00058,,history,,Hotel Tatry View,Poland,Piotr Zieliński,Warsaw DC,175.00,EUR,Chai Latte Mix 1kg; House Blend Beans 1kg
S00058,Quotation sent,2025-10-06T08:57:13+00:00,Piotr Zieliński,S00058,,history,,Hotel Tatry View,Poland,Piotr Zieliński,Warsaw DC,175.00,EUR,Chai Latte Mix 1kg; House Blend Beans 1kg
S00058,Order confirmed,2025-10-07T06:43:28+00:00,Piotr Zieliński,S00058,,history,,Hotel Tatry View,Poland,Piotr Zieliński,Warsaw DC,175.00,EUR,Chai Latte Mix 1kg; House Blend Beans 1kg
S00058,Goods shipped,2025-10-07T14:54:48+00:00,Ola Wiśniewska,WAW/OUT/00024,,history,,Hotel Tatry View,Poland,Piotr Zieliński,Warsaw DC,175.00,EUR,Chai Latte Mix 1kg; House Blend Beans 1kg
S00058,Invoice posted,2025-10-09T08:50:15+00:00,Anna Kowalczyk,INV/2025/00050,,history,2025-11-08,Hotel Tatry View,Poland,Piotr Zieliński,Warsaw DC,175.00,EUR,Chai Latte Mix 1kg; House Blend Beans 1kg
S00058,Payment received,2025-11-12T07:38:18+00:00,Anna Kowalczyk,INV/2025/00050,,history,,Hotel Tatry View,Poland,Piotr Zieliński,Warsaw DC,175.00,EUR,Chai Latte Mix 1kg; House Blend Beans 1kg
S00059,Quotation created,2025-10-06T06:43:39+00:00,Kasia Nowak,S00059,,history,,Restauracja Odra,Poland,Kasia Nowak,Warsaw DC,686.00,EUR,Chai Latte Mix 1kg; Descaler Tablets x10; Ground Coffee 250g; Oat Milk Barista 12x1L
S00059,Quotation sent,2025-10-06T08:45:46+00:00,Kasia Nowak,S00059,,history,,Restauracja Odra,Poland,Kasia Nowak,Warsaw DC,686.00,EUR,Chai Latte Mix 1kg; Descaler Tablets x10; Ground Coffee 250g; Oat Milk Barista 12x1L
S00059,Order cancelled,2025-11-07T08:20:37+00:00,Kasia Nowak,S00059,,history,,Restauracja Odra,Poland,Kasia Nowak,Warsaw DC,686.00,EUR,Chai Latte Mix 1kg; Descaler Tablets x10; Ground Coffee 250g; Oat Milk Barista 12x1L
S00060,Quotation created,2025-10-06T06:58:21+00:00,Kasia Nowak,S00060,,history,,Bistro Kazimierz,Poland,Kasia Nowak,Warsaw DC,624.00,EUR,House Blend Beans 1kg; Oat Milk Barista 12x1L
S00060,Order cancelled,2025-11-10T07:17:00+00:00,Kasia Nowak,S00060,,history,,Bistro Kazimierz,Poland,Kasia Nowak,Warsaw DC,624.00,EUR,House Blend Beans 1kg; Oat Milk Barista 12x1L
S00061,Quotation created,2025-10-06T06:59:13+00:00,Sophie Lambert,S00061,,history,,Office Hub Leuven,Belgium,Sophie Lambert,Brussels DC,318.00,EUR,Espresso Beans Ethiopia 1kg; Paper Cups 12oz x1000
S00061,Quotation sent,2025-10-06T10:31:22+00:00,Sophie Lambert,S00061,,history,,Office Hub Leuven,Belgium,Sophie Lambert,Brussels DC,318.00,EUR,Espresso Beans Ethiopia 1kg; Paper Cups 12oz x1000
S00062,Quotation created,2025-10-06T11:21:30+00:00,Sophie Lambert,S00062,,history,,Co-Work Ixelles,Belgium,Sophie Lambert,Brussels DC,604.00,EUR,House Blend Beans 1kg; Paper Cups 12oz x1000
S00062,Quotation sent,2025-10-06T12:49:40+00:00,Sophie Lambert,S00062,,history,,Co-Work Ixelles,Belgium,Sophie Lambert,Brussels DC,604.00,EUR,House Blend Beans 1kg; Paper Cups 12oz x1000
S00062,Order confirmed,2025-10-13T06:19:18+00:00,Sophie Lambert,S00062,,history,,Co-Work Ixelles,Belgium,Sophie Lambert,Brussels DC,604.00,EUR,House Blend Beans 1kg; Paper Cups 12oz x1000
S00062,Goods shipped,2025-10-14T06:37:39+00:00,Marc Dubois,BRU/OUT/00030,,history,,Co-Work Ixelles,Belgium,Sophie Lambert,Brussels DC,604.00,EUR,House Blend Beans 1kg; Paper Cups 12oz x1000
S00062,Invoice posted,2025-10-15T08:37:59+00:00,Julie Martin,INV/2025/00053,,history,2025-11-14,Co-Work Ixelles,Belgium,Sophie Lambert,Brussels DC,604.00,EUR,House Blend Beans 1kg; Paper Cups 12oz x1000
S00062,Payment received,2025-11-03T07:41:26+00:00,Julie Martin,INV/2025/00053,,history,,Co-Work Ixelles,Belgium,Sophie Lambert,Brussels DC,604.00,EUR,House Blend Beans 1kg; Paper Cups 12oz x1000
S00063,Quotation created,2025-10-07T10:18:44+00:00,Kasia Nowak,S00063,,history,,Hotel Poznań Park,Poland,Kasia Nowak,Warsaw DC,3156.00,EUR,Espresso Beans Ethiopia 1kg; Espresso Machine Pro; Vanilla Syrup 1L
S00063,Order confirmed,2025-10-09T06:20:48+00:00,Kasia Nowak,S00063,,history,,Hotel Poznań Park,Poland,Kasia Nowak,Warsaw DC,3156.00,EUR,Espresso Beans Ethiopia 1kg; Espresso Machine Pro; Vanilla Syrup 1L
S00063,Invoice posted,2025-10-09T12:49:13+00:00,Anna Kowalczyk,INV/2025/00051,,history,2025-11-08,Hotel Poznań Park,Poland,Kasia Nowak,Warsaw DC,3156.00,EUR,Espresso Beans Ethiopia 1kg; Espresso Machine Pro; Vanilla Syrup 1L
S00063,Goods shipped,2025-10-13T06:29:41+00:00,Ola Wiśniewska,WAW/OUT/00025,,history,,Hotel Poznań Park,Poland,Kasia Nowak,Warsaw DC,3156.00,EUR,Espresso Beans Ethiopia 1kg; Espresso Machine Pro; Vanilla Syrup 1L
S00063,Credit note posted,2025-10-27T07:58:46+00:00,Anna Kowalczyk,RINV/2025/00002,,history,,Hotel Poznań Park,Poland,Kasia Nowak,Warsaw DC,3156.00,EUR,Espresso Beans Ethiopia 1kg; Espresso Machine Pro; Vanilla Syrup 1L
S00063,Payment received,2025-11-10T07:06:43+00:00,Anna Kowalczyk,INV/2025/00051,,history,,Hotel Poznań Park,Poland,Kasia Nowak,Warsaw DC,3156.00,EUR,Espresso Beans Ethiopia 1kg; Espresso Machine Pro; Vanilla Syrup 1L
S00064,Quotation created,2025-10-08T11:37:19+00:00,Kasia Nowak,S00064,,history,,Kawiarnia Rynek,Poland,Kasia Nowak,Warsaw DC,769.00,EUR,Chai Latte Mix 1kg; Cup Lids x1000; Espresso Beans Brazil 1kg
S00064,Quotation sent,2025-10-08T14:20:16+00:00,Kasia Nowak,S00064,,history,,Kawiarnia Rynek,Poland,Kasia Nowak,Warsaw DC,769.00,EUR,Chai Latte Mix 1kg; Cup Lids x1000; Espresso Beans Brazil 1kg
S00064,Order confirmed,2025-10-09T14:40:18+00:00,Kasia Nowak,S00064,,history,,Kawiarnia Rynek,Poland,Kasia Nowak,Warsaw DC,769.00,EUR,Chai Latte Mix 1kg; Cup Lids x1000; Espresso Beans Brazil 1kg
S00064,Order changed after confirmation,2025-10-13T06:47:03+00:00,Kasia Nowak,S00064,amount 617.00 -> 769.00,history,,Kawiarnia Rynek,Poland,Kasia Nowak,Warsaw DC,769.00,EUR,Chai Latte Mix 1kg; Cup Lids x1000; Espresso Beans Brazil 1kg
S00064,Goods shipped,2025-10-15T13:17:00+00:00,Ola Wiśniewska,WAW/OUT/00027,,history,,Kawiarnia Rynek,Poland,Kasia Nowak,Warsaw DC,769.00,EUR,Chai Latte Mix 1kg; Cup Lids x1000; Espresso Beans Brazil 1kg
S00064,Invoice posted,2025-10-20T09:36:49+00:00,Anna Kowalczyk,INV/2025/00063,,history,2025-11-19,Kawiarnia Rynek,Poland,Kasia Nowak,Warsaw DC,769.00,EUR,Chai Latte Mix 1kg; Cup Lids x1000; Espresso Beans Brazil 1kg
S00064,Payment received,2025-11-10T07:22:14+00:00,Anna Kowalczyk,INV/2025/00063,,history,,Kawiarnia Rynek,Poland,Kasia Nowak,Warsaw DC,769.00,EUR,Chai Latte Mix 1kg; Cup Lids x1000; Espresso Beans Brazil 1kg
S00065,Quotation created,2025-10-08T12:10:46+00:00,Sophie Lambert,S00065,,history,,Café des Arts Mons,Belgium,Sophie Lambert,Brussels DC,258.00,EUR,Decaf Colombia Beans 1kg; Espresso Beans Brazil 1kg
S00065,Quotation sent,2025-10-09T06:05:21+00:00,Sophie Lambert,S00065,,history,,Café des Arts Mons,Belgium,Sophie Lambert,Brussels DC,258.00,EUR,Decaf Colombia Beans 1kg; Espresso Beans Brazil 1kg
S00065,Order confirmed,2025-10-13T06:01:27+00:00,Sophie Lambert,S00065,,history,,Café des Arts Mons,Belgium,Sophie Lambert,Brussels DC,258.00,EUR,Decaf Colombia Beans 1kg; Espresso Beans Brazil 1kg
S00065,Goods shipped,2025-10-15T06:10:03+00:00,Marc Dubois,BRU/OUT/00029,,history,,Café des Arts Mons,Belgium,Sophie Lambert,Brussels DC,258.00,EUR,Decaf Colombia Beans 1kg; Espresso Beans Brazil 1kg
S00065,Invoice posted,2025-10-15T13:21:35+00:00,Julie Martin,INV/2025/00054,,history,2025-11-14,Café des Arts Mons,Belgium,Sophie Lambert,Brussels DC,258.00,EUR,Decaf Colombia Beans 1kg; Espresso Beans Brazil 1kg
S00065,Payment received,2025-11-10T07:15:06+00:00,Julie Martin,INV/2025/00054,,history,,Café des Arts Mons,Belgium,Sophie Lambert,Brussels DC,258.00,EUR,Decaf Colombia Beans 1kg; Espresso Beans Brazil 1kg
S00066,Quotation created,2025-10-09T10:24:41+00:00,Sophie Lambert,S00066,,history,,Bakkerij Zuid,Belgium,Sophie Lambert,Brussels DC,440.00,EUR,Earl Grey Tea 500g; House Blend Beans 1kg
S00066,Order confirmed,2025-10-10T06:27:44+00:00,Sophie Lambert,S00066,,history,,Bakkerij Zuid,Belgium,Sophie Lambert,Brussels DC,440.00,EUR,Earl Grey Tea 500g; House Blend Beans 1kg
S00066,Goods shipped,2025-10-13T06:17:40+00:00,Marc Dubois,BRU/OUT/00028,,history,,Bakkerij Zuid,Belgium,Sophie Lambert,Brussels DC,440.00,EUR,Earl Grey Tea 500g; House Blend Beans 1kg
S00066,Invoice posted,2025-10-13T13:34:41+00:00,Julie Martin,INV/2025/00052,,history,2025-11-12,Bakkerij Zuid,Belgium,Sophie Lambert,Brussels DC,440.00,EUR,Earl Grey Tea 500g; House Blend Beans 1kg
S00066,Payment received,2025-11-03T07:50:27+00:00,Julie Martin,INV/2025/00052,,history,,Bakkerij Zuid,Belgium,Sophie Lambert,Brussels DC,440.00,EUR,Earl Grey Tea 500g; House Blend Beans 1kg
S00067,Quotation created,2025-10-10T08:31:12+00:00,Piotr Zieliński,S00067,,history,,Piekarnia Żoliborz,Poland,Piotr Zieliński,Warsaw DC,240.00,EUR,Earl Grey Tea 500g
S00067,Quotation sent,2025-10-10T10:32:05+00:00,Piotr Zieliński,S00067,,history,,Piekarnia Żoliborz,Poland,Piotr Zieliński,Warsaw DC,240.00,EUR,Earl Grey Tea 500g
S00067,Order confirmed,2025-10-13T06:18:19+00:00,Piotr Zieliński,S00067,,history,,Piekarnia Żoliborz,Poland,Piotr Zieliński,Warsaw DC,240.00,EUR,Earl Grey Tea 500g
S00067,Goods shipped,2025-10-13T12:16:26+00:00,Ola Wiśniewska,WAW/OUT/00028,,history,,Piekarnia Żoliborz,Poland,Piotr Zieliński,Warsaw DC,240.00,EUR,Earl Grey Tea 500g
S00067,Invoice posted,2025-10-15T14:57:05+00:00,Anna Kowalczyk,INV/2025/00055,,history,2025-11-14,Piekarnia Żoliborz,Poland,Piotr Zieliński,Warsaw DC,240.00,EUR,Earl Grey Tea 500g
S00067,Payment received,2025-11-12T14:39:41+00:00,Anna Kowalczyk,INV/2025/00055,,history,,Piekarnia Żoliborz,Poland,Piotr Zieliński,Warsaw DC,240.00,EUR,Earl Grey Tea 500g
S00068,Quotation created,2025-10-10T13:11:18+00:00,Kasia Nowak,S00068,,history,,Biurowiec Mokotowska,Poland,Kasia Nowak,Warsaw DC,36.00,EUR,Espresso Beans Brazil 1kg
S00068,Quotation sent,2025-10-10T15:28:41+00:00,Kasia Nowak,S00068,,history,,Biurowiec Mokotowska,Poland,Kasia Nowak,Warsaw DC,36.00,EUR,Espresso Beans Brazil 1kg
S00068,Order confirmed,2025-10-13T06:42:04+00:00,Kasia Nowak,S00068,,history,,Biurowiec Mokotowska,Poland,Kasia Nowak,Warsaw DC,36.00,EUR,Espresso Beans Brazil 1kg
S00068,Goods shipped,2025-10-14T06:45:47+00:00,Ola Wiśniewska,WAW/OUT/00029,,history,,Biurowiec Mokotowska,Poland,Kasia Nowak,Warsaw DC,36.00,EUR,Espresso Beans Brazil 1kg
S00068,Invoice posted,2025-10-17T10:45:23+00:00,Anna Kowalczyk,INV/2025/00059,,history,2025-11-16,Biurowiec Mokotowska,Poland,Kasia Nowak,Warsaw DC,36.00,EUR,Espresso Beans Brazil 1kg
S00068,Payment received,2025-10-28T07:41:15+00:00,Anna Kowalczyk,INV/2025/00059,,history,,Biurowiec Mokotowska,Poland,Kasia Nowak,Warsaw DC,36.00,EUR,Espresso Beans Brazil 1kg
S00069,Quotation created,2025-10-13T06:08:30+00:00,Kasia Nowak,S00069,,history,,Bistro Kazimierz,Poland,Kasia Nowak,Warsaw DC,681.00,EUR,Decaf Colombia Beans 1kg; Ground Coffee 250g; Paper Cups 12oz x1000
S00069,Quotation sent,2025-10-13T06:53:43+00:00,Kasia Nowak,S00069,,history,,Bistro Kazimierz,Poland,Kasia Nowak,Warsaw DC,681.00,EUR,Decaf Colombia Beans 1kg; Ground Coffee 250g; Paper Cups 12oz x1000
S00069,Order confirmed,2025-10-15T06:25:55+00:00,Kasia Nowak,S00069,,history,,Bistro Kazimierz,Poland,Kasia Nowak,Warsaw DC,681.00,EUR,Decaf Colombia Beans 1kg; Ground Coffee 250g; Paper Cups 12oz x1000
S00069,Goods shipped,2025-10-16T06:28:44+00:00,Ola Wiśniewska,WAW/OUT/00031,,history,,Bistro Kazimierz,Poland,Kasia Nowak,Warsaw DC,681.00,EUR,Decaf Colombia Beans 1kg; Ground Coffee 250g; Paper Cups 12oz x1000
S00069,Invoice posted,2025-10-20T07:22:08+00:00,Anna Kowalczyk,INV/2025/00060,,history,2025-11-19,Bistro Kazimierz,Poland,Kasia Nowak,Warsaw DC,681.00,EUR,Decaf Colombia Beans 1kg; Ground Coffee 250g; Paper Cups 12oz x1000
S00069,Payment received,2025-10-28T14:59:33+00:00,Anna Kowalczyk,INV/2025/00060,,history,,Bistro Kazimierz,Poland,Kasia Nowak,Warsaw DC,681.00,EUR,Decaf Colombia Beans 1kg; Ground Coffee 250g; Paper Cups 12oz x1000
S00070,Quotation created,2025-10-13T06:25:39+00:00,Sophie Lambert,S00070,,history,,Lunchbar Kouter,Belgium,Sophie Lambert,Brussels DC,216.00,EUR,Espresso Beans Brazil 1kg
S00070,Quotation sent,2025-10-13T08:21:38+00:00,Sophie Lambert,S00070,,history,,Lunchbar Kouter,Belgium,Sophie Lambert,Brussels DC,216.00,EUR,Espresso Beans Brazil 1kg
S00070,Order cancelled,2025-11-17T07:11:40+00:00,Sophie Lambert,S00070,,history,,Lunchbar Kouter,Belgium,Sophie Lambert,Brussels DC,216.00,EUR,Espresso Beans Brazil 1kg
S00071,Quotation created,2025-10-13T06:35:25+00:00,Sophie Lambert,S00071,,history,,Café des Arts Mons,Belgium,Sophie Lambert,Brussels DC,612.00,EUR,Decaf Colombia Beans 1kg; House Blend Beans 1kg
S00071,Quotation sent,2025-10-13T09:09:27+00:00,Sophie Lambert,S00071,,history,,Café des Arts Mons,Belgium,Sophie Lambert,Brussels DC,612.00,EUR,Decaf Colombia Beans 1kg; House Blend Beans 1kg
S00071,Order confirmed,2025-10-14T06:35:12+00:00,Sophie Lambert,S00071,,history,,Café des Arts Mons,Belgium,Sophie Lambert,Brussels DC,612.00,EUR,Decaf Colombia Beans 1kg; House Blend Beans 1kg
S00071,Goods shipped,2025-10-15T06:39:47+00:00,Marc Dubois,BRU/OUT/00031,,history,,Café des Arts Mons,Belgium,Sophie Lambert,Brussels DC,612.00,EUR,Decaf Colombia Beans 1kg; House Blend Beans 1kg
S00071,Invoice posted,2025-10-16T06:20:43+00:00,Julie Martin,INV/2025/00056,,history,2025-11-15,Café des Arts Mons,Belgium,Sophie Lambert,Brussels DC,612.00,EUR,Decaf Colombia Beans 1kg; House Blend Beans 1kg
S00071,Payment received,2025-11-07T11:37:42+00:00,Julie Martin,INV/2025/00056,,history,,Café des Arts Mons,Belgium,Sophie Lambert,Brussels DC,612.00,EUR,Decaf Colombia Beans 1kg; House Blend Beans 1kg
S00072,Quotation created,2025-10-13T06:40:24+00:00,Piotr Zieliński,S00072,,history,,Kawiarnia Rynek,Poland,Piotr Zieliński,Warsaw DC,320.00,EUR,House Blend Beans 1kg
S00072,Quotation sent,2025-10-13T10:21:48+00:00,Piotr Zieliński,S00072,,history,,Kawiarnia Rynek,Poland,Piotr Zieliński,Warsaw DC,320.00,EUR,House Blend Beans 1kg
S00072,Order confirmed,2025-10-20T06:12:45+00:00,Piotr Zieliński,S00072,,history,,Kawiarnia Rynek,Poland,Piotr Zieliński,Warsaw DC,320.00,EUR,House Blend Beans 1kg
S00072,Invoice posted,2025-10-20T12:10:09+00:00,Anna Kowalczyk,INV/2025/00064,,history,2025-11-19,Kawiarnia Rynek,Poland,Piotr Zieliński,Warsaw DC,320.00,EUR,House Blend Beans 1kg
S00072,Goods shipped,2025-10-21T06:43:20+00:00,Ola Wiśniewska,WAW/OUT/00035,,history,,Kawiarnia Rynek,Poland,Piotr Zieliński,Warsaw DC,320.00,EUR,House Blend Beans 1kg
S00072,Credit note posted,2025-11-03T08:54:41+00:00,Anna Kowalczyk,RINV/2025/00004,,history,,Kawiarnia Rynek,Poland,Piotr Zieliński,Warsaw DC,320.00,EUR,House Blend Beans 1kg
S00072,Payment received,2025-11-21T13:34:11+00:00,Anna Kowalczyk,INV/2025/00064,,history,,Kawiarnia Rynek,Poland,Piotr Zieliński,Warsaw DC,320.00,EUR,House Blend Beans 1kg
S00073,Quotation created,2025-10-13T09:28:52+00:00,Sophie Lambert,S00073,,history,,Tearoom Duinen,Belgium,Sophie Lambert,Brussels DC,440.00,EUR,Green Tea Sencha 500g; House Blend Beans 1kg
S00073,Quotation sent,2025-10-13T12:54:42+00:00,Sophie Lambert,S00073,,history,,Tearoom Duinen,Belgium,Sophie Lambert,Brussels DC,440.00,EUR,Green Tea Sencha 500g; House Blend Beans 1kg
S00073,Order confirmed,2025-10-15T12:33:56+00:00,Sophie Lambert,S00073,,history,,Tearoom Duinen,Belgium,Sophie Lambert,Brussels DC,440.00,EUR,Green Tea Sencha 500g; House Blend Beans 1kg
S00073,Goods shipped,2025-10-16T06:00:18+00:00,Marc Dubois,BRU/OUT/00032,,history,,Tearoom Duinen,Belgium,Sophie Lambert,Brussels DC,440.00,EUR,Green Tea Sencha 500g; House Blend Beans 1kg
S00073,Invoice posted,2025-10-16T08:06:28+00:00,Julie Martin,INV/2025/00058,,history,2025-11-15,Tearoom Duinen,Belgium,Sophie Lambert,Brussels DC,440.00,EUR,Green Tea Sencha 500g; House Blend Beans 1kg
S00073,Payment received,2025-11-24T13:00:36+00:00,Julie Martin,INV/2025/00058,,history,,Tearoom Duinen,Belgium,Sophie Lambert,Brussels DC,440.00,EUR,Green Tea Sencha 500g; House Blend Beans 1kg
S00074,Quotation created,2025-10-13T12:21:01+00:00,Piotr Zieliński,S00074,,history,,Piekarnia Żoliborz,Poland,Piotr Zieliński,Warsaw DC,72.00,EUR,Espresso Beans Brazil 1kg
S00074,Quotation sent,2025-10-14T06:56:02+00:00,Piotr Zieliński,S00074,,history,,Piekarnia Żoliborz,Poland,Piotr Zieliński,Warsaw DC,72.00,EUR,Espresso Beans Brazil 1kg
S00074,Order cancelled,2025-11-18T07:23:40+00:00,Piotr Zieliński,S00074,,history,,Piekarnia Żoliborz,Poland,Piotr Zieliński,Warsaw DC,72.00,EUR,Espresso Beans Brazil 1kg
S00075,Quotation created,2025-10-14T07:48:34+00:00,Tom Peeters,S00075,,history,,Hotel Lindenhof,Belgium,Tom Peeters,Brussels DC,208.00,EUR,Cup Lids x1000; Espresso Beans Brazil 1kg
S00075,Order cancelled,2025-11-10T07:35:10+00:00,Tom Peeters,S00075,,history,,Hotel Lindenhof,Belgium,Tom Peeters,Brussels DC,208.00,EUR,Cup Lids x1000; Espresso Beans Brazil 1kg
S00076,Quotation created,2025-10-14T08:02:15+00:00,Piotr Zieliński,S00076,,history,,Hotel Nad Wisłą,Poland,Piotr Zieliński,Warsaw DC,540.00,EUR,Paper Cups 12oz x1000
S00076,Quotation sent,2025-10-14T13:59:33+00:00,Piotr Zieliński,S00076,,history,,Hotel Nad Wisłą,Poland,Piotr Zieliński,Warsaw DC,540.00,EUR,Paper Cups 12oz x1000
S00076,Order confirmed,2025-10-15T06:18:24+00:00,Piotr Zieliński,S00076,,history,,Hotel Nad Wisłą,Poland,Piotr Zieliński,Warsaw DC,540.00,EUR,Paper Cups 12oz x1000
S00076,Goods shipped,2025-10-16T07:11:50+00:00,Ola Wiśniewska,WAW/OUT/00030,,history,,Hotel Nad Wisłą,Poland,Piotr Zieliński,Warsaw DC,540.00,EUR,Paper Cups 12oz x1000
S00076,Invoice posted,2025-10-20T07:38:46+00:00,Anna Kowalczyk,INV/2025/00061,,history,2025-11-19,Hotel Nad Wisłą,Poland,Piotr Zieliński,Warsaw DC,540.00,EUR,Paper Cups 12oz x1000
S00076,Payment received,2025-12-08T10:37:38+00:00,Anna Kowalczyk,INV/2025/00061,,history,,Hotel Nad Wisłą,Poland,Piotr Zieliński,Warsaw DC,540.00,EUR,Paper Cups 12oz x1000
S00077,Quotation created,2025-10-14T12:41:50+00:00,Sophie Lambert,S00077,,history,,Hotel Horizon Namur,Belgium,Sophie Lambert,Brussels DC,1000.00,EUR,Coffee Grinder Compact; Descaler Tablets x10
S00077,Quotation sent,2025-10-14T13:43:44+00:00,Sophie Lambert,S00077,,history,,Hotel Horizon Namur,Belgium,Sophie Lambert,Brussels DC,1000.00,EUR,Coffee Grinder Compact; Descaler Tablets x10
S00077,Order confirmed,2025-10-20T06:33:05+00:00,Sophie Lambert,S00077,,history,,Hotel Horizon Namur,Belgium,Sophie Lambert,Brussels DC,1000.00,EUR,Coffee Grinder Compact; Descaler Tablets x10
S00077,Goods shipped,2025-10-21T06:23:19+00:00,Marc Dubois,BRU/OUT/00035,,history,,Hotel Horizon Namur,Belgium,Sophie Lambert,Brussels DC,1000.00,EUR,Coffee Grinder Compact; Descaler Tablets x10
S00077,Invoice posted,2025-10-21T14:03:14+00:00,Julie Martin,INV/2025/00066,,history,2025-11-20,Hotel Horizon Namur,Belgium,Sophie Lambert,Brussels DC,1000.00,EUR,Coffee Grinder Compact; Descaler Tablets x10
S00077,Payment received,2025-11-20T07:32:49+00:00,Julie Martin,INV/2025/00066,,history,,Hotel Horizon Namur,Belgium,Sophie Lambert,Brussels DC,1000.00,EUR,Coffee Grinder Compact; Descaler Tablets x10
S00078,Quotation created,2025-10-14T14:08:40+00:00,Sophie Lambert,S00078,,history,,Brasserie du Canal,Belgium,Sophie Lambert,Brussels DC,836.00,EUR,Cup Lids x1000; Oat Milk Barista 12x1L
S00078,Order cancelled,2025-11-12T09:27:27+00:00,Sophie Lambert,S00078,,history,,Brasserie du Canal,Belgium,Sophie Lambert,Brussels DC,836.00,EUR,Cup Lids x1000; Oat Milk Barista 12x1L
S00079,Quotation created,2025-10-14T14:57:15+00:00,Kasia Nowak,S00079,,history,,Kawiarnia Mokotów,Poland,Kasia Nowak,Warsaw DC,578.00,EUR,Cup Lids x1000; Espresso Beans Brazil 1kg; Green Tea Sencha 500g
S00079,Quotation sent,2025-10-15T06:24:10+00:00,Kasia Nowak,S00079,,history,,Kawiarnia Mokotów,Poland,Kasia Nowak,Warsaw DC,578.00,EUR,Cup Lids x1000; Espresso Beans Brazil 1kg; Green Tea Sencha 500g
S00079,Order cancelled,2025-11-06T07:31:09+00:00,Kasia Nowak,S00079,,history,,Kawiarnia Mokotów,Poland,Kasia Nowak,Warsaw DC,578.00,EUR,Cup Lids x1000; Espresso Beans Brazil 1kg; Green Tea Sencha 500g
S00080,Quotation created,2025-10-15T06:13:54+00:00,Piotr Zieliński,S00080,,history,,Restauracja Odra,Poland,Piotr Zieliński,Warsaw DC,516.00,EUR,Espresso Beans Ethiopia 1kg; Ground Coffee 250g
S00080,Quotation sent,2025-10-15T09:42:08+00:00,Piotr Zieliński,S00080,,history,,Restauracja Odra,Poland,Piotr Zieliński,Warsaw DC,516.00,EUR,Espresso Beans Ethiopia 1kg; Ground Coffee 250g
S00080,Order confirmed,2025-10-16T06:54:54+00:00,Piotr Zieliński,S00080,,history,,Restauracja Odra,Poland,Piotr Zieliński,Warsaw DC,516.00,EUR,Espresso Beans Ethiopia 1kg; Ground Coffee 250g
S00080,Goods shipped,2025-10-17T06:09:53+00:00,Ola Wiśniewska,WAW/OUT/00033,,history,,Restauracja Odra,Poland,Piotr Zieliński,Warsaw DC,516.00,EUR,Espresso Beans Ethiopia 1kg; Ground Coffee 250g
S00080,Invoice posted,2025-10-20T12:35:14+00:00,Anna Kowalczyk,INV/2025/00065,,history,2025-11-19,Restauracja Odra,Poland,Piotr Zieliński,Warsaw DC,516.00,EUR,Espresso Beans Ethiopia 1kg; Ground Coffee 250g
S00080,Payment received,2026-01-20T07:24:46+00:00,Anna Kowalczyk,INV/2025/00065,,history,,Restauracja Odra,Poland,Piotr Zieliński,Warsaw DC,516.00,EUR,Espresso Beans Ethiopia 1kg; Ground Coffee 250g
S00081,Quotation created,2025-10-15T07:11:08+00:00,Piotr Zieliński,S00081,,history,,Hotel Tatry View,Poland,Piotr Zieliński,Warsaw DC,860.00,EUR,House Blend Beans 1kg; Paper Cups 12oz x1000
S00081,Quotation sent,2025-10-15T12:49:00+00:00,Piotr Zieliński,S00081,,history,,Hotel Tatry View,Poland,Piotr Zieliński,Warsaw DC,860.00,EUR,House Blend Beans 1kg; Paper Cups 12oz x1000
S00081,Order confirmed,2025-10-16T06:21:19+00:00,Piotr Zieliński,S00081,,history,,Hotel Tatry View,Poland,Piotr Zieliński,Warsaw DC,860.00,EUR,House Blend Beans 1kg; Paper Cups 12oz x1000
S00081,Goods shipped,2025-10-17T06:23:44+00:00,Ola Wiśniewska,WAW/OUT/00032,,history,,Hotel Tatry View,Poland,Piotr Zieliński,Warsaw DC,860.00,EUR,House Blend Beans 1kg; Paper Cups 12oz x1000
S00081,Invoice posted,2025-10-20T08:15:59+00:00,Anna Kowalczyk,INV/2025/00062,,history,2025-11-19,Hotel Tatry View,Poland,Piotr Zieliński,Warsaw DC,860.00,EUR,House Blend Beans 1kg; Paper Cups 12oz x1000
S00081,Payment received,2025-11-13T15:33:58+00:00,Anna Kowalczyk,INV/2025/00062,,history,,Hotel Tatry View,Poland,Piotr Zieliński,Warsaw DC,860.00,EUR,House Blend Beans 1kg; Paper Cups 12oz x1000
S00082,Quotation created,2025-10-15T12:35:20+00:00,Kasia Nowak,S00082,,history,,Biurowiec Mokotowska,Poland,Kasia Nowak,Warsaw DC,522.00,EUR,Espresso Beans Brazil 1kg; Paper Cups 12oz x1000
S00082,Order confirmed,2025-10-20T06:50:26+00:00,Kasia Nowak,S00082,,history,,Biurowiec Mokotowska,Poland,Kasia Nowak,Warsaw DC,522.00,EUR,Espresso Beans Brazil 1kg; Paper Cups 12oz x1000
S00082,Goods shipped,2025-10-21T06:40:37+00:00,Ola Wiśniewska,WAW/OUT/00036,,history,,Biurowiec Mokotowska,Poland,Kasia Nowak,Warsaw DC,522.00,EUR,Espresso Beans Brazil 1kg; Paper Cups 12oz x1000
S00082,Invoice posted,2025-10-27T07:18:55+00:00,Anna Kowalczyk,INV/2025/00074,,history,2025-11-26,Biurowiec Mokotowska,Poland,Kasia Nowak,Warsaw DC,522.00,EUR,Espresso Beans Brazil 1kg; Paper Cups 12oz x1000
S00082,Payment received,2025-11-21T07:26:16+00:00,Anna Kowalczyk,INV/2025/00074,,history,,Biurowiec Mokotowska,Poland,Kasia Nowak,Warsaw DC,522.00,EUR,Espresso Beans Brazil 1kg; Paper Cups 12oz x1000
S00083,Quotation created,2025-10-15T15:30:12+00:00,Kasia Nowak,S00083,,history,,Restauracja Odra,Poland,Kasia Nowak,Warsaw DC,480.00,EUR,Espresso Beans Ethiopia 1kg
S00083,Quotation sent,2025-10-16T06:40:18+00:00,Kasia Nowak,S00083,,history,,Restauracja Odra,Poland,Kasia Nowak,Warsaw DC,480.00,EUR,Espresso Beans Ethiopia 1kg
S00083,Order confirmed,2025-10-17T13:36:50+00:00,Kasia Nowak,S00083,,history,,Restauracja Odra,Poland,Kasia Nowak,Warsaw DC,480.00,EUR,Espresso Beans Ethiopia 1kg
S00083,Goods shipped,2025-10-22T11:05:00+00:00,Ola Wiśniewska,WAW/OUT/00034,,history,,Restauracja Odra,Poland,Kasia Nowak,Warsaw DC,480.00,EUR,Espresso Beans Ethiopia 1kg
S00083,Invoice posted,2025-10-24T07:02:02+00:00,Anna Kowalczyk,INV/2025/00070,,history,2025-11-23,Restauracja Odra,Poland,Kasia Nowak,Warsaw DC,480.00,EUR,Espresso Beans Ethiopia 1kg
S00083,Payment received,2025-12-22T07:14:53+00:00,Anna Kowalczyk,INV/2025/00070,,history,,Restauracja Odra,Poland,Kasia Nowak,Warsaw DC,480.00,EUR,Espresso Beans Ethiopia 1kg
S00084,Quotation created,2025-10-16T07:43:40+00:00,Kasia Nowak,S00084,,history,,Restauracja Odra,Poland,Kasia Nowak,Warsaw DC,304.00,EUR,Ground Coffee 250g; Oat Milk Barista 12x1L
S00084,Quotation sent,2025-10-16T11:19:39+00:00,Kasia Nowak,S00084,,history,,Restauracja Odra,Poland,Kasia Nowak,Warsaw DC,304.00,EUR,Ground Coffee 250g; Oat Milk Barista 12x1L
S00084,Order cancelled,2025-11-10T07:49:00+00:00,Kasia Nowak,S00084,,history,,Restauracja Odra,Poland,Kasia Nowak,Warsaw DC,304.00,EUR,Ground Coffee 250g; Oat Milk Barista 12x1L
S00085,Quotation created,2025-10-16T12:40:27+00:00,Tom Peeters,S00085,,history,,Café Parvis,Belgium,Tom Peeters,Brussels DC,160.00,EUR,Espresso Beans Brazil 1kg; Green Tea Sencha 500g
S00085,Quotation sent,2025-10-17T06:24:00+00:00,Tom Peeters,S00085,,history,,Café Parvis,Belgium,Tom Peeters,Brussels DC,160.00,EUR,Espresso Beans Brazil 1kg; Green Tea Sencha 500g
S00086,Quotation created,2025-10-17T08:15:57+00:00,Tom Peeters,S00086,,history,,Café Sint-Pieters,Belgium,Tom Peeters,Brussels DC,2043.00,EUR,Chai Latte Mix 1kg; Coffee Grinder Compact; Oat Milk Barista 12x1L; Vanilla Syrup 1L
S00086,Quotation sent,2025-10-17T11:07:30+00:00,Tom Peeters,S00086,,history,,Café Sint-Pieters,Belgium,Tom Peeters,Brussels DC,2043.00,EUR,Chai Latte Mix 1kg; Coffee Grinder Compact; Oat Milk Barista 12x1L; Vanilla Syrup 1L
S00086,Order confirmed,2025-10-22T06:01:59+00:00,Tom Peeters,S00086,,history,,Café Sint-Pieters,Belgium,Tom Peeters,Brussels DC,2043.00,EUR,Chai Latte Mix 1kg; Coffee Grinder Compact; Oat Milk Barista 12x1L; Vanilla Syrup 1L
S00086,Order changed after confirmation,2025-10-23T06:29:31+00:00,Tom Peeters,S00086,"amount 1,796.00 -> 2,043.00",history,,Café Sint-Pieters,Belgium,Tom Peeters,Brussels DC,2043.00,EUR,Chai Latte Mix 1kg; Coffee Grinder Compact; Oat Milk Barista 12x1L; Vanilla Syrup 1L
S00086,Goods shipped,2025-10-23T13:02:39+00:00,Marc Dubois,BRU/OUT/00037,,history,,Café Sint-Pieters,Belgium,Tom Peeters,Brussels DC,2043.00,EUR,Chai Latte Mix 1kg; Coffee Grinder Compact; Oat Milk Barista 12x1L; Vanilla Syrup 1L
S00086,Invoice posted,2025-10-24T07:49:09+00:00,Julie Martin,INV/2025/00071,,history,2025-11-23,Café Sint-Pieters,Belgium,Tom Peeters,Brussels DC,2043.00,EUR,Chai Latte Mix 1kg; Coffee Grinder Compact; Oat Milk Barista 12x1L; Vanilla Syrup 1L
S00086,Payment received,2025-11-12T16:17:54+00:00,Julie Martin,INV/2025/00071,,history,,Café Sint-Pieters,Belgium,Tom Peeters,Brussels DC,2043.00,EUR,Chai Latte Mix 1kg; Coffee Grinder Compact; Oat Milk Barista 12x1L; Vanilla Syrup 1L
S00087,Quotation created,2025-10-17T08:51:22+00:00,Sophie Lambert,S00087,,history,,Café Sint-Pieters,Belgium,Sophie Lambert,Brussels DC,282.00,EUR,House Blend Beans 1kg; Paper Cups 12oz x1000
S00087,Quotation sent,2025-10-17T10:05:00+00:00,Sophie Lambert,S00087,,history,,Café Sint-Pieters,Belgium,Sophie Lambert,Brussels DC,282.00,EUR,House Blend Beans 1kg; Paper Cups 12oz x1000
S00087,Order confirmed,2025-10-20T06:19:05+00:00,Sophie Lambert,S00087,,history,,Café Sint-Pieters,Belgium,Sophie Lambert,Brussels DC,282.00,EUR,House Blend Beans 1kg; Paper Cups 12oz x1000
S00087,Goods shipped,2025-10-21T06:46:15+00:00,Marc Dubois,BRU/OUT/00034,,history,,Café Sint-Pieters,Belgium,Sophie Lambert,Brussels DC,282.00,EUR,House Blend Beans 1kg; Paper Cups 12oz x1000
S00087,Invoice posted,2025-10-22T06:55:10+00:00,Julie Martin,INV/2025/00067,,history,2025-11-21,Café Sint-Pieters,Belgium,Sophie Lambert,Brussels DC,282.00,EUR,House Blend Beans 1kg; Paper Cups 12oz x1000
S00087,Payment received,2025-11-07T07:58:30+00:00,Julie Martin,INV/2025/00067,,history,,Café Sint-Pieters,Belgium,Sophie Lambert,Brussels DC,282.00,EUR,House Blend Beans 1kg; Paper Cups 12oz x1000
S00088,Quotation created,2025-10-17T12:12:14+00:00,Kasia Nowak,S00088,,history,,Restauracja Odra,Poland,Kasia Nowak,Warsaw DC,1260.00,EUR,Cup Lids x1000; Espresso Beans Brazil 1kg; Espresso Beans Ethiopia 1kg
S00088,Quotation sent,2025-10-20T06:21:28+00:00,Kasia Nowak,S00088,,history,,Restauracja Odra,Poland,Kasia Nowak,Warsaw DC,1260.00,EUR,Cup Lids x1000; Espresso Beans Brazil 1kg; Espresso Beans Ethiopia 1kg
S00088,Order confirmed,2025-10-22T06:38:03+00:00,Kasia Nowak,S00088,,history,,Restauracja Odra,Poland,Kasia Nowak,Warsaw DC,1260.00,EUR,Cup Lids x1000; Espresso Beans Brazil 1kg; Espresso Beans Ethiopia 1kg
S00088,Goods shipped,2025-10-23T06:10:00+00:00,Ola Wiśniewska,WAW/OUT/00037,,history,,Restauracja Odra,Poland,Kasia Nowak,Warsaw DC,1260.00,EUR,Cup Lids x1000; Espresso Beans Brazil 1kg; Espresso Beans Ethiopia 1kg
S00088,Invoice posted,2025-10-24T06:34:57+00:00,Anna Kowalczyk,INV/2025/00069,,history,2025-11-23,Restauracja Odra,Poland,Kasia Nowak,Warsaw DC,1260.00,EUR,Cup Lids x1000; Espresso Beans Brazil 1kg; Espresso Beans Ethiopia 1kg
S00088,Payment received,2025-12-29T07:40:39+00:00,Anna Kowalczyk,INV/2025/00069,,history,,Restauracja Odra,Poland,Kasia Nowak,Warsaw DC,1260.00,EUR,Cup Lids x1000; Espresso Beans Brazil 1kg; Espresso Beans Ethiopia 1kg
S00089,Quotation created,2025-10-17T12:16:31+00:00,Tom Peeters,S00089,,history,,Café Parvis,Belgium,Tom Peeters,Brussels DC,32.00,EUR,House Blend Beans 1kg
S00089,Quotation sent,2025-10-20T06:22:01+00:00,Tom Peeters,S00089,,history,,Café Parvis,Belgium,Tom Peeters,Brussels DC,32.00,EUR,House Blend Beans 1kg
S00089,Order confirmed,2025-10-23T06:45:05+00:00,Tom Peeters,S00089,,history,,Café Parvis,Belgium,Tom Peeters,Brussels DC,32.00,EUR,House Blend Beans 1kg
S00089,Goods shipped,2025-10-24T06:22:30+00:00,Marc Dubois,BRU/OUT/00040,,history,,Café Parvis,Belgium,Tom Peeters,Brussels DC,32.00,EUR,House Blend Beans 1kg
S00089,Invoice posted,2025-10-27T07:30:08+00:00,Julie Martin,INV/2025/00075,,history,2025-11-26,Café Parvis,Belgium,Tom Peeters,Brussels DC,32.00,EUR,House Blend Beans 1kg
S00089,Payment received,2025-11-25T10:51:02+00:00,Julie Martin,INV/2025/00075,,history,,Café Parvis,Belgium,Tom Peeters,Brussels DC,32.00,EUR,House Blend Beans 1kg
S00090,Quotation created,2025-10-17T12:21:20+00:00,Tom Peeters,S00090,,history,,Hotel Atelier Bruges,Belgium,Tom Peeters,Brussels DC,816.00,EUR,Chai Latte Mix 1kg; Espresso Beans Brazil 1kg
S00090,Quotation sent,2025-10-20T06:26:44+00:00,Tom Peeters,S00090,,history,,Hotel Atelier Bruges,Belgium,Tom Peeters,Brussels DC,816.00,EUR,Chai Latte Mix 1kg; Espresso Beans Brazil 1kg
S00090,Order confirmed,2025-10-22T07:41:48+00:00,Tom Peeters,S00090,,history,,Hotel Atelier Bruges,Belgium,Tom Peeters,Brussels DC,816.00,EUR,Chai Latte Mix 1kg; Espresso Beans Brazil 1kg
S00090,Goods shipped,2025-10-23T06:20:07+00:00,Marc Dubois,BRU/OUT/00039,,history,,Hotel Atelier Bruges,Belgium,Tom Peeters,Brussels DC,816.00,EUR,Chai Latte Mix 1kg; Espresso Beans Brazil 1kg
S00090,Invoice posted,2025-10-24T09:30:42+00:00,Julie Martin,INV/2025/00072,,history,2025-11-23,Hotel Atelier Bruges,Belgium,Tom Peeters,Brussels DC,816.00,EUR,Chai Latte Mix 1kg; Espresso Beans Brazil 1kg
S00090,Payment received,2025-11-19T09:50:03+00:00,Julie Martin,INV/2025/00072,,history,,Hotel Atelier Bruges,Belgium,Tom Peeters,Brussels DC,816.00,EUR,Chai Latte Mix 1kg; Espresso Beans Brazil 1kg
S00091,Quotation created,2025-10-17T15:01:03+00:00,Tom Peeters,S00091,,history,,Koffiebar Meir,Belgium,Tom Peeters,Brussels DC,636.00,EUR,Barista Apron; Espresso Beans Brazil 1kg
S00091,Order confirmed,2025-10-20T06:04:53+00:00,Tom Peeters,S00091,,history,,Koffiebar Meir,Belgium,Tom Peeters,Brussels DC,636.00,EUR,Barista Apron; Espresso Beans Brazil 1kg
S00091,Order changed after confirmation,2025-10-20T11:21:57+00:00,Tom Peeters,S00091,amount 600.00 -> 636.00,history,,Koffiebar Meir,Belgium,Tom Peeters,Brussels DC,636.00,EUR,Barista Apron; Espresso Beans Brazil 1kg
S00091,Goods shipped,2025-10-21T06:55:14+00:00,Marc Dubois,BRU/OUT/00033,,history,,Koffiebar Meir,Belgium,Tom Peeters,Brussels DC,636.00,EUR,Barista Apron; Espresso Beans Brazil 1kg
S00091,Invoice posted,2025-10-22T09:15:08+00:00,Julie Martin,INV/2025/00068,,history,2025-11-21,Koffiebar Meir,Belgium,Tom Peeters,Brussels DC,636.00,EUR,Barista Apron; Espresso Beans Brazil 1kg
S00091,Payment received,2025-11-18T10:35:08+00:00,Julie Martin,INV/2025/00068,,history,,Koffiebar Meir,Belgium,Tom Peeters,Brussels DC,636.00,EUR,Barista Apron; Espresso Beans Brazil 1kg
S00092,Quotation created,2025-10-20T06:07:25+00:00,Sophie Lambert,S00092,,history,,Café Parvis,Belgium,Sophie Lambert,Brussels DC,796.00,EUR,Barista Apron; Espresso Beans Ethiopia 1kg
S00092,Quotation sent,2025-10-20T09:01:53+00:00,Sophie Lambert,S00092,,history,,Café Parvis,Belgium,Sophie Lambert,Brussels DC,796.00,EUR,Barista Apron; Espresso Beans Ethiopia 1kg
S00092,Order confirmed,2025-10-24T13:28:07+00:00,Sophie Lambert,S00092,,history,,Café Parvis,Belgium,Sophie Lambert,Brussels DC,796.00,EUR,Barista Apron; Espresso Beans Ethiopia 1kg
S00092,Goods shipped,2025-10-27T07:54:10+00:00,Marc Dubois,BRU/OUT/00042,,history,,Café Parvis,Belgium,Sophie Lambert,Brussels DC,796.00,EUR,Barista Apron; Espresso Beans Ethiopia 1kg
S00092,Invoice posted,2025-10-28T12:33:43+00:00,Julie Martin,INV/2025/00080,,history,2025-11-27,Café Parvis,Belgium,Sophie Lambert,Brussels DC,796.00,EUR,Barista Apron; Espresso Beans Ethiopia 1kg
S00092,Payment received,2025-11-17T07:49:22+00:00,Julie Martin,INV/2025/00080,,history,,Café Parvis,Belgium,Sophie Lambert,Brussels DC,796.00,EUR,Barista Apron; Espresso Beans Ethiopia 1kg
S00093,Quotation created,2025-10-20T06:20:55+00:00,Kasia Nowak,S00093,,history,,Piekarnia Żoliborz,Poland,Kasia Nowak,Warsaw DC,102.00,EUR,Espresso Beans Brazil 1kg; Ground Coffee 250g
S00093,Quotation sent,2025-10-20T11:27:51+00:00,Kasia Nowak,S00093,,history,,Piekarnia Żoliborz,Poland,Kasia Nowak,Warsaw DC,102.00,EUR,Espresso Beans Brazil 1kg; Ground Coffee 250g
S00093,Order confirmed,2025-10-24T06:06:34+00:00,Kasia Nowak,S00093,,history,,Piekarnia Żoliborz,Poland,Kasia Nowak,Warsaw DC,102.00,EUR,Espresso Beans Brazil 1kg; Ground Coffee 250g
S00093,Goods shipped,2025-10-28T10:33:00+00:00,Ola Wiśniewska,WAW/OUT/00038,,history,,Piekarnia Żoliborz,Poland,Kasia Nowak,Warsaw DC,102.00,EUR,Espresso Beans Brazil 1kg; Ground Coffee 250g
S00093,Invoice posted,2025-10-30T08:32:13+00:00,Anna Kowalczyk,INV/2025/00084,,history,2025-11-29,Piekarnia Żoliborz,Poland,Kasia Nowak,Warsaw DC,102.00,EUR,Espresso Beans Brazil 1kg; Ground Coffee 250g
S00093,Payment received,2025-11-24T07:12:50+00:00,Anna Kowalczyk,INV/2025/00084,,history,,Piekarnia Żoliborz,Poland,Kasia Nowak,Warsaw DC,102.00,EUR,Espresso Beans Brazil 1kg; Ground Coffee 250g
S00094,Quotation created,2025-10-20T06:30:03+00:00,Sophie Lambert,S00094,,history,,Station Coffee Mechelen,Belgium,Sophie Lambert,Brussels DC,110.00,EUR,Chai Latte Mix 1kg; Espresso Beans Brazil 1kg
S00094,Quotation sent,2025-10-20T10:48:05+00:00,Sophie Lambert,S00094,,history,,Station Coffee Mechelen,Belgium,Sophie Lambert,Brussels DC,110.00,EUR,Chai Latte Mix 1kg; Espresso Beans Brazil 1kg
S00094,Order confirmed,2025-10-21T06:59:36+00:00,Sophie Lambert,S00094,,history,,Station Coffee Mechelen,Belgium,Sophie Lambert,Brussels DC,110.00,EUR,Chai Latte Mix 1kg; Espresso Beans Brazil 1kg
S00094,Goods shipped,2025-10-23T06:58:02+00:00,Marc Dubois,BRU/OUT/00036,,history,,Station Coffee Mechelen,Belgium,Sophie Lambert,Brussels DC,110.00,EUR,Chai Latte Mix 1kg; Espresso Beans Brazil 1kg
S00094,Invoice posted,2025-10-24T11:36:30+00:00,Julie Martin,INV/2025/00073,,history,2025-11-23,Station Coffee Mechelen,Belgium,Sophie Lambert,Brussels DC,110.00,EUR,Chai Latte Mix 1kg; Espresso Beans Brazil 1kg
S00094,Payment received,2025-12-01T07:34:36+00:00,Julie Martin,INV/2025/00073,,history,,Station Coffee Mechelen,Belgium,Sophie Lambert,Brussels DC,110.00,EUR,Chai Latte Mix 1kg; Espresso Beans Brazil 1kg
S00095,Quotation created,2025-10-21T12:46:59+00:00,Tom Peeters,S00095,,history,,Kantine Noord,Belgium,Tom Peeters,Brussels DC,399.00,EUR,Decaf Colombia Beans 1kg
S00095,Quotation sent,2025-10-21T14:45:25+00:00,Tom Peeters,S00095,,history,,Kantine Noord,Belgium,Tom Peeters,Brussels DC,399.00,EUR,Decaf Colombia Beans 1kg
S00095,Order confirmed,2025-10-22T06:33:27+00:00,Tom Peeters,S00095,,history,,Kantine Noord,Belgium,Tom Peeters,Brussels DC,399.00,EUR,Decaf Colombia Beans 1kg
S00095,Order changed after confirmation,2025-10-22T10:29:14+00:00,Tom Peeters,S00095,amount 252.00 -> 399.00,history,,Kantine Noord,Belgium,Tom Peeters,Brussels DC,399.00,EUR,Decaf Colombia Beans 1kg
S00095,Delivery rescheduled,2025-10-23T06:07:14+00:00,Marc Dubois,BRU/OUT/00038,+1.0 days,history,,Kantine Noord,Belgium,Tom Peeters,Brussels DC,399.00,EUR,Decaf Colombia Beans 1kg
S00095,Goods shipped,2025-10-24T07:23:02+00:00,Marc Dubois,BRU/OUT/00038,,history,,Kantine Noord,Belgium,Tom Peeters,Brussels DC,399.00,EUR,Decaf Colombia Beans 1kg
S00095,Invoice posted,2025-10-27T09:00:25+00:00,Julie Martin,INV/2025/00077,,history,2025-11-26,Kantine Noord,Belgium,Tom Peeters,Brussels DC,399.00,EUR,Decaf Colombia Beans 1kg
S00095,Payment received,2025-11-21T07:56:44+00:00,Julie Martin,INV/2025/00077,,history,,Kantine Noord,Belgium,Tom Peeters,Brussels DC,399.00,EUR,Decaf Colombia Beans 1kg
S00096,Quotation created,2025-10-21T13:18:03+00:00,Tom Peeters,S00096,,history,,Campus Kitchen Louvain,Belgium,Tom Peeters,Brussels DC,480.00,EUR,Espresso Beans Ethiopia 1kg
S00096,Quotation sent,2025-10-22T06:15:14+00:00,Tom Peeters,S00096,,history,,Campus Kitchen Louvain,Belgium,Tom Peeters,Brussels DC,480.00,EUR,Espresso Beans Ethiopia 1kg
S00096,Order confirmed,2025-10-27T07:13:47+00:00,Tom Peeters,S00096,,history,,Campus Kitchen Louvain,Belgium,Tom Peeters,Brussels DC,480.00,EUR,Espresso Beans Ethiopia 1kg
S00096,Goods shipped,2025-10-28T07:53:18+00:00,Marc Dubois,BRU/OUT/00043,,history,,Campus Kitchen Louvain,Belgium,Tom Peeters,Brussels DC,480.00,EUR,Espresso Beans Ethiopia 1kg
S00096,Invoice posted,2025-10-29T11:32:00+00:00,Julie Martin,INV/2025/00082,,history,2025-11-28,Campus Kitchen Louvain,Belgium,Tom Peeters,Brussels DC,480.00,EUR,Espresso Beans Ethiopia 1kg
S00096,Payment received,2025-11-27T07:54:42+00:00,Julie Martin,INV/2025/00082,,history,,Campus Kitchen Louvain,Belgium,Tom Peeters,Brussels DC,480.00,EUR,Espresso Beans Ethiopia 1kg
S00097,Quotation created,2025-10-21T15:25:29+00:00,Kasia Nowak,S00097,,history,,Hotel Nad Wisłą,Poland,Kasia Nowak,Warsaw DC,954.00,EUR,Barista Apron; Earl Grey Tea 500g; Espresso Beans Ethiopia 1kg
S00097,Order confirmed,2025-10-27T07:33:21+00:00,Kasia Nowak,S00097,,history,,Hotel Nad Wisłą,Poland,Kasia Nowak,Warsaw DC,954.00,EUR,Barista Apron; Earl Grey Tea 500g; Espresso Beans Ethiopia 1kg
S00097,Invoice posted,2025-10-27T10:04:46+00:00,Anna Kowalczyk,INV/2025/00078,,history,2025-11-26,Hotel Nad Wisłą,Poland,Kasia Nowak,Warsaw DC,954.00,EUR,Barista Apron; Earl Grey Tea 500g; Espresso Beans Ethiopia 1kg
S00097,Order changed after confirmation,2025-10-27T10:31:26+00:00,Kasia Nowak,S00097,amount 800.00 -> 954.00,history,,Hotel Nad Wisłą,Poland,Kasia Nowak,Warsaw DC,954.00,EUR,Barista Apron; Earl Grey Tea 500g; Espresso Beans Ethiopia 1kg
S00097,Goods shipped,2025-10-28T07:00:43+00:00,Ola Wiśniewska,WAW/OUT/00041,,history,,Hotel Nad Wisłą,Poland,Kasia Nowak,Warsaw DC,954.00,EUR,Barista Apron; Earl Grey Tea 500g; Espresso Beans Ethiopia 1kg
S00097,Credit note posted,2025-11-03T07:21:38+00:00,Anna Kowalczyk,RINV/2025/00003,,history,,Hotel Nad Wisłą,Poland,Kasia Nowak,Warsaw DC,954.00,EUR,Barista Apron; Earl Grey Tea 500g; Espresso Beans Ethiopia 1kg
S00097,Payment received,2025-12-22T07:07:45+00:00,Anna Kowalczyk,INV/2025/00078,,history,,Hotel Nad Wisłą,Poland,Kasia Nowak,Warsaw DC,954.00,EUR,Barista Apron; Earl Grey Tea 500g; Espresso Beans Ethiopia 1kg
S00098,Quotation created,2025-10-22T10:32:04+00:00,Sophie Lambert,S00098,,history,,Lunchbar Kouter,Belgium,Sophie Lambert,Brussels DC,845.00,EUR,Cup Lids x1000; Ground Coffee 250g
S00098,Quotation sent,2025-10-22T14:15:52+00:00,Sophie Lambert,S00098,,history,,Lunchbar Kouter,Belgium,Sophie Lambert,Brussels DC,845.00,EUR,Cup Lids x1000; Ground Coffee 250g
S00098,Order confirmed,2025-10-23T06:48:03+00:00,Sophie Lambert,S00098,,history,,Lunchbar Kouter,Belgium,Sophie Lambert,Brussels DC,845.00,EUR,Cup Lids x1000; Ground Coffee 250g
S00098,Order changed after confirmation,2025-10-23T13:36:19+00:00,Sophie Lambert,S00098,amount 720.00 -> 845.00,history,,Lunchbar Kouter,Belgium,Sophie Lambert,Brussels DC,845.00,EUR,Cup Lids x1000; Ground Coffee 250g
S00098,Goods shipped,2025-10-24T06:41:08+00:00,Marc Dubois,BRU/OUT/00041,,history,,Lunchbar Kouter,Belgium,Sophie Lambert,Brussels DC,845.00,EUR,Cup Lids x1000; Ground Coffee 250g
S00098,Invoice posted,2025-10-27T07:55:45+00:00,Julie Martin,INV/2025/00076,,history,2025-11-26,Lunchbar Kouter,Belgium,Sophie Lambert,Brussels DC,845.00,EUR,Cup Lids x1000; Ground Coffee 250g
S00098,Payment received,2025-11-12T10:05:48+00:00,Julie Martin,INV/2025/00076,,history,,Lunchbar Kouter,Belgium,Sophie Lambert,Brussels DC,845.00,EUR,Cup Lids x1000; Ground Coffee 250g
S00099,Quotation created,2025-10-22T10:38:12+00:00,Piotr Zieliński,S00099,,history,,Hotel Nad Wisłą,Poland,Piotr Zieliński,Warsaw DC,3408.00,EUR,Espresso Beans Brazil 1kg; Espresso Beans Ethiopia 1kg; Espresso Machine Pro
S00099,Quotation sent,2025-10-23T06:56:36+00:00,Piotr Zieliński,S00099,,history,,Hotel Nad Wisłą,Poland,Piotr Zieliński,Warsaw DC,3408.00,EUR,Espresso Beans Brazil 1kg; Espresso Beans Ethiopia 1kg; Espresso Machine Pro
S00099,Order confirmed,2025-10-24T15:13:53+00:00,Piotr Zieliński,S00099,,history,,Hotel Nad Wisłą,Poland,Piotr Zieliński,Warsaw DC,3408.00,EUR,Espresso Beans Brazil 1kg; Espresso Beans Ethiopia 1kg; Espresso Machine Pro
S00099,Delivery rescheduled,2025-10-27T07:28:07+00:00,Ola Wiśniewska,WAW/OUT/00040,+6.0 days,history,,Hotel Nad Wisłą,Poland,Piotr Zieliński,Warsaw DC,3408.00,EUR,Espresso Beans Brazil 1kg; Espresso Beans Ethiopia 1kg; Espresso Machine Pro
S00099,Delivery rescheduled,2025-10-29T15:16:15+00:00,Ola Wiśniewska,WAW/OUT/00040,+4.0 days,history,,Hotel Nad Wisłą,Poland,Piotr Zieliński,Warsaw DC,3408.00,EUR,Espresso Beans Brazil 1kg; Espresso Beans Ethiopia 1kg; Espresso Machine Pro
S00099,Delivery rescheduled,2025-10-31T07:48:42+00:00,Ola Wiśniewska,WAW/OUT/00040,+3.0 days,history,,Hotel Nad Wisłą,Poland,Piotr Zieliński,Warsaw DC,3408.00,EUR,Espresso Beans Brazil 1kg; Espresso Beans Ethiopia 1kg; Espresso Machine Pro
S00099,Goods shipped,2025-11-03T07:45:01+00:00,Ola Wiśniewska,WAW/OUT/00040,,history,,Hotel Nad Wisłą,Poland,Piotr Zieliński,Warsaw DC,3408.00,EUR,Espresso Beans Brazil 1kg; Espresso Beans Ethiopia 1kg; Espresso Machine Pro
S00099,Invoice posted,2025-11-06T10:34:42+00:00,Anna Kowalczyk,INV/2025/00097,,history,2025-12-06,Hotel Nad Wisłą,Poland,Piotr Zieliński,Warsaw DC,3408.00,EUR,Espresso Beans Brazil 1kg; Espresso Beans Ethiopia 1kg; Espresso Machine Pro
S00099,Payment received,2026-01-26T07:05:50+00:00,Anna Kowalczyk,INV/2025/00097,,history,,Hotel Nad Wisłą,Poland,Piotr Zieliński,Warsaw DC,3408.00,EUR,Espresso Beans Brazil 1kg; Espresso Beans Ethiopia 1kg; Espresso Machine Pro
S00100,Quotation created,2025-10-22T15:17:49+00:00,Tom Peeters,S00100,,history,,Co-Work Ixelles,Belgium,Tom Peeters,Brussels DC,540.00,EUR,Paper Cups 12oz x1000
S00100,Quotation sent,2025-10-23T06:39:00+00:00,Tom Peeters,S00100,,history,,Co-Work Ixelles,Belgium,Tom Peeters,Brussels DC,540.00,EUR,Paper Cups 12oz x1000
S00100,Order confirmed,2025-10-27T07:35:12+00:00,Tom Peeters,S00100,,history,,Co-Work Ixelles,Belgium,Tom Peeters,Brussels DC,540.00,EUR,Paper Cups 12oz x1000
S00100,Goods shipped,2025-10-28T07:36:36+00:00,Marc Dubois,BRU/OUT/00044,,history,,Co-Work Ixelles,Belgium,Tom Peeters,Brussels DC,540.00,EUR,Paper Cups 12oz x1000
S00100,Invoice posted,2025-10-28T13:36:00+00:00,Julie Martin,INV/2025/00081,,history,2025-11-27,Co-Work Ixelles,Belgium,Tom Peeters,Brussels DC,540.00,EUR,Paper Cups 12oz x1000
S00100,Payment received,2025-11-17T07:36:07+00:00,Julie Martin,INV/2025/00081,,history,,Co-Work Ixelles,Belgium,Tom Peeters,Brussels DC,540.00,EUR,Paper Cups 12oz x1000
S00101,Quotation created,2025-10-23T06:52:00+00:00,Sophie Lambert,S00101,,history,,Campus Kitchen Louvain,Belgium,Sophie Lambert,Brussels DC,600.00,EUR,Espresso Beans Ethiopia 1kg; Ground Coffee 250g
S00101,Quotation sent,2025-10-23T12:49:55+00:00,Sophie Lambert,S00101,,history,,Campus Kitchen Louvain,Belgium,Sophie Lambert,Brussels DC,600.00,EUR,Espresso Beans Ethiopia 1kg; Ground Coffee 250g
S00101,Order confirmed,2025-10-27T07:46:57+00:00,Sophie Lambert,S00101,,history,,Campus Kitchen Louvain,Belgium,Sophie Lambert,Brussels DC,600.00,EUR,Espresso Beans Ethiopia 1kg; Ground Coffee 250g
S00101,Goods shipped,2025-10-28T07:00:59+00:00,Marc Dubois,BRU/OUT/00045,,history,,Campus Kitchen Louvain,Belgium,Sophie Lambert,Brussels DC,600.00,EUR,Espresso Beans Ethiopia 1kg; Ground Coffee 250g
S00101,Invoice posted,2025-10-28T10:54:07+00:00,Julie Martin,INV/2025/00079,,history,2025-11-27,Campus Kitchen Louvain,Belgium,Sophie Lambert,Brussels DC,600.00,EUR,Espresso Beans Ethiopia 1kg; Ground Coffee 250g
S00101,Payment received,2025-11-21T14:55:50+00:00,Julie Martin,INV/2025/00079,,history,,Campus Kitchen Louvain,Belgium,Sophie Lambert,Brussels DC,600.00,EUR,Espresso Beans Ethiopia 1kg; Ground Coffee 250g
S00102,Quotation created,2025-10-23T07:36:46+00:00,Kasia Nowak,S00102,,history,,Biurowiec Mokotowska,Poland,Kasia Nowak,Warsaw DC,350.00,EUR,Descaler Tablets x10
S00102,Quotation sent,2025-10-23T10:27:57+00:00,Kasia Nowak,S00102,,history,,Biurowiec Mokotowska,Poland,Kasia Nowak,Warsaw DC,350.00,EUR,Descaler Tablets x10
S00102,Order confirmed,2025-10-24T06:09:44+00:00,Kasia Nowak,S00102,,history,,Biurowiec Mokotowska,Poland,Kasia Nowak,Warsaw DC,350.00,EUR,Descaler Tablets x10
S00102,Goods shipped,2025-10-28T15:30:00+00:00,Ola Wiśniewska,WAW/OUT/00039,,history,,Biurowiec Mokotowska,Poland,Kasia Nowak,Warsaw DC,350.00,EUR,Descaler Tablets x10
S00102,Invoice posted,2025-10-31T12:01:14+00:00,Anna Kowalczyk,INV/2025/00087,,history,2025-11-30,Biurowiec Mokotowska,Poland,Kasia Nowak,Warsaw DC,350.00,EUR,Descaler Tablets x10
S00102,Credit note posted,2025-11-17T08:12:34+00:00,Anna Kowalczyk,RINV/2025/00007,,history,,Biurowiec Mokotowska,Poland,Kasia Nowak,Warsaw DC,350.00,EUR,Descaler Tablets x10
S00102,Payment received,2025-12-02T13:25:25+00:00,Anna Kowalczyk,INV/2025/00087,,history,,Biurowiec Mokotowska,Poland,Kasia Nowak,Warsaw DC,350.00,EUR,Descaler Tablets x10
S00103,Quotation created,2025-10-24T11:39:11+00:00,Sophie Lambert,S00103,,history,,Koffiebar Meir,Belgium,Sophie Lambert,Brussels DC,514.00,EUR,Decaf Colombia Beans 1kg; Ground Coffee 250g; House Blend Beans 1kg
S00103,Order confirmed,2025-10-31T07:39:42+00:00,Sophie Lambert,S00103,,history,,Koffiebar Meir,Belgium,Sophie Lambert,Brussels DC,514.00,EUR,Decaf Colombia Beans 1kg; Ground Coffee 250g; House Blend Beans 1kg
S00103,Goods shipped,2025-11-03T07:25:44+00:00,Marc Dubois,BRU/OUT/00050,,history,,Koffiebar Meir,Belgium,Sophie Lambert,Brussels DC,514.00,EUR,Decaf Colombia Beans 1kg; Ground Coffee 250g; House Blend Beans 1kg
S00103,Invoice posted,2025-11-04T09:11:19+00:00,Julie Martin,INV/2025/00092,,history,2025-12-04,Koffiebar Meir,Belgium,Sophie Lambert,Brussels DC,514.00,EUR,Decaf Colombia Beans 1kg; Ground Coffee 250g; House Blend Beans 1kg
S00103,Payment received,2025-12-04T07:20:21+00:00,Julie Martin,INV/2025/00092,,history,,Koffiebar Meir,Belgium,Sophie Lambert,Brussels DC,514.00,EUR,Decaf Colombia Beans 1kg; Ground Coffee 250g; House Blend Beans 1kg
S00104,Quotation created,2025-10-27T07:02:37+00:00,Tom Peeters,S00104,,history,,Business Park Diegem,Belgium,Tom Peeters,Brussels DC,162.00,EUR,Chai Latte Mix 1kg; Earl Grey Tea 500g
S00104,Order confirmed,2025-10-30T07:28:59+00:00,Tom Peeters,S00104,,history,,Business Park Diegem,Belgium,Tom Peeters,Brussels DC,162.00,EUR,Chai Latte Mix 1kg; Earl Grey Tea 500g
S00104,Goods shipped,2025-10-31T09:04:19+00:00,Marc Dubois,BRU/OUT/00049,,history,,Business Park Diegem,Belgium,Tom Peeters,Brussels DC,162.00,EUR,Chai Latte Mix 1kg; Earl Grey Tea 500g
S00104,Invoice posted,2025-11-03T09:23:02+00:00,Julie Martin,INV/2025/00090,,history,2025-12-03,Business Park Diegem,Belgium,Tom Peeters,Brussels DC,162.00,EUR,Chai Latte Mix 1kg; Earl Grey Tea 500g
S00104,Payment received,2025-11-20T07:48:54+00:00,Julie Martin,INV/2025/00090,,history,,Business Park Diegem,Belgium,Tom Peeters,Brussels DC,162.00,EUR,Chai Latte Mix 1kg; Earl Grey Tea 500g
S00105,Quotation created,2025-10-27T07:10:42+00:00,Piotr Zieliński,S00105,,history,,Coworking Praga,Poland,Piotr Zieliński,Warsaw DC,30.00,EUR,Ground Coffee 250g
S00105,Quotation sent,2025-10-27T07:38:51+00:00,Piotr Zieliński,S00105,,history,,Coworking Praga,Poland,Piotr Zieliński,Warsaw DC,30.00,EUR,Ground Coffee 250g
S00105,Order confirmed,2025-10-27T10:23:57+00:00,Piotr Zieliński,S00105,,history,,Coworking Praga,Poland,Piotr Zieliński,Warsaw DC,30.00,EUR,Ground Coffee 250g
S00105,Goods shipped,2025-10-29T07:15:23+00:00,Ola Wiśniewska,WAW/OUT/00042,,history,,Coworking Praga,Poland,Piotr Zieliński,Warsaw DC,30.00,EUR,Ground Coffee 250g
S00105,Invoice posted,2025-10-31T13:57:49+00:00,Anna Kowalczyk,INV/2025/00088,,history,2025-11-30,Coworking Praga,Poland,Piotr Zieliński,Warsaw DC,30.00,EUR,Ground Coffee 250g
S00105,Payment received,2025-12-29T07:57:07+00:00,Anna Kowalczyk,INV/2025/00088,,history,,Coworking Praga,Poland,Piotr Zieliński,Warsaw DC,30.00,EUR,Ground Coffee 250g
S00106,Quotation created,2025-10-27T07:28:08+00:00,Sophie Lambert,S00106,,history,,Koffiebar Meir,Belgium,Sophie Lambert,Brussels DC,288.00,EUR,Espresso Beans Ethiopia 1kg
S00106,Quotation sent,2025-10-27T09:21:15+00:00,Sophie Lambert,S00106,,history,,Koffiebar Meir,Belgium,Sophie Lambert,Brussels DC,288.00,EUR,Espresso Beans Ethiopia 1kg
S00106,Order confirmed,2025-10-29T15:22:00+00:00,Sophie Lambert,S00106,,history,,Koffiebar Meir,Belgium,Sophie Lambert,Brussels DC,288.00,EUR,Espresso Beans Ethiopia 1kg
S00106,Goods shipped,2025-10-31T07:10:26+00:00,Marc Dubois,BRU/OUT/00048,,history,,Koffiebar Meir,Belgium,Sophie Lambert,Brussels DC,288.00,EUR,Espresso Beans Ethiopia 1kg
S00106,Invoice posted,2025-10-31T16:02:10+00:00,Julie Martin,INV/2025/00089,,history,2025-11-30,Koffiebar Meir,Belgium,Sophie Lambert,Brussels DC,288.00,EUR,Espresso Beans Ethiopia 1kg
S00106,Payment received,2025-12-01T07:16:59+00:00,Julie Martin,INV/2025/00089,,history,,Koffiebar Meir,Belgium,Sophie Lambert,Brussels DC,288.00,EUR,Espresso Beans Ethiopia 1kg
S00107,Quotation created,2025-10-27T07:40:36+00:00,Tom Peeters,S00107,,history,,Station Coffee Mechelen,Belgium,Tom Peeters,Brussels DC,420.00,EUR,Descaler Tablets x10
S00107,Quotation sent,2025-10-27T09:05:31+00:00,Tom Peeters,S00107,,history,,Station Coffee Mechelen,Belgium,Tom Peeters,Brussels DC,420.00,EUR,Descaler Tablets x10
S00107,Order confirmed,2025-10-28T07:10:27+00:00,Tom Peeters,S00107,,history,,Station Coffee Mechelen,Belgium,Tom Peeters,Brussels DC,420.00,EUR,Descaler Tablets x10
S00107,Goods shipped,2025-10-29T07:37:01+00:00,Marc Dubois,BRU/OUT/00046,,history,,Station Coffee Mechelen,Belgium,Tom Peeters,Brussels DC,420.00,EUR,Descaler Tablets x10
S00107,Invoice posted,2025-10-30T09:39:57+00:00,Julie Martin,INV/2025/00085,,history,2025-11-29,Station Coffee Mechelen,Belgium,Tom Peeters,Brussels DC,420.00,EUR,Descaler Tablets x10
S00107,Credit note posted,2025-11-12T09:21:21+00:00,Julie Martin,RINV/2025/00006,,history,,Station Coffee Mechelen,Belgium,Tom Peeters,Brussels DC,420.00,EUR,Descaler Tablets x10
S00107,Payment received,2025-11-24T07:46:58+00:00,Julie Martin,INV/2025/00085,,history,,Station Coffee Mechelen,Belgium,Tom Peeters,Brussels DC,420.00,EUR,Descaler Tablets x10
S00108,Quotation created,2025-10-27T16:18:02+00:00,Piotr Zieliński,S00108,,history,,Coworking Praga,Poland,Piotr Zieliński,Warsaw DC,724.00,EUR,Barista Apron; Descaler Tablets x10; Earl Grey Tea 500g; House Blend Beans 1kg
S00108,Quotation sent,2025-10-28T07:19:23+00:00,Piotr Zieliński,S00108,,history,,Coworking Praga,Poland,Piotr Zieliński,Warsaw DC,724.00,EUR,Barista Apron; Descaler Tablets x10; Earl Grey Tea 500g; House Blend Beans 1kg
S00108,Order confirmed,2025-10-29T12:31:09+00:00,Piotr Zieliński,S00108,,history,,Coworking Praga,Poland,Piotr Zieliński,Warsaw DC,724.00,EUR,Barista Apron; Descaler Tablets x10; Earl Grey Tea 500g; House Blend Beans 1kg
S00108,Invoice posted,2025-10-30T07:22:04+00:00,Anna Kowalczyk,INV/2025/00083,,history,2025-11-29,Coworking Praga,Poland,Piotr Zieliński,Warsaw DC,724.00,EUR,Barista Apron; Descaler Tablets x10; Earl Grey Tea 500g; House Blend Beans 1kg
S00108,Goods shipped,2025-10-31T07:19:56+00:00,Ola Wiśniewska,WAW/OUT/00043,,history,,Coworking Praga,Poland,Piotr Zieliński,Warsaw DC,724.00,EUR,Barista Apron; Descaler Tablets x10; Earl Grey Tea 500g; House Blend Beans 1kg
S00108,Payment received,2026-01-16T07:36:28+00:00,Anna Kowalczyk,INV/2025/00083,,history,,Coworking Praga,Poland,Piotr Zieliński,Warsaw DC,724.00,EUR,Barista Apron; Descaler Tablets x10; Earl Grey Tea 500g; House Blend Beans 1kg
S00109,Quotation created,2025-10-27T16:28:17+00:00,Tom Peeters,S00109,,history,,Tearoom Duinen,Belgium,Tom Peeters,Brussels DC,264.00,EUR,Decaf Colombia Beans 1kg; Espresso Beans Brazil 1kg
S00109,Quotation sent,2025-10-28T07:20:01+00:00,Tom Peeters,S00109,,history,,Tearoom Duinen,Belgium,Tom Peeters,Brussels DC,264.00,EUR,Decaf Colombia Beans 1kg; Espresso Beans Brazil 1kg
S00110,Quotation created,2025-10-28T07:43:35+00:00,Tom Peeters,S00110,,history,,Hotel Lindenhof,Belgium,Tom Peeters,Brussels DC,672.00,EUR,Espresso Beans Brazil 1kg; Espresso Beans Ethiopia 1kg
S00111,Quotation created,2025-10-28T09:29:00+00:00,Tom Peeters,S00111,,history,,Campus Kitchen Louvain,Belgium,Tom Peeters,Brussels DC,400.00,EUR,Ground Coffee 250g; Oat Milk Barista 12x1L; Vanilla Syrup 1L
S00111,Order confirmed,2025-10-29T07:11:32+00:00,Tom Peeters,S00111,,history,,Campus Kitchen Louvain,Belgium,Tom Peeters,Brussels DC,400.00,EUR,Ground Coffee 250g; Oat Milk Barista 12x1L; Vanilla Syrup 1L
S00111,Goods shipped,2025-10-30T07:40:32+00:00,Marc Dubois,BRU/OUT/00047,,history,,Campus Kitchen Louvain,Belgium,Tom Peeters,Brussels DC,400.00,EUR,Ground Coffee 250g; Oat Milk Barista 12x1L; Vanilla Syrup 1L
S00111,Invoice posted,2025-10-30T12:38:49+00:00,Julie Martin,INV/2025/00086,,history,2025-11-29,Campus Kitchen Louvain,Belgium,Tom Peeters,Brussels DC,400.00,EUR,Ground Coffee 250g; Oat Milk Barista 12x1L; Vanilla Syrup 1L
S00111,Payment received,2025-11-24T07:38:20+00:00,Julie Martin,INV/2025/00086,,history,,Campus Kitchen Louvain,Belgium,Tom Peeters,Brussels DC,400.00,EUR,Ground Coffee 250g; Oat Milk Barista 12x1L; Vanilla Syrup 1L
S00112,Quotation created,2025-10-29T15:46:18+00:00,Sophie Lambert,S00112,,history,,Station Coffee Mechelen,Belgium,Sophie Lambert,Brussels DC,986.00,EUR,Coffee Grinder Compact; Oat Milk Barista 12x1L
S00112,Quotation sent,2025-10-30T07:49:23+00:00,Sophie Lambert,S00112,,history,,Station Coffee Mechelen,Belgium,Sophie Lambert,Brussels DC,986.00,EUR,Coffee Grinder Compact; Oat Milk Barista 12x1L
S00112,Order confirmed,2025-11-03T07:57:41+00:00,Sophie Lambert,S00112,,history,,Station Coffee Mechelen,Belgium,Sophie Lambert,Brussels DC,986.00,EUR,Coffee Grinder Compact; Oat Milk Barista 12x1L
S00112,Goods shipped,2025-11-05T07:10:49+00:00,Marc Dubois,BRU/OUT/00051,,history,,Station Coffee Mechelen,Belgium,Sophie Lambert,Brussels DC,986.00,EUR,Coffee Grinder Compact; Oat Milk Barista 12x1L
S00112,Invoice posted,2025-11-05T08:04:40+00:00,Julie Martin,INV/2025/00093,,history,2025-12-05,Station Coffee Mechelen,Belgium,Sophie Lambert,Brussels DC,986.00,EUR,Coffee Grinder Compact; Oat Milk Barista 12x1L
S00112,Payment received,2025-12-08T07:34:53+00:00,Julie Martin,INV/2025/00093,,history,,Station Coffee Mechelen,Belgium,Sophie Lambert,Brussels DC,986.00,EUR,Coffee Grinder Compact; Oat Milk Barista 12x1L
S00113,Quotation created,2025-10-30T11:56:34+00:00,Kasia Nowak,S00113,,history,,Biurowiec Mokotowska,Poland,Kasia Nowak,Warsaw DC,102.00,EUR,Ground Coffee 250g
S00113,Order confirmed,2025-11-03T07:48:21+00:00,Kasia Nowak,S00113,,history,,Biurowiec Mokotowska,Poland,Kasia Nowak,Warsaw DC,102.00,EUR,Ground Coffee 250g
S00113,Order changed after confirmation,2025-11-03T12:10:04+00:00,Kasia Nowak,S00113,amount 72.00 -> 102.00,history,,Biurowiec Mokotowska,Poland,Kasia Nowak,Warsaw DC,102.00,EUR,Ground Coffee 250g
S00113,Goods shipped,2025-11-04T07:37:55+00:00,Ola Wiśniewska,WAW/OUT/00047,,history,,Biurowiec Mokotowska,Poland,Kasia Nowak,Warsaw DC,102.00,EUR,Ground Coffee 250g
S00113,Invoice posted,2025-11-07T09:22:51+00:00,Anna Kowalczyk,INV/2025/00100,,history,2025-12-07,Biurowiec Mokotowska,Poland,Kasia Nowak,Warsaw DC,102.00,EUR,Ground Coffee 250g
S00113,Payment received,2025-12-01T07:33:34+00:00,Anna Kowalczyk,INV/2025/00100,,history,,Biurowiec Mokotowska,Poland,Kasia Nowak,Warsaw DC,102.00,EUR,Ground Coffee 250g
S00114,Quotation created,2025-10-31T08:11:23+00:00,Kasia Nowak,S00114,,history,,Café Nowa Huta,Poland,Kasia Nowak,Warsaw DC,476.00,EUR,Descaler Tablets x10; Oat Milk Barista 12x1L
S00114,Quotation sent,2025-10-31T11:24:26+00:00,Kasia Nowak,S00114,,history,,Café Nowa Huta,Poland,Kasia Nowak,Warsaw DC,476.00,EUR,Descaler Tablets x10; Oat Milk Barista 12x1L
S00114,Order confirmed,2025-11-03T07:31:40+00:00,Kasia Nowak,S00114,,history,,Café Nowa Huta,Poland,Kasia Nowak,Warsaw DC,476.00,EUR,Descaler Tablets x10; Oat Milk Barista 12x1L
S00114,Goods shipped,2025-11-05T07:11:35+00:00,Ola Wiśniewska,WAW/OUT/00045,,history,,Café Nowa Huta,Poland,Kasia Nowak,Warsaw DC,476.00,EUR,Descaler Tablets x10; Oat Milk Barista 12x1L
S00114,Invoice posted,2025-11-06T10:03:03+00:00,Anna Kowalczyk,INV/2025/00096,,history,2025-12-06,Café Nowa Huta,Poland,Kasia Nowak,Warsaw DC,476.00,EUR,Descaler Tablets x10; Oat Milk Barista 12x1L
S00114,Payment received,2025-12-09T07:31:08+00:00,Anna Kowalczyk,INV/2025/00096,,history,,Café Nowa Huta,Poland,Kasia Nowak,Warsaw DC,476.00,EUR,Descaler Tablets x10; Oat Milk Barista 12x1L
S00115,Quotation created,2025-10-31T08:25:23+00:00,Kasia Nowak,S00115,,history,,Hotel Nad Wisłą,Poland,Kasia Nowak,Warsaw DC,722.00,EUR,Espresso Beans Ethiopia 1kg; Green Tea Sencha 500g; Vanilla Syrup 1L
S00115,Order confirmed,2025-11-03T07:02:02+00:00,Kasia Nowak,S00115,,history,,Hotel Nad Wisłą,Poland,Kasia Nowak,Warsaw DC,722.00,EUR,Espresso Beans Ethiopia 1kg; Green Tea Sencha 500g; Vanilla Syrup 1L
S00115,Goods shipped,2025-11-04T14:50:33+00:00,Ola Wiśniewska,WAW/OUT/00044,,history,,Hotel Nad Wisłą,Poland,Kasia Nowak,Warsaw DC,722.00,EUR,Espresso Beans Ethiopia 1kg; Green Tea Sencha 500g; Vanilla Syrup 1L
S00115,Invoice posted,2025-11-07T07:20:10+00:00,Anna Kowalczyk,INV/2025/00098,,history,2025-12-07,Hotel Nad Wisłą,Poland,Kasia Nowak,Warsaw DC,722.00,EUR,Espresso Beans Ethiopia 1kg; Green Tea Sencha 500g; Vanilla Syrup 1L
S00115,Payment received,2025-12-30T07:53:19+00:00,Anna Kowalczyk,INV/2025/00098,,history,,Hotel Nad Wisłą,Poland,Kasia Nowak,Warsaw DC,722.00,EUR,Espresso Beans Ethiopia 1kg; Green Tea Sencha 500g; Vanilla Syrup 1L
S00116,Quotation created,2025-10-31T11:40:15+00:00,Kasia Nowak,S00116,,history,,Stołówka Politechnika,Poland,Kasia Nowak,Warsaw DC,828.00,EUR,Earl Grey Tea 500g; Espresso Beans Brazil 1kg; Oat Milk Barista 12x1L
S00116,Quotation sent,2025-10-31T16:28:53+00:00,Kasia Nowak,S00116,,history,,Stołówka Politechnika,Poland,Kasia Nowak,Warsaw DC,828.00,EUR,Earl Grey Tea 500g; Espresso Beans Brazil 1kg; Oat Milk Barista 12x1L
S00116,Order confirmed,2025-11-03T07:45:17+00:00,Kasia Nowak,S00116,,history,,Stołówka Politechnika,Poland,Kasia Nowak,Warsaw DC,828.00,EUR,Earl Grey Tea 500g; Espresso Beans Brazil 1kg; Oat Milk Barista 12x1L
S00116,Invoice posted,2025-11-03T13:12:00+00:00,Anna Kowalczyk,INV/2025/00091,,history,2025-12-03,Stołówka Politechnika,Poland,Kasia Nowak,Warsaw DC,828.00,EUR,Earl Grey Tea 500g; Espresso Beans Brazil 1kg; Oat Milk Barista 12x1L
S00116,Goods shipped,2025-11-04T07:16:38+00:00,Ola Wiśniewska,WAW/OUT/00046,,history,,Stołówka Politechnika,Poland,Kasia Nowak,Warsaw DC,828.00,EUR,Earl Grey Tea 500g; Espresso Beans Brazil 1kg; Oat Milk Barista 12x1L
S00116,Credit note posted,2025-11-17T08:21:59+00:00,Anna Kowalczyk,RINV/2025/00008,,history,,Stołówka Politechnika,Poland,Kasia Nowak,Warsaw DC,828.00,EUR,Earl Grey Tea 500g; Espresso Beans Brazil 1kg; Oat Milk Barista 12x1L
S00116,Payment received,2025-12-09T07:36:26+00:00,Anna Kowalczyk,INV/2025/00091,,history,,Stołówka Politechnika,Poland,Kasia Nowak,Warsaw DC,828.00,EUR,Earl Grey Tea 500g; Espresso Beans Brazil 1kg; Oat Milk Barista 12x1L
S00117,Quotation created,2025-11-03T07:12:52+00:00,Kasia Nowak,S00117,,history,,Café Nowa Huta,Poland,Kasia Nowak,Warsaw DC,30.00,EUR,Ground Coffee 250g
S00117,Quotation sent,2025-11-03T11:25:41+00:00,Kasia Nowak,S00117,,history,,Café Nowa Huta,Poland,Kasia Nowak,Warsaw DC,30.00,EUR,Ground Coffee 250g
S00117,Order cancelled,2025-12-03T07:58:52+00:00,Kasia Nowak,S00117,,history,,Café Nowa Huta,Poland,Kasia Nowak,Warsaw DC,30.00,EUR,Ground Coffee 250g
S00118,Quotation created,2025-11-03T07:15:45+00:00,Piotr Zieliński,S00118,,history,,Piekarnia Żoliborz,Poland,Piotr Zieliński,Warsaw DC,1584.00,EUR,Cup Lids x1000; Descaler Tablets x10; Espresso Beans Brazil 1kg; Vanilla Syrup 1L
S00118,Quotation sent,2025-11-03T10:42:35+00:00,Piotr Zieliński,S00118,,history,,Piekarnia Żoliborz,Poland,Piotr Zieliński,Warsaw DC,1584.00,EUR,Cup Lids x1000; Descaler Tablets x10; Espresso Beans Brazil 1kg; Vanilla Syrup 1L
S00118,Order confirmed,2025-11-05T07:59:45+00:00,Piotr Zieliński,S00118,,history,,Piekarnia Żoliborz,Poland,Piotr Zieliński,Warsaw DC,1584.00,EUR,Cup Lids x1000; Descaler Tablets x10; Espresso Beans Brazil 1kg; Vanilla Syrup 1L
S00118,Goods shipped,2025-11-06T07:30:30+00:00,Ola Wiśniewska,WAW/OUT/00051,,history,,Piekarnia Żoliborz,Poland,Piotr Zieliński,Warsaw DC,1584.00,EUR,Cup Lids x1000; Descaler Tablets x10; Espresso Beans Brazil 1kg; Vanilla Syrup 1L
S00118,Invoice posted,2025-11-10T09:32:56+00:00,Anna Kowalczyk,INV/2025/00103,,history,2025-12-10,Piekarnia Żoliborz,Poland,Piotr Zieliński,Warsaw DC,1584.00,EUR,Cup Lids x1000; Descaler Tablets x10; Espresso Beans Brazil 1kg; Vanilla Syrup 1L
S00118,Payment received,2025-12-17T07:20:21+00:00,Anna Kowalczyk,INV/2025/00103,,history,,Piekarnia Żoliborz,Poland,Piotr Zieliński,Warsaw DC,1584.00,EUR,Cup Lids x1000; Descaler Tablets x10; Espresso Beans Brazil 1kg; Vanilla Syrup 1L
S00119,Quotation created,2025-11-03T07:32:07+00:00,Sophie Lambert,S00119,,history,,Tearoom Duinen,Belgium,Sophie Lambert,Brussels DC,108.00,EUR,Vanilla Syrup 1L
S00119,Quotation sent,2025-11-03T11:20:50+00:00,Sophie Lambert,S00119,,history,,Tearoom Duinen,Belgium,Sophie Lambert,Brussels DC,108.00,EUR,Vanilla Syrup 1L
S00119,Order cancelled,2025-12-08T07:22:11+00:00,Sophie Lambert,S00119,,history,,Tearoom Duinen,Belgium,Sophie Lambert,Brussels DC,108.00,EUR,Vanilla Syrup 1L
S00120,Quotation created,2025-11-03T09:30:14+00:00,Sophie Lambert,S00120,,history,,Office Hub Leuven,Belgium,Sophie Lambert,Brussels DC,3100.00,EUR,Descaler Tablets x10; Espresso Machine Pro
S00120,Quotation sent,2025-11-03T11:23:10+00:00,Sophie Lambert,S00120,,history,,Office Hub Leuven,Belgium,Sophie Lambert,Brussels DC,3100.00,EUR,Descaler Tablets x10; Espresso Machine Pro
S00120,Order confirmed,2025-11-10T07:55:37+00:00,Sophie Lambert,S00120,,history,,Office Hub Leuven,Belgium,Sophie Lambert,Brussels DC,3100.00,EUR,Descaler Tablets x10; Espresso Machine Pro
S00120,Order cancelled,2025-11-11T07:08:55+00:00,Sophie Lambert,S00120,,history,,Office Hub Leuven,Belgium,Sophie Lambert,Brussels DC,3100.00,EUR,Descaler Tablets x10; Espresso Machine Pro
S00121,Quotation created,2025-11-03T10:28:00+00:00,Sophie Lambert,S00121,,history,,Brasserie du Canal,Belgium,Sophie Lambert,Brussels DC,1034.00,EUR,Coffee Grinder Compact; Espresso Beans Ethiopia 1kg; Oat Milk Barista 12x1L
S00121,Quotation sent,2025-11-03T10:52:17+00:00,Sophie Lambert,S00121,,history,,Brasserie du Canal,Belgium,Sophie Lambert,Brussels DC,1034.00,EUR,Coffee Grinder Compact; Espresso Beans Ethiopia 1kg; Oat Milk Barista 12x1L
S00121,Order confirmed,2025-11-05T11:10:52+00:00,Sophie Lambert,S00121,,history,,Brasserie du Canal,Belgium,Sophie Lambert,Brussels DC,1034.00,EUR,Coffee Grinder Compact; Espresso Beans Ethiopia 1kg; Oat Milk Barista 12x1L
S00121,Goods shipped,2025-11-06T16:05:14+00:00,Marc Dubois,BRU/OUT/00053,,history,,Brasserie du Canal,Belgium,Sophie Lambert,Brussels DC,1034.00,EUR,Coffee Grinder Compact; Espresso Beans Ethiopia 1kg; Oat Milk Barista 12x1L
S00121,Invoice posted,2025-11-10T10:00:45+00:00,Julie Martin,INV/2025/00105,,history,2025-12-10,Brasserie du Canal,Belgium,Sophie Lambert,Brussels DC,1034.00,EUR,Coffee Grinder Compact; Espresso Beans Ethiopia 1kg; Oat Milk Barista 12x1L
S00122,Quotation created,2025-11-03T11:10:10+00:00,Kasia Nowak,S00122,,history,,Piekarnia Żoliborz,Poland,Kasia Nowak,Warsaw DC,87.00,EUR,Decaf Colombia Beans 1kg; Vanilla Syrup 1L
S00122,Quotation sent,2025-11-03T15:30:22+00:00,Kasia Nowak,S00122,,history,,Piekarnia Żoliborz,Poland,Kasia Nowak,Warsaw DC,87.00,EUR,Decaf Colombia Beans 1kg; Vanilla Syrup 1L
S00122,Order confirmed,2025-11-05T07:05:16+00:00,Kasia Nowak,S00122,,history,,Piekarnia Żoliborz,Poland,Kasia Nowak,Warsaw DC,87.00,EUR,Decaf Colombia Beans 1kg; Vanilla Syrup 1L
S00122,Invoice posted,2025-11-05T13:29:09+00:00,Anna Kowalczyk,INV/2025/00094,,history,2025-12-05,Piekarnia Żoliborz,Poland,Kasia Nowak,Warsaw DC,87.00,EUR,Decaf Colombia Beans 1kg; Vanilla Syrup 1L
S00122,Goods shipped,2025-11-06T07:40:19+00:00,Ola Wiśniewska,WAW/OUT/00048,,history,,Piekarnia Żoliborz,Poland,Kasia Nowak,Warsaw DC,87.00,EUR,Decaf Colombia Beans 1kg; Vanilla Syrup 1L
S00122,Credit note posted,2025-11-17T08:44:59+00:00,Anna Kowalczyk,RINV/2025/00009,,history,,Piekarnia Żoliborz,Poland,Kasia Nowak,Warsaw DC,87.00,EUR,Decaf Colombia Beans 1kg; Vanilla Syrup 1L
S00123,Quotation created,2025-11-03T14:26:58+00:00,Sophie Lambert,S00123,,history,,Lunchbar Kouter,Belgium,Sophie Lambert,Brussels DC,564.00,EUR,House Blend Beans 1kg; Vanilla Syrup 1L
S00123,Order confirmed,2025-11-04T15:41:18+00:00,Sophie Lambert,S00123,,history,,Lunchbar Kouter,Belgium,Sophie Lambert,Brussels DC,564.00,EUR,House Blend Beans 1kg; Vanilla Syrup 1L
S00123,Goods shipped,2025-11-05T07:57:50+00:00,Marc Dubois,BRU/OUT/00052,,history,,Lunchbar Kouter,Belgium,Sophie Lambert,Brussels DC,564.00,EUR,House Blend Beans 1kg; Vanilla Syrup 1L
S00123,Invoice posted,2025-11-06T09:45:02+00:00,Julie Martin,INV/2025/00095,,history,2025-12-06,Lunchbar Kouter,Belgium,Sophie Lambert,Brussels DC,564.00,EUR,House Blend Beans 1kg; Vanilla Syrup 1L
S00123,Credit note posted,2025-11-11T09:03:52+00:00,Julie Martin,RINV/2025/00005,,history,,Lunchbar Kouter,Belgium,Sophie Lambert,Brussels DC,564.00,EUR,House Blend Beans 1kg; Vanilla Syrup 1L
S00123,Payment received,2025-12-01T07:20:21+00:00,Julie Martin,INV/2025/00095,,history,,Lunchbar Kouter,Belgium,Sophie Lambert,Brussels DC,564.00,EUR,House Blend Beans 1kg; Vanilla Syrup 1L
S00124,Quotation created,2025-11-03T14:32:32+00:00,Sophie Lambert,S00124,,history,,Espresso Point Wavre,Belgium,Sophie Lambert,Brussels DC,228.00,EUR,Chai Latte Mix 1kg
S00124,Quotation sent,2025-11-04T07:47:24+00:00,Sophie Lambert,S00124,,history,,Espresso Point Wavre,Belgium,Sophie Lambert,Brussels DC,228.00,EUR,Chai Latte Mix 1kg
S00124,Order confirmed,2025-11-06T07:37:33+00:00,Sophie Lambert,S00124,,history,,Espresso Point Wavre,Belgium,Sophie Lambert,Brussels DC,228.00,EUR,Chai Latte Mix 1kg
S00124,Goods shipped,2025-11-10T07:38:03+00:00,Marc Dubois,BRU/OUT/00058,,history,,Espresso Point Wavre,Belgium,Sophie Lambert,Brussels DC,228.00,EUR,Chai Latte Mix 1kg
S00124,Invoice posted,2025-11-11T13:46:08+00:00,Julie Martin,INV/2025/00109,,history,2025-12-11,Espresso Point Wavre,Belgium,Sophie Lambert,Brussels DC,228.00,EUR,Chai Latte Mix 1kg
S00124,Payment received,2025-12-18T07:16:24+00:00,Julie Martin,INV/2025/00109,,history,,Espresso Point Wavre,Belgium,Sophie Lambert,Brussels DC,228.00,EUR,Chai Latte Mix 1kg
S00125,Quotation created,2025-11-03T14:40:23+00:00,Tom Peeters,S00125,,history,,Bakkerij Zuid,Belgium,Tom Peeters,Brussels DC,90.00,EUR,Espresso Beans Brazil 1kg
S00125,Quotation sent,2025-11-04T07:46:50+00:00,Tom Peeters,S00125,,history,,Bakkerij Zuid,Belgium,Tom Peeters,Brussels DC,90.00,EUR,Espresso Beans Brazil 1kg
S00125,Order confirmed,2025-11-06T07:35:24+00:00,Tom Peeters,S00125,,history,,Bakkerij Zuid,Belgium,Tom Peeters,Brussels DC,90.00,EUR,Espresso Beans Brazil 1kg
S00125,Goods shipped,2025-11-07T07:55:42+00:00,Marc Dubois,BRU/OUT/00057,,history,,Bakkerij Zuid,Belgium,Tom Peeters,Brussels DC,90.00,EUR,Espresso Beans Brazil 1kg
S00125,Invoice posted,2025-11-07T13:11:45+00:00,Julie Martin,INV/2025/00102,,history,2025-12-07,Bakkerij Zuid,Belgium,Tom Peeters,Brussels DC,90.00,EUR,Espresso Beans Brazil 1kg
S00125,Payment received,2025-12-01T07:18:40+00:00,Julie Martin,INV/2025/00102,,history,,Bakkerij Zuid,Belgium,Tom Peeters,Brussels DC,90.00,EUR,Espresso Beans Brazil 1kg
S00126,Quotation created,2025-11-03T16:10:12+00:00,Piotr Zieliński,S00126,,history,,Biurowiec Mokotowska,Poland,Piotr Zieliński,Warsaw DC,124.00,EUR,Chai Latte Mix 1kg; Espresso Beans Ethiopia 1kg
S00126,Order confirmed,2025-11-11T07:22:32+00:00,Piotr Zieliński,S00126,,history,,Biurowiec Mokotowska,Poland,Piotr Zieliński,Warsaw DC,124.00,EUR,Chai Latte Mix 1kg; Espresso Beans Ethiopia 1kg
S00126,Goods shipped,2025-11-12T07:03:41+00:00,Ola Wiśniewska,WAW/OUT/00054,,history,,Biurowiec Mokotowska,Poland,Piotr Zieliński,Warsaw DC,124.00,EUR,Chai Latte Mix 1kg; Espresso Beans Ethiopia 1kg
S00126,Invoice posted,2025-11-13T13:00:52+00:00,Anna Kowalczyk,INV/2025/00112,,history,2025-12-13,Biurowiec Mokotowska,Poland,Piotr Zieliński,Warsaw DC,124.00,EUR,Chai Latte Mix 1kg; Espresso Beans Ethiopia 1kg
S00126,Payment received,2025-12-10T07:01:44+00:00,Anna Kowalczyk,INV/2025/00112,,history,,Biurowiec Mokotowska,Poland,Piotr Zieliński,Warsaw DC,124.00,EUR,Chai Latte Mix 1kg; Espresso Beans Ethiopia 1kg
S00127,Quotation created,2025-11-04T07:32:54+00:00,Piotr Zieliński,S00127,,history,,Restauracja Odra,Poland,Piotr Zieliński,Warsaw DC,164.00,EUR,Green Tea Sencha 500g; House Blend Beans 1kg
S00127,Quotation sent,2025-11-04T12:53:15+00:00,Piotr Zieliński,S00127,,history,,Restauracja Odra,Poland,Piotr Zieliński,Warsaw DC,164.00,EUR,Green Tea Sencha 500g; House Blend Beans 1kg
S00127,Order confirmed,2025-11-05T07:05:16+00:00,Piotr Zieliński,S00127,,history,,Restauracja Odra,Poland,Piotr Zieliński,Warsaw DC,164.00,EUR,Green Tea Sencha 500g; House Blend Beans 1kg
S00127,Goods shipped,2025-11-06T15:42:02+00:00,Ola Wiśniewska,WAW/OUT/00049,,history,,Restauracja Odra,Poland,Piotr Zieliński,Warsaw DC,164.00,EUR,Green Tea Sencha 500g; House Blend Beans 1kg
S00127,Invoice posted,2025-11-10T09:57:05+00:00,Anna Kowalczyk,INV/2025/00104,,history,2025-12-10,Restauracja Odra,Poland,Piotr Zieliński,Warsaw DC,164.00,EUR,Green Tea Sencha 500g; House Blend Beans 1kg
S00127,Payment received,2026-01-21T07:04:27+00:00,Anna Kowalczyk,INV/2025/00104,,history,,Restauracja Odra,Poland,Piotr Zieliński,Warsaw DC,164.00,EUR,Green Tea Sencha 500g; House Blend Beans 1kg
S00128,Quotation created,2025-11-04T11:33:28+00:00,Sophie Lambert,S00128,,history,,Café Parvis,Belgium,Sophie Lambert,Brussels DC,854.00,EUR,Decaf Colombia Beans 1kg; Descaler Tablets x10
S00128,Quotation sent,2025-11-05T07:39:44+00:00,Sophie Lambert,S00128,,history,,Café Parvis,Belgium,Sophie Lambert,Brussels DC,854.00,EUR,Decaf Colombia Beans 1kg; Descaler Tablets x10
S00129,Quotation created,2025-11-04T11:51:03+00:00,Kasia Nowak,S00129,,history,,Hotel Nad Wisłą,Poland,Kasia Nowak,Warsaw DC,597.00,EUR,Earl Grey Tea 500g; Espresso Beans Brazil 1kg; House Blend Beans 1kg; Vanilla Syrup 1L
S00129,Order confirmed,2025-11-05T07:56:35+00:00,Kasia Nowak,S00129,,history,,Hotel Nad Wisłą,Poland,Kasia Nowak,Warsaw DC,597.00,EUR,Earl Grey Tea 500g; Espresso Beans Brazil 1kg; House Blend Beans 1kg; Vanilla Syrup 1L
S00129,Goods shipped,2025-11-06T07:46:16+00:00,Ola Wiśniewska,WAW/OUT/00050,,history,,Hotel Nad Wisłą,Poland,Kasia Nowak,Warsaw DC,597.00,EUR,Earl Grey Tea 500g; Espresso Beans Brazil 1kg; House Blend Beans 1kg; Vanilla Syrup 1L
S00129,Invoice posted,2025-11-10T10:09:15+00:00,Anna Kowalczyk,INV/2025/00106,,history,2025-12-10,Hotel Nad Wisłą,Poland,Kasia Nowak,Warsaw DC,597.00,EUR,Earl Grey Tea 500g; Espresso Beans Brazil 1kg; House Blend Beans 1kg; Vanilla Syrup 1L
S00129,Payment received,2025-12-31T07:04:25+00:00,Anna Kowalczyk,INV/2025/00106,,history,,Hotel Nad Wisłą,Poland,Kasia Nowak,Warsaw DC,597.00,EUR,Earl Grey Tea 500g; Espresso Beans Brazil 1kg; House Blend Beans 1kg; Vanilla Syrup 1L
S00130,Quotation created,2025-11-04T15:00:49+00:00,Sophie Lambert,S00130,,history,,Campus Kitchen Louvain,Belgium,Sophie Lambert,Brussels DC,44.00,EUR,Barista Apron
S00130,Quotation sent,2025-11-04T15:36:53+00:00,Sophie Lambert,S00130,,history,,Campus Kitchen Louvain,Belgium,Sophie Lambert,Brussels DC,44.00,EUR,Barista Apron
S00130,Order confirmed,2025-11-06T07:31:05+00:00,Sophie Lambert,S00130,,history,,Campus Kitchen Louvain,Belgium,Sophie Lambert,Brussels DC,44.00,EUR,Barista Apron
S00130,Goods shipped,2025-11-07T07:32:11+00:00,Marc Dubois,BRU/OUT/00056,,history,,Campus Kitchen Louvain,Belgium,Sophie Lambert,Brussels DC,44.00,EUR,Barista Apron
S00130,Invoice posted,2025-11-10T10:54:15+00:00,Julie Martin,INV/2025/00107,,history,2025-12-10,Campus Kitchen Louvain,Belgium,Sophie Lambert,Brussels DC,44.00,EUR,Barista Apron
S00130,Payment received,2025-12-01T07:06:44+00:00,Julie Martin,INV/2025/00107,,history,,Campus Kitchen Louvain,Belgium,Sophie Lambert,Brussels DC,44.00,EUR,Barista Apron
S00131,Quotation created,2025-11-04T15:07:47+00:00,Piotr Zieliński,S00131,,history,,Bistro Kazimierz,Poland,Piotr Zieliński,Warsaw DC,32.00,EUR,House Blend Beans 1kg
S00131,Quotation sent,2025-11-05T07:23:32+00:00,Piotr Zieliński,S00131,,history,,Bistro Kazimierz,Poland,Piotr Zieliński,Warsaw DC,32.00,EUR,House Blend Beans 1kg
S00131,Order confirmed,2025-11-06T12:50:39+00:00,Piotr Zieliński,S00131,,history,,Bistro Kazimierz,Poland,Piotr Zieliński,Warsaw DC,32.00,EUR,House Blend Beans 1kg
S00131,Invoice posted,2025-11-07T09:14:06+00:00,Anna Kowalczyk,INV/2025/00099,,history,2025-12-07,Bistro Kazimierz,Poland,Piotr Zieliński,Warsaw DC,32.00,EUR,House Blend Beans 1kg
S00131,Goods shipped,2025-11-12T12:29:00+00:00,Ola Wiśniewska,WAW/OUT/00052,,history,,Bistro Kazimierz,Poland,Piotr Zieliński,Warsaw DC,32.00,EUR,House Blend Beans 1kg
S00131,Payment received,2025-12-01T07:05:20+00:00,Anna Kowalczyk,INV/2025/00099,,history,,Bistro Kazimierz,Poland,Piotr Zieliński,Warsaw DC,32.00,EUR,House Blend Beans 1kg
S00132,Quotation created,2025-11-05T07:44:36+00:00,Tom Peeters,S00132,,history,,Espresso Point Wavre,Belgium,Tom Peeters,Brussels DC,380.00,EUR,Espresso Beans Ethiopia 1kg; Oat Milk Barista 12x1L
S00132,Quotation sent,2025-11-05T13:42:36+00:00,Tom Peeters,S00132,,history,,Espresso Point Wavre,Belgium,Tom Peeters,Brussels DC,380.00,EUR,Espresso Beans Ethiopia 1kg; Oat Milk Barista 12x1L
S00133,Quotation created,2025-11-05T09:09:55+00:00,Sophie Lambert,S00133,,history,,Station Coffee Mechelen,Belgium,Sophie Lambert,Brussels DC,522.00,EUR,Espresso Beans Brazil 1kg; Vanilla Syrup 1L
S00133,Quotation sent,2025-11-05T09:44:07+00:00,Sophie Lambert,S00133,,history,,Station Coffee Mechelen,Belgium,Sophie Lambert,Brussels DC,522.00,EUR,Espresso Beans Brazil 1kg; Vanilla Syrup 1L
S00133,Order confirmed,2025-11-06T07:28:37+00:00,Sophie Lambert,S00133,,history,,Station Coffee Mechelen,Belgium,Sophie Lambert,Brussels DC,522.00,EUR,Espresso Beans Brazil 1kg; Vanilla Syrup 1L
S00133,Goods shipped,2025-11-07T07:45:16+00:00,Marc Dubois,BRU/OUT/00055,,history,,Station Coffee Mechelen,Belgium,Sophie Lambert,Brussels DC,522.00,EUR,Espresso Beans Brazil 1kg; Vanilla Syrup 1L
S00133,Invoice posted,2025-11-07T10:48:22+00:00,Julie Martin,INV/2025/00101,,history,2025-12-07,Station Coffee Mechelen,Belgium,Sophie Lambert,Brussels DC,522.00,EUR,Espresso Beans Brazil 1kg; Vanilla Syrup 1L
S00133,Payment received,2025-12-02T07:15:22+00:00,Julie Martin,INV/2025/00101,,history,,Station Coffee Mechelen,Belgium,Sophie Lambert,Brussels DC,522.00,EUR,Espresso Beans Brazil 1kg; Vanilla Syrup 1L
S00134,Quotation created,2025-11-05T13:32:41+00:00,Tom Peeters,S00134,,history,,Office Hub Leuven,Belgium,Tom Peeters,Brussels DC,936.00,EUR,Decaf Colombia Beans 1kg; Espresso Beans Brazil 1kg; Paper Cups 12oz x1000
S00134,Order confirmed,2025-11-06T07:21:18+00:00,Tom Peeters,S00134,,history,,Office Hub Leuven,Belgium,Tom Peeters,Brussels DC,936.00,EUR,Decaf Colombia Beans 1kg; Espresso Beans Brazil 1kg; Paper Cups 12oz x1000
S00134,Delivery rescheduled,2025-11-07T07:43:09+00:00,Marc Dubois,BRU/OUT/00054,+1.0 days,history,,Office Hub Leuven,Belgium,Tom Peeters,Brussels DC,936.00,EUR,Decaf Colombia Beans 1kg; Espresso Beans Brazil 1kg; Paper Cups 12oz x1000
S00134,Order changed after confirmation,2025-11-07T12:40:40+00:00,Tom Peeters,S00134,amount 684.00 -> 936.00,history,,Office Hub Leuven,Belgium,Tom Peeters,Brussels DC,936.00,EUR,Decaf Colombia Beans 1kg; Espresso Beans Brazil 1kg; Paper Cups 12oz x1000
S00134,Goods shipped,2025-11-10T07:52:53+00:00,Marc Dubois,BRU/OUT/00054,,history,,Office Hub Leuven,Belgium,Tom Peeters,Brussels DC,936.00,EUR,Decaf Colombia Beans 1kg; Espresso Beans Brazil 1kg; Paper Cups 12oz x1000
S00134,Invoice posted,2025-11-11T10:19:12+00:00,Julie Martin,INV/2025/00108,,history,2025-12-11,Office Hub Leuven,Belgium,Tom Peeters,Brussels DC,936.00,EUR,Decaf Colombia Beans 1kg; Espresso Beans Brazil 1kg; Paper Cups 12oz x1000
S00134,Payment received,2025-12-01T07:21:54+00:00,Julie Martin,INV/2025/00108,,history,,Office Hub Leuven,Belgium,Tom Peeters,Brussels DC,936.00,EUR,Decaf Colombia Beans 1kg; Espresso Beans Brazil 1kg; Paper Cups 12oz x1000
S00135,Quotation created,2025-11-05T15:48:58+00:00,Tom Peeters,S00135,,history,,Hotel Atelier Bruges,Belgium,Tom Peeters,Brussels DC,657.00,EUR,Espresso Beans Brazil 1kg; Paper Cups 12oz x1000
S00135,Quotation sent,2025-11-06T07:21:41+00:00,Tom Peeters,S00135,,history,,Hotel Atelier Bruges,Belgium,Tom Peeters,Brussels DC,657.00,EUR,Espresso Beans Brazil 1kg; Paper Cups 12oz x1000
S00135,Order cancelled,2025-12-01T07:47:55+00:00,Tom Peeters,S00135,,history,,Hotel Atelier Bruges,Belgium,Tom Peeters,Brussels DC,657.00,EUR,Espresso Beans Brazil 1kg; Paper Cups 12oz x1000
S00136,Quotation created,2025-11-06T07:06:02+00:00,Sophie Lambert,S00136,,history,,Café des Arts Mons,Belgium,Sophie Lambert,Brussels DC,3088.00,EUR,Barista Apron; Cup Lids x1000; Espresso Machine Pro
S00136,Quotation sent,2025-11-06T08:41:22+00:00,Sophie Lambert,S00136,,history,,Café des Arts Mons,Belgium,Sophie Lambert,Brussels DC,3088.00,EUR,Barista Apron; Cup Lids x1000; Espresso Machine Pro
S00136,Order confirmed,2025-11-06T12:58:14+00:00,Sophie Lambert,S00136,,history,,Café des Arts Mons,Belgium,Sophie Lambert,Brussels DC,3088.00,EUR,Barista Apron; Cup Lids x1000; Espresso Machine Pro
S00136,Order cancelled,2025-11-07T07:49:50+00:00,Sophie Lambert,S00136,,history,,Café des Arts Mons,Belgium,Sophie Lambert,Brussels DC,3088.00,EUR,Barista Apron; Cup Lids x1000; Espresso Machine Pro
S00137,Quotation created,2025-11-06T07:06:24+00:00,Kasia Nowak,S00137,,history,,Stołówka Politechnika,Poland,Kasia Nowak,Warsaw DC,220.00,EUR,Green Tea Sencha 500g; House Blend Beans 1kg
S00137,Quotation sent,2025-11-06T09:50:11+00:00,Kasia Nowak,S00137,,history,,Stołówka Politechnika,Poland,Kasia Nowak,Warsaw DC,220.00,EUR,Green Tea Sencha 500g; House Blend Beans 1kg
S00137,Order confirmed,2025-11-13T07:15:44+00:00,Kasia Nowak,S00137,,history,,Stołówka Politechnika,Poland,Kasia Nowak,Warsaw DC,220.00,EUR,Green Tea Sencha 500g; House Blend Beans 1kg
S00137,Goods shipped,2025-11-14T07:52:12+00:00,Ola Wiśniewska,WAW/OUT/00059,,history,,Stołówka Politechnika,Poland,Kasia Nowak,Warsaw DC,220.00,EUR,Green Tea Sencha 500g; House Blend Beans 1kg
S00137,Invoice posted,2025-11-17T10:18:36+00:00,Anna Kowalczyk,INV/2025/00119,,history,2025-12-17,Stołówka Politechnika,Poland,Kasia Nowak,Warsaw DC,220.00,EUR,Green Tea Sencha 500g; House Blend Beans 1kg
S00137,Payment received,2025-12-18T16:19:58+00:00,Anna Kowalczyk,INV/2025/00119,,history,,Stołówka Politechnika,Poland,Kasia Nowak,Warsaw DC,220.00,EUR,Green Tea Sencha 500g; House Blend Beans 1kg
S00138,Quotation created,2025-11-06T14:33:46+00:00,Piotr Zieliński,S00138,,history,,Biuro Centrum Wola,Poland,Piotr Zieliński,Warsaw DC,468.00,EUR,Decaf Colombia Beans 1kg; Espresso Beans Brazil 1kg
S00138,Quotation sent,2025-11-07T07:11:56+00:00,Piotr Zieliński,S00138,,history,,Biuro Centrum Wola,Poland,Piotr Zieliński,Warsaw DC,468.00,EUR,Decaf Colombia Beans 1kg; Espresso Beans Brazil 1kg
S00138,Order confirmed,2025-11-10T07:54:13+00:00,Piotr Zieliński,S00138,,history,,Biuro Centrum Wola,Poland,Piotr Zieliński,Warsaw DC,468.00,EUR,Decaf Colombia Beans 1kg; Espresso Beans Brazil 1kg
S00138,Goods shipped,2025-11-11T07:21:22+00:00,Ola Wiśniewska,WAW/OUT/00053,,history,,Biuro Centrum Wola,Poland,Piotr Zieliński,Warsaw DC,468.00,EUR,Decaf Colombia Beans 1kg; Espresso Beans Brazil 1kg
S00138,Invoice posted,2025-11-12T08:07:50+00:00,Anna Kowalczyk,INV/2025/00111,,history,2025-12-12,Biuro Centrum Wola,Poland,Piotr Zieliński,Warsaw DC,468.00,EUR,Decaf Colombia Beans 1kg; Espresso Beans Brazil 1kg
S00138,Payment received,2025-12-15T07:35:20+00:00,Anna Kowalczyk,INV/2025/00111,,history,,Biuro Centrum Wola,Poland,Piotr Zieliński,Warsaw DC,468.00,EUR,Decaf Colombia Beans 1kg; Espresso Beans Brazil 1kg
S00139,Quotation created,2025-11-07T15:27:09+00:00,Kasia Nowak,S00139,,history,,Hotel Nad Wisłą,Poland,Kasia Nowak,Warsaw DC,1224.00,EUR,Descaler Tablets x10; House Blend Beans 1kg
S00139,Quotation sent,2025-11-10T07:31:55+00:00,Kasia Nowak,S00139,,history,,Hotel Nad Wisłą,Poland,Kasia Nowak,Warsaw DC,1224.00,EUR,Descaler Tablets x10; House Blend Beans 1kg
S00139,Order confirmed,2025-11-11T07:27:18+00:00,Kasia Nowak,S00139,,history,,Hotel Nad Wisłą,Poland,Kasia Nowak,Warsaw DC,1224.00,EUR,Descaler Tablets x10; House Blend Beans 1kg
S00139,Goods shipped,2025-11-12T16:07:59+00:00,Ola Wiśniewska,WAW/OUT/00055,,history,,Hotel Nad Wisłą,Poland,Kasia Nowak,Warsaw DC,1224.00,EUR,Descaler Tablets x10; House Blend Beans 1kg
S00139,Invoice posted,2025-11-17T10:19:48+00:00,Anna Kowalczyk,INV/2025/00121,,history,2025-12-17,Hotel Nad Wisłą,Poland,Kasia Nowak,Warsaw DC,1224.00,EUR,Descaler Tablets x10; House Blend Beans 1kg
S00139,Payment received,2025-12-29T07:28:03+00:00,Anna Kowalczyk,INV/2025/00121,,history,,Hotel Nad Wisłą,Poland,Kasia Nowak,Warsaw DC,1224.00,EUR,Descaler Tablets x10; House Blend Beans 1kg
S00140,Quotation created,2025-11-10T07:18:52+00:00,Sophie Lambert,S00140,,history,,Station Coffee Mechelen,Belgium,Sophie Lambert,Brussels DC,288.00,EUR,Espresso Beans Ethiopia 1kg
S00140,Quotation sent,2025-11-10T12:35:38+00:00,Sophie Lambert,S00140,,history,,Station Coffee Mechelen,Belgium,Sophie Lambert,Brussels DC,288.00,EUR,Espresso Beans Ethiopia 1kg
S00140,Order confirmed,2025-11-11T07:47:37+00:00,Sophie Lambert,S00140,,history,,Station Coffee Mechelen,Belgium,Sophie Lambert,Brussels DC,288.00,EUR,Espresso Beans Ethiopia 1kg
S00140,Order cancelled,2025-11-14T07:11:49+00:00,Sophie Lambert,S00140,,history,,Station Coffee Mechelen,Belgium,Sophie Lambert,Brussels DC,288.00,EUR,Espresso Beans Ethiopia 1kg
S00141,Quotation created,2025-11-10T07:23:06+00:00,Piotr Zieliński,S00141,,history,,Café Nowa Huta,Poland,Piotr Zieliński,Warsaw DC,384.00,EUR,House Blend Beans 1kg
S00141,Quotation sent,2025-11-10T07:45:37+00:00,Piotr Zieliński,S00141,,history,,Café Nowa Huta,Poland,Piotr Zieliński,Warsaw DC,384.00,EUR,House Blend Beans 1kg
S00141,Order confirmed,2025-11-12T07:16:50+00:00,Piotr Zieliński,S00141,,history,,Café Nowa Huta,Poland,Piotr Zieliński,Warsaw DC,384.00,EUR,House Blend Beans 1kg
S00141,Goods shipped,2025-11-14T07:15:02+00:00,Ola Wiśniewska,WAW/OUT/00057,,history,,Café Nowa Huta,Poland,Piotr Zieliński,Warsaw DC,384.00,EUR,House Blend Beans 1kg
S00141,Invoice posted,2025-11-17T10:01:59+00:00,Anna Kowalczyk,INV/2025/00118,,history,2025-12-17,Café Nowa Huta,Poland,Piotr Zieliński,Warsaw DC,384.00,EUR,House Blend Beans 1kg
S00141,Payment received,2025-12-15T10:01:21+00:00,Anna Kowalczyk,INV/2025/00118,,history,,Café Nowa Huta,Poland,Piotr Zieliński,Warsaw DC,384.00,EUR,House Blend Beans 1kg
S00142,Quotation created,2025-11-10T07:29:57+00:00,Kasia Nowak,S00142,,history,,Stołówka Politechnika,Poland,Kasia Nowak,Warsaw DC,384.00,EUR,House Blend Beans 1kg
S00142,Order confirmed,2025-11-11T11:40:32+00:00,Kasia Nowak,S00142,,history,,Stołówka Politechnika,Poland,Kasia Nowak,Warsaw DC,384.00,EUR,House Blend Beans 1kg
S00142,Invoice posted,2025-11-11T15:27:32+00:00,Anna Kowalczyk,INV/2025/00110,,history,2025-12-11,Stołówka Politechnika,Poland,Kasia Nowak,Warsaw DC,384.00,EUR,House Blend Beans 1kg
S00142,Goods shipped,2025-11-12T07:14:11+00:00,Ola Wiśniewska,WAW/OUT/00056,,history,,Stołówka Politechnika,Poland,Kasia Nowak,Warsaw DC,384.00,EUR,House Blend Beans 1kg
S00142,Credit note posted,2025-11-26T10:55:02+00:00,Anna Kowalczyk,RINV/2025/00010,,history,,Stołówka Politechnika,Poland,Kasia Nowak,Warsaw DC,384.00,EUR,House Blend Beans 1kg
S00142,Payment received,2025-11-27T07:45:23+00:00,Anna Kowalczyk,INV/2025/00110,,history,,Stołówka Politechnika,Poland,Kasia Nowak,Warsaw DC,384.00,EUR,House Blend Beans 1kg
S00143,Quotation created,2025-11-10T07:36:00+00:00,Sophie Lambert,S00143,,history,,Co-Work Ixelles,Belgium,Sophie Lambert,Brussels DC,560.00,EUR,Oat Milk Barista 12x1L
S00143,Quotation sent,2025-11-10T11:59:53+00:00,Sophie Lambert,S00143,,history,,Co-Work Ixelles,Belgium,Sophie Lambert,Brussels DC,560.00,EUR,Oat Milk Barista 12x1L
S00143,Order confirmed,2025-11-11T14:26:28+00:00,Sophie Lambert,S00143,,history,,Co-Work Ixelles,Belgium,Sophie Lambert,Brussels DC,560.00,EUR,Oat Milk Barista 12x1L
S00143,Goods shipped,2025-11-13T07:55:23+00:00,Marc Dubois,BRU/OUT/00062,,history,,Co-Work Ixelles,Belgium,Sophie Lambert,Brussels DC,560.00,EUR,Oat Milk Barista 12x1L
S00143,Invoice posted,2025-11-14T09:46:28+00:00,Julie Martin,INV/2025/00115,,history,2025-12-14,Co-Work Ixelles,Belgium,Sophie Lambert,Brussels DC,560.00,EUR,Oat Milk Barista 12x1L
S00143,Payment received,2025-12-02T07:09:13+00:00,Julie Martin,INV/2025/00115,,history,,Co-Work Ixelles,Belgium,Sophie Lambert,Brussels DC,560.00,EUR,Oat Milk Barista 12x1L
S00144,Quotation created,2025-11-10T07:40:19+00:00,Piotr Zieliński,S00144,,history,,Cukiernia Stare Miasto,Poland,Piotr Zieliński,Warsaw DC,508.00,EUR,Green Tea Sencha 500g; House Blend Beans 1kg; Oat Milk Barista 12x1L
S00144,Quotation sent,2025-11-10T13:18:51+00:00,Piotr Zieliński,S00144,,history,,Cukiernia Stare Miasto,Poland,Piotr Zieliński,Warsaw DC,508.00,EUR,Green Tea Sencha 500g; House Blend Beans 1kg; Oat Milk Barista 12x1L
S00144,Order confirmed,2025-11-12T10:15:00+00:00,Piotr Zieliński,S00144,,history,,Cukiernia Stare Miasto,Poland,Piotr Zieliński,Warsaw DC,508.00,EUR,Green Tea Sencha 500g; House Blend Beans 1kg; Oat Milk Barista 12x1L
S00144,Goods shipped,2025-11-13T08:30:15+00:00,Ola Wiśniewska,WAW/OUT/00058,,history,,Cukiernia Stare Miasto,Poland,Piotr Zieliński,Warsaw DC,508.00,EUR,Green Tea Sencha 500g; House Blend Beans 1kg; Oat Milk Barista 12x1L
S00144,Invoice posted,2025-11-17T07:43:07+00:00,Anna Kowalczyk,INV/2025/00116,,history,2025-12-17,Cukiernia Stare Miasto,Poland,Piotr Zieliński,Warsaw DC,508.00,EUR,Green Tea Sencha 500g; House Blend Beans 1kg; Oat Milk Barista 12x1L
S00144,Payment received,2025-12-09T07:54:34+00:00,Anna Kowalczyk,INV/2025/00116,,history,,Cukiernia Stare Miasto,Poland,Piotr Zieliński,Warsaw DC,508.00,EUR,Green Tea Sencha 500g; House Blend Beans 1kg; Oat Milk Barista 12x1L
S00145,Quotation created,2025-11-10T07:43:58+00:00,Sophie Lambert,S00145,,history,,Office Hub Leuven,Belgium,Sophie Lambert,Brussels DC,12.00,EUR,Ground Coffee 250g
S00145,Order confirmed,2025-11-12T07:57:19+00:00,Sophie Lambert,S00145,,history,,Office Hub Leuven,Belgium,Sophie Lambert,Brussels DC,12.00,EUR,Ground Coffee 250g
S00145,Delivery rescheduled,2025-11-13T07:02:39+00:00,Marc Dubois,BRU/OUT/00064,+1.0 days,history,,Office Hub Leuven,Belgium,Sophie Lambert,Brussels DC,12.00,EUR,Ground Coffee 250g
S00145,Goods shipped,2025-11-17T07:12:50+00:00,Marc Dubois,BRU/OUT/00064,,history,,Office Hub Leuven,Belgium,Sophie Lambert,Brussels DC,12.00,EUR,Ground Coffee 250g
S00145,Invoice posted,2025-11-17T11:14:53+00:00,Julie Martin,INV/2025/00122,,history,2025-12-17,Office Hub Leuven,Belgium,Sophie Lambert,Brussels DC,12.00,EUR,Ground Coffee 250g
S00145,Payment received,2025-12-16T07:38:54+00:00,Julie Martin,INV/2025/00122,,history,,Office Hub Leuven,Belgium,Sophie Lambert,Brussels DC,12.00,EUR,Ground Coffee 250g
S00146,Quotation created,2025-11-10T07:51:31+00:00,Sophie Lambert,S00146,,history,,Co-Work Ixelles,Belgium,Sophie Lambert,Brussels DC,320.00,EUR,House Blend Beans 1kg
S00146,Quotation sent,2025-11-10T10:24:34+00:00,Sophie Lambert,S00146,,history,,Co-Work Ixelles,Belgium,Sophie Lambert,Brussels DC,320.00,EUR,House Blend Beans 1kg
S00146,Order confirmed,2025-11-14T14:14:41+00:00,Sophie Lambert,S00146,,history,,Co-Work Ixelles,Belgium,Sophie Lambert,Brussels DC,320.00,EUR,House Blend Beans 1kg
S00146,Goods shipped,2025-11-17T07:45:53+00:00,Marc Dubois,BRU/OUT/00068,,history,,Co-Work Ixelles,Belgium,Sophie Lambert,Brussels DC,320.00,EUR,House Blend Beans 1kg
S00146,Invoice posted,2025-11-18T08:50:32+00:00,Julie Martin,INV/2025/00124,,history,2025-12-18,Co-Work Ixelles,Belgium,Sophie Lambert,Brussels DC,320.00,EUR,House Blend Beans 1kg
S00146,Payment received,2025-12-16T07:23:53+00:00,Julie Martin,INV/2025/00124,,history,,Co-Work Ixelles,Belgium,Sophie Lambert,Brussels DC,320.00,EUR,House Blend Beans 1kg
S00147,Quotation created,2025-11-10T11:21:20+00:00,Tom Peeters,S00147,,history,,Co-Work Ixelles,Belgium,Tom Peeters,Brussels DC,480.00,EUR,Descaler Tablets x10; Espresso Beans Brazil 1kg; Vanilla Syrup 1L
S00147,Quotation sent,2025-11-10T13:59:32+00:00,Tom Peeters,S00147,,history,,Co-Work Ixelles,Belgium,Tom Peeters,Brussels DC,480.00,EUR,Descaler Tablets x10; Espresso Beans Brazil 1kg; Vanilla Syrup 1L
S00147,Order confirmed,2025-11-12T10:34:49+00:00,Tom Peeters,S00147,,history,,Co-Work Ixelles,Belgium,Tom Peeters,Brussels DC,480.00,EUR,Descaler Tablets x10; Espresso Beans Brazil 1kg; Vanilla Syrup 1L
S00147,Goods shipped,2025-11-13T07:10:07+00:00,Marc Dubois,BRU/OUT/00065,,history,,Co-Work Ixelles,Belgium,Tom Peeters,Brussels DC,480.00,EUR,Descaler Tablets x10; Espresso Beans Brazil 1kg; Vanilla Syrup 1L
S00147,Invoice posted,2025-11-14T09:13:06+00:00,Julie Martin,INV/2025/00114,,history,2025-12-14,Co-Work Ixelles,Belgium,Tom Peeters,Brussels DC,480.00,EUR,Descaler Tablets x10; Espresso Beans Brazil 1kg; Vanilla Syrup 1L
S00147,Payment received,2025-12-08T07:27:01+00:00,Julie Martin,INV/2025/00114,,history,,Co-Work Ixelles,Belgium,Tom Peeters,Brussels DC,480.00,EUR,Descaler Tablets x10; Espresso Beans Brazil 1kg; Vanilla Syrup 1L
S00148,Quotation created,2025-11-10T14:27:40+00:00,Tom Peeters,S00148,,history,,Kantine Noord,Belgium,Tom Peeters,Brussels DC,1152.00,EUR,Ground Coffee 250g; Paper Cups 12oz x1000
S00148,Quotation sent,2025-11-10T15:09:05+00:00,Tom Peeters,S00148,,history,,Kantine Noord,Belgium,Tom Peeters,Brussels DC,1152.00,EUR,Ground Coffee 250g; Paper Cups 12oz x1000
S00148,Order cancelled,2025-12-08T07:06:07+00:00,Tom Peeters,S00148,,history,,Kantine Noord,Belgium,Tom Peeters,Brussels DC,1152.00,EUR,Ground Coffee 250g; Paper Cups 12oz x1000
S00149,Quotation created,2025-11-10T15:58:33+00:00,Tom Peeters,S00149,,history,,Kantine Noord,Belgium,Tom Peeters,Brussels DC,216.00,EUR,Espresso Beans Brazil 1kg
S00149,Quotation sent,2025-11-11T07:51:43+00:00,Tom Peeters,S00149,,history,,Kantine Noord,Belgium,Tom Peeters,Brussels DC,216.00,EUR,Espresso Beans Brazil 1kg
S00149,Order confirmed,2025-11-12T07:55:03+00:00,Tom Peeters,S00149,,history,,Kantine Noord,Belgium,Tom Peeters,Brussels DC,216.00,EUR,Espresso Beans Brazil 1kg
S00149,Goods shipped,2025-11-14T07:16:48+00:00,Marc Dubois,BRU/OUT/00063,,history,,Kantine Noord,Belgium,Tom Peeters,Brussels DC,216.00,EUR,Espresso Beans Brazil 1kg
S00149,Invoice posted,2025-11-17T09:10:32+00:00,Julie Martin,INV/2025/00117,,history,2025-12-17,Kantine Noord,Belgium,Tom Peeters,Brussels DC,216.00,EUR,Espresso Beans Brazil 1kg
S00149,Payment received,2025-12-08T07:47:46+00:00,Julie Martin,INV/2025/00117,,history,,Kantine Noord,Belgium,Tom Peeters,Brussels DC,216.00,EUR,Espresso Beans Brazil 1kg
S00150,Quotation created,2025-11-11T16:05:09+00:00,Tom Peeters,S00150,,history,,Lunchbar Kouter,Belgium,Tom Peeters,Brussels DC,880.00,EUR,House Blend Beans 1kg; Oat Milk Barista 12x1L
S00150,Quotation sent,2025-11-12T07:55:33+00:00,Tom Peeters,S00150,,history,,Lunchbar Kouter,Belgium,Tom Peeters,Brussels DC,880.00,EUR,House Blend Beans 1kg; Oat Milk Barista 12x1L
S00150,Order confirmed,2025-11-14T09:55:26+00:00,Tom Peeters,S00150,,history,,Lunchbar Kouter,Belgium,Tom Peeters,Brussels DC,880.00,EUR,House Blend Beans 1kg; Oat Milk Barista 12x1L
S00150,Goods shipped,2025-11-17T07:45:36+00:00,Marc Dubois,BRU/OUT/00067,,history,,Lunchbar Kouter,Belgium,Tom Peeters,Brussels DC,880.00,EUR,House Blend Beans 1kg; Oat Milk Barista 12x1L
S00150,Invoice posted,2025-11-17T14:12:18+00:00,Julie Martin,INV/2025/00123,,history,2025-12-17,Lunchbar Kouter,Belgium,Tom Peeters,Brussels DC,880.00,EUR,House Blend Beans 1kg; Oat Milk Barista 12x1L
S00150,Payment received,2025-12-11T14:02:52+00:00,Julie Martin,INV/2025/00123,,history,,Lunchbar Kouter,Belgium,Tom Peeters,Brussels DC,880.00,EUR,House Blend Beans 1kg; Oat Milk Barista 12x1L
S00151,Quotation created,2025-11-12T07:30:58+00:00,Tom Peeters,S00151,,history,,Kantine Noord,Belgium,Tom Peeters,Brussels DC,238.00,EUR,Descaler Tablets x10; Oat Milk Barista 12x1L
S00151,Order cancelled,2025-12-15T07:08:00+00:00,Tom Peeters,S00151,,history,,Kantine Noord,Belgium,Tom Peeters,Brussels DC,238.00,EUR,Descaler Tablets x10; Oat Milk Barista 12x1L
S00152,Quotation created,2025-11-12T09:50:19+00:00,Piotr Zieliński,S00152,,history,,Stołówka Politechnika,Poland,Piotr Zieliński,Warsaw DC,670.00,EUR,Chai Latte Mix 1kg; Decaf Colombia Beans 1kg; Descaler Tablets x10; House Blend Beans 1kg
S00152,Quotation sent,2025-11-12T14:50:58+00:00,Piotr Zieliński,S00152,,history,,Stołówka Politechnika,Poland,Piotr Zieliński,Warsaw DC,670.00,EUR,Chai Latte Mix 1kg; Decaf Colombia Beans 1kg; Descaler Tablets x10; House Blend Beans 1kg
S00152,Order confirmed,2025-11-13T07:44:25+00:00,Piotr Zieliński,S00152,,history,,Stołówka Politechnika,Poland,Piotr Zieliński,Warsaw DC,670.00,EUR,Chai Latte Mix 1kg; Decaf Colombia Beans 1kg; Descaler Tablets x10; House Blend Beans 1kg
S00152,Order changed after confirmation,2025-11-13T19:25:01+00:00,Piotr Zieliński,S00152,amount 622.00 -> 670.00,history,,Stołówka Politechnika,Poland,Piotr Zieliński,Warsaw DC,670.00,EUR,Chai Latte Mix 1kg; Decaf Colombia Beans 1kg; Descaler Tablets x10; House Blend Beans 1kg
S00152,Goods shipped,2025-11-14T07:05:38+00:00,Ola Wiśniewska,WAW/OUT/00060,,history,,Stołówka Politechnika,Poland,Piotr Zieliński,Warsaw DC,670.00,EUR,Chai Latte Mix 1kg; Decaf Colombia Beans 1kg; Descaler Tablets x10; House Blend Beans 1kg
S00152,Invoice posted,2025-11-17T10:19:37+00:00,Anna Kowalczyk,INV/2025/00120,,history,2025-12-17,Stołówka Politechnika,Poland,Piotr Zieliński,Warsaw DC,670.00,EUR,Chai Latte Mix 1kg; Decaf Colombia Beans 1kg; Descaler Tablets x10; House Blend Beans 1kg
S00152,Payment received,2025-12-24T07:02:48+00:00,Anna Kowalczyk,INV/2025/00120,,history,,Stołówka Politechnika,Poland,Piotr Zieliński,Warsaw DC,670.00,EUR,Chai Latte Mix 1kg; Decaf Colombia Beans 1kg; Descaler Tablets x10; House Blend Beans 1kg
S00153,Quotation created,2025-11-12T12:31:53+00:00,Tom Peeters,S00153,,history,,Hotel Lindenhof,Belgium,Tom Peeters,Brussels DC,138.00,EUR,Espresso Beans Brazil 1kg; Espresso Beans Ethiopia 1kg
S00153,Quotation sent,2025-11-12T16:06:46+00:00,Tom Peeters,S00153,,history,,Hotel Lindenhof,Belgium,Tom Peeters,Brussels DC,138.00,EUR,Espresso Beans Brazil 1kg; Espresso Beans Ethiopia 1kg
S00154,Quotation created,2025-11-12T14:33:46+00:00,Sophie Lambert,S00154,,history,,Brasserie du Canal,Belgium,Sophie Lambert,Brussels DC,480.00,EUR,Earl Grey Tea 500g; Espresso Beans Brazil 1kg
S00154,Order confirmed,2025-11-13T07:26:19+00:00,Sophie Lambert,S00154,,history,,Brasserie du Canal,Belgium,Sophie Lambert,Brussels DC,480.00,EUR,Earl Grey Tea 500g; Espresso Beans Brazil 1kg
S00154,Goods shipped,2025-11-13T13:27:44+00:00,Marc Dubois,BRU/OUT/00066,,history,,Brasserie du Canal,Belgium,Sophie Lambert,Brussels DC,480.00,EUR,Earl Grey Tea 500g; Espresso Beans Brazil 1kg
S00154,Invoice posted,2025-11-14T09:06:48+00:00,Julie Martin,INV/2025/00113,,history,2025-12-14,Brasserie du Canal,Belgium,Sophie Lambert,Brussels DC,480.00,EUR,Earl Grey Tea 500g; Espresso Beans Brazil 1kg
S00154,Payment received,2026-01-05T07:15:20+00:00,Julie Martin,INV/2025/00113,,history,,Brasserie du Canal,Belgium,Sophie Lambert,Brussels DC,480.00,EUR,Earl Grey Tea 500g; Espresso Beans Brazil 1kg
S00155,Quotation created,2025-11-13T13:02:25+00:00,Piotr Zieliński,S00155,,history,,Restauracja Odra,Poland,Piotr Zieliński,Warsaw DC,320.00,EUR,House Blend Beans 1kg
S00155,Order confirmed,2025-11-14T07:58:17+00:00,Piotr Zieliński,S00155,,history,,Restauracja Odra,Poland,Piotr Zieliński,Warsaw DC,320.00,EUR,House Blend Beans 1kg
S00155,Delivery rescheduled,2025-11-17T07:19:19+00:00,Ola Wiśniewska,WAW/OUT/00061,+2.0 days,history,,Restauracja Odra,Poland,Piotr Zieliński,Warsaw DC,320.00,EUR,House Blend Beans 1kg
S00155,Goods shipped,2025-11-19T09:55:00+00:00,Ola Wiśniewska,WAW/OUT/00061,,history,,Restauracja Odra,Poland,Piotr Zieliński,Warsaw DC,320.00,EUR,House Blend Beans 1kg
S00155,Invoice posted,2025-11-24T08:51:46+00:00,Anna Kowalczyk,INV/2025/00134,,history,2025-12-24,Restauracja Odra,Poland,Piotr Zieliński,Warsaw DC,320.00,EUR,House Blend Beans 1kg
S00155,Payment received,2026-01-26T07:52:26+00:00,Anna Kowalczyk,INV/2025/00134,,history,,Restauracja Odra,Poland,Piotr Zieliński,Warsaw DC,320.00,EUR,House Blend Beans 1kg
S00156,Quotation created,2025-11-13T16:16:58+00:00,Tom Peeters,S00156,,history,,Hotel Lindenhof,Belgium,Tom Peeters,Brussels DC,848.00,EUR,Ground Coffee 250g; Oat Milk Barista 12x1L
S00156,Quotation sent,2025-11-14T07:58:42+00:00,Tom Peeters,S00156,,history,,Hotel Lindenhof,Belgium,Tom Peeters,Brussels DC,848.00,EUR,Ground Coffee 250g; Oat Milk Barista 12x1L
S00156,Order confirmed,2025-11-17T09:54:31+00:00,Tom Peeters,S00156,,history,,Hotel Lindenhof,Belgium,Tom Peeters,Brussels DC,848.00,EUR,Ground Coffee 250g; Oat Milk Barista 12x1L
S00156,Order changed after confirmation,2025-11-17T20:42:12+00:00,Tom Peeters,S00156,amount 708.00 -> 848.00,history,,Hotel Lindenhof,Belgium,Tom Peeters,Brussels DC,848.00,EUR,Ground Coffee 250g; Oat Milk Barista 12x1L
S00156,Goods shipped,2025-11-18T07:29:54+00:00,Marc Dubois,BRU/OUT/00070,,history,,Hotel Lindenhof,Belgium,Tom Peeters,Brussels DC,848.00,EUR,Ground Coffee 250g; Oat Milk Barista 12x1L
S00156,Invoice posted,2025-11-19T08:48:45+00:00,Julie Martin,INV/2025/00127,,history,2025-12-19,Hotel Lindenhof,Belgium,Tom Peeters,Brussels DC,848.00,EUR,Ground Coffee 250g; Oat Milk Barista 12x1L
S00156,Payment received,2025-12-11T07:34:29+00:00,Julie Martin,INV/2025/00127,,history,,Hotel Lindenhof,Belgium,Tom Peeters,Brussels DC,848.00,EUR,Ground Coffee 250g; Oat Milk Barista 12x1L
S00157,Quotation created,2025-11-14T12:37:24+00:00,Tom Peeters,S00157,,history,,Business Park Diegem,Belgium,Tom Peeters,Brussels DC,325.00,EUR,Cup Lids x1000
S00157,Quotation sent,2025-11-14T16:09:09+00:00,Tom Peeters,S00157,,history,,Business Park Diegem,Belgium,Tom Peeters,Brussels DC,325.00,EUR,Cup Lids x1000
S00157,Order confirmed,2025-11-17T07:39:50+00:00,Tom Peeters,S00157,,history,,Business Park Diegem,Belgium,Tom Peeters,Brussels DC,325.00,EUR,Cup Lids x1000
S00157,Order changed after confirmation,2025-11-17T19:25:58+00:00,Tom Peeters,S00157,amount 250.00 -> 325.00,history,,Business Park Diegem,Belgium,Tom Peeters,Brussels DC,325.00,EUR,Cup Lids x1000
S00157,Goods shipped,2025-11-18T07:12:06+00:00,Marc Dubois,BRU/OUT/00069,,history,,Business Park Diegem,Belgium,Tom Peeters,Brussels DC,325.00,EUR,Cup Lids x1000
S00157,Invoice posted,2025-11-18T14:07:27+00:00,Julie Martin,INV/2025/00125,,history,2025-12-18,Business Park Diegem,Belgium,Tom Peeters,Brussels DC,325.00,EUR,Cup Lids x1000
S00157,Payment received,2025-12-05T14:59:03+00:00,Julie Martin,INV/2025/00125,,history,,Business Park Diegem,Belgium,Tom Peeters,Brussels DC,325.00,EUR,Cup Lids x1000
S00158,Quotation created,2025-11-14T15:17:03+00:00,Piotr Zieliński,S00158,,history,,Stołówka Politechnika,Poland,Piotr Zieliński,Warsaw DC,154.00,EUR,Espresso Beans Brazil 1kg; House Blend Beans 1kg
S00158,Quotation sent,2025-11-17T07:23:01+00:00,Piotr Zieliński,S00158,,history,,Stołówka Politechnika,Poland,Piotr Zieliński,Warsaw DC,154.00,EUR,Espresso Beans Brazil 1kg; House Blend Beans 1kg
S00158,Order confirmed,2025-11-18T07:22:39+00:00,Piotr Zieliński,S00158,,history,,Stołówka Politechnika,Poland,Piotr Zieliński,Warsaw DC,154.00,EUR,Espresso Beans Brazil 1kg; House Blend Beans 1kg
S00158,Goods shipped,2025-11-19T15:05:37+00:00,Ola Wiśniewska,WAW/OUT/00063,,history,,Stołówka Politechnika,Poland,Piotr Zieliński,Warsaw DC,154.00,EUR,Espresso Beans Brazil 1kg; House Blend Beans 1kg
S00158,Invoice posted,2025-11-21T15:46:42+00:00,Anna Kowalczyk,INV/2025/00133,,history,2025-12-21,Stołówka Politechnika,Poland,Piotr Zieliński,Warsaw DC,154.00,EUR,Espresso Beans Brazil 1kg; House Blend Beans 1kg
S00158,Payment received,2025-12-16T10:45:09+00:00,Anna Kowalczyk,INV/2025/00133,,history,,Stołówka Politechnika,Poland,Piotr Zieliński,Warsaw DC,154.00,EUR,Espresso Beans Brazil 1kg; House Blend Beans 1kg
S00159,Quotation created,2025-11-17T07:09:24+00:00,Piotr Zieliński,S00159,,history,,Stołówka Politechnika,Poland,Piotr Zieliński,Warsaw DC,390.00,EUR,Cup Lids x1000; Descaler Tablets x10
S00159,Quotation sent,2025-11-17T11:59:30+00:00,Piotr Zieliński,S00159,,history,,Stołówka Politechnika,Poland,Piotr Zieliński,Warsaw DC,390.00,EUR,Cup Lids x1000; Descaler Tablets x10
S00159,Order confirmed,2025-11-18T07:46:17+00:00,Piotr Zieliński,S00159,,history,,Stołówka Politechnika,Poland,Piotr Zieliński,Warsaw DC,390.00,EUR,Cup Lids x1000; Descaler Tablets x10
S00159,Goods shipped,2025-11-19T07:49:24+00:00,Ola Wiśniewska,WAW/OUT/00064,,history,,Stołówka Politechnika,Poland,Piotr Zieliński,Warsaw DC,390.00,EUR,Cup Lids x1000; Descaler Tablets x10
S00159,Invoice posted,2025-11-21T09:50:21+00:00,Anna Kowalczyk,INV/2025/00132,,history,2025-12-21,Stołówka Politechnika,Poland,Piotr Zieliński,Warsaw DC,390.00,EUR,Cup Lids x1000; Descaler Tablets x10
S00159,Payment received,2025-12-25T07:58:15+00:00,Anna Kowalczyk,INV/2025/00132,,history,,Stołówka Politechnika,Poland,Piotr Zieliński,Warsaw DC,390.00,EUR,Cup Lids x1000; Descaler Tablets x10
S00160,Quotation created,2025-11-17T07:18:39+00:00,Tom Peeters,S00160,,history,,Bistro Flagey Corner,Belgium,Tom Peeters,Brussels DC,1300.00,EUR,Coffee Grinder Compact
S00160,Quotation sent,2025-11-17T08:32:31+00:00,Tom Peeters,S00160,,history,,Bistro Flagey Corner,Belgium,Tom Peeters,Brussels DC,1300.00,EUR,Coffee Grinder Compact
S00160,Order confirmed,2025-11-18T07:37:07+00:00,Tom Peeters,S00160,,history,,Bistro Flagey Corner,Belgium,Tom Peeters,Brussels DC,1300.00,EUR,Coffee Grinder Compact
S00160,Order changed after confirmation,2025-11-18T15:54:22+00:00,Tom Peeters,S00160,"amount 650.00 -> 1,300.00",history,,Bistro Flagey Corner,Belgium,Tom Peeters,Brussels DC,1300.00,EUR,Coffee Grinder Compact
S00160,Goods shipped,2025-11-19T07:42:53+00:00,Marc Dubois,BRU/OUT/00071,,history,,Bistro Flagey Corner,Belgium,Tom Peeters,Brussels DC,1300.00,EUR,Coffee Grinder Compact
S00160,Invoice posted,2025-11-20T11:37:42+00:00,Julie Martin,INV/2025/00128,,history,2025-12-20,Bistro Flagey Corner,Belgium,Tom Peeters,Brussels DC,1300.00,EUR,Coffee Grinder Compact
S00160,Payment received,2025-12-04T07:05:45+00:00,Julie Martin,INV/2025/00128,,history,,Bistro Flagey Corner,Belgium,Tom Peeters,Brussels DC,1300.00,EUR,Coffee Grinder Compact
S00161,Quotation created,2025-11-17T07:32:46+00:00,Sophie Lambert,S00161,,history,,Station Coffee Mechelen,Belgium,Sophie Lambert,Brussels DC,48.00,EUR,Espresso Beans Ethiopia 1kg
S00161,Quotation sent,2025-11-17T13:07:47+00:00,Sophie Lambert,S00161,,history,,Station Coffee Mechelen,Belgium,Sophie Lambert,Brussels DC,48.00,EUR,Espresso Beans Ethiopia 1kg
S00161,Order confirmed,2025-11-18T15:58:47+00:00,Sophie Lambert,S00161,,history,,Station Coffee Mechelen,Belgium,Sophie Lambert,Brussels DC,48.00,EUR,Espresso Beans Ethiopia 1kg
S00161,Goods shipped,2025-11-20T07:53:58+00:00,Marc Dubois,BRU/OUT/00074,,history,,Station Coffee Mechelen,Belgium,Sophie Lambert,Brussels DC,48.00,EUR,Espresso Beans Ethiopia 1kg
S00161,Invoice posted,2025-11-20T13:00:19+00:00,Julie Martin,INV/2025/00129,,history,2025-12-20,Station Coffee Mechelen,Belgium,Sophie Lambert,Brussels DC,48.00,EUR,Espresso Beans Ethiopia 1kg
S00161,Payment received,2025-12-04T11:29:03+00:00,Julie Martin,INV/2025/00129,,history,,Station Coffee Mechelen,Belgium,Sophie Lambert,Brussels DC,48.00,EUR,Espresso Beans Ethiopia 1kg
S00162,Quotation created,2025-11-17T07:34:19+00:00,Kasia Nowak,S00162,,history,,Piekarnia Żoliborz,Poland,Kasia Nowak,Warsaw DC,364.00,EUR,Green Tea Sencha 500g; Oat Milk Barista 12x1L
S00162,Quotation sent,2025-11-17T08:00:59+00:00,Kasia Nowak,S00162,,history,,Piekarnia Żoliborz,Poland,Kasia Nowak,Warsaw DC,364.00,EUR,Green Tea Sencha 500g; Oat Milk Barista 12x1L
S00162,Order confirmed,2025-11-18T07:20:09+00:00,Kasia Nowak,S00162,,history,,Piekarnia Żoliborz,Poland,Kasia Nowak,Warsaw DC,364.00,EUR,Green Tea Sencha 500g; Oat Milk Barista 12x1L
S00162,Order cancelled,2025-11-20T13:45:32+00:00,Kasia Nowak,S00162,,history,,Piekarnia Żoliborz,Poland,Kasia Nowak,Warsaw DC,364.00,EUR,Green Tea Sencha 500g; Oat Milk Barista 12x1L
S00163,Quotation created,2025-11-17T07:37:55+00:00,Sophie Lambert,S00163,,history,,Bistro Flagey Corner,Belgium,Sophie Lambert,Brussels DC,96.00,EUR,Espresso Beans Ethiopia 1kg
S00163,Order confirmed,2025-11-18T07:56:40+00:00,Sophie Lambert,S00163,,history,,Bistro Flagey Corner,Belgium,Sophie Lambert,Brussels DC,96.00,EUR,Espresso Beans Ethiopia 1kg
S00163,Goods shipped,2025-11-20T07:51:43+00:00,Marc Dubois,BRU/OUT/00072,,history,,Bistro Flagey Corner,Belgium,Sophie Lambert,Brussels DC,96.00,EUR,Espresso Beans Ethiopia 1kg
S00163,Invoice posted,2025-11-21T08:45:46+00:00,Julie Martin,INV/2025/00131,,history,2025-12-21,Bistro Flagey Corner,Belgium,Sophie Lambert,Brussels DC,96.00,EUR,Espresso Beans Ethiopia 1kg
S00163,Payment received,2025-12-05T12:23:08+00:00,Julie Martin,INV/2025/00131,,history,,Bistro Flagey Corner,Belgium,Sophie Lambert,Brussels DC,96.00,EUR,Espresso Beans Ethiopia 1kg
S00164,Quotation created,2025-11-17T07:38:13+00:00,Piotr Zieliński,S00164,,history,,Piekarnia Żoliborz,Poland,Piotr Zieliński,Warsaw DC,300.00,EUR,Earl Grey Tea 500g; Espresso Beans Ethiopia 1kg
S00164,Order confirmed,2025-11-20T13:52:37+00:00,Piotr Zieliński,S00164,,history,,Piekarnia Żoliborz,Poland,Piotr Zieliński,Warsaw DC,300.00,EUR,Earl Grey Tea 500g; Espresso Beans Ethiopia 1kg
S00164,Goods shipped,2025-11-25T08:42:00+00:00,Ola Wiśniewska,WAW/OUT/00067,,history,,Piekarnia Żoliborz,Poland,Piotr Zieliński,Warsaw DC,300.00,EUR,Earl Grey Tea 500g; Espresso Beans Ethiopia 1kg
S00164,Invoice posted,2025-12-01T10:03:36+00:00,Anna Kowalczyk,INV/2025/00147,,history,2025-12-31,Piekarnia Żoliborz,Poland,Piotr Zieliński,Warsaw DC,300.00,EUR,Earl Grey Tea 500g; Espresso Beans Ethiopia 1kg
S00164,Payment received,2025-12-19T13:01:46+00:00,Anna Kowalczyk,INV/2025/00147,,history,,Piekarnia Żoliborz,Poland,Piotr Zieliński,Warsaw DC,300.00,EUR,Earl Grey Tea 500g; Espresso Beans Ethiopia 1kg
S00165,Quotation created,2025-11-17T07:48:47+00:00,Piotr Zieliński,S00165,,history,,Biurowiec Mokotowska,Poland,Piotr Zieliński,Warsaw DC,162.00,EUR,Espresso Beans Brazil 1kg; Vanilla Syrup 1L
S00165,Quotation sent,2025-11-17T12:38:25+00:00,Piotr Zieliński,S00165,,history,,Biurowiec Mokotowska,Poland,Piotr Zieliński,Warsaw DC,162.00,EUR,Espresso Beans Brazil 1kg; Vanilla Syrup 1L
S00165,Order confirmed,2025-11-18T15:36:29+00:00,Piotr Zieliński,S00165,,history,,Biurowiec Mokotowska,Poland,Piotr Zieliński,Warsaw DC,162.00,EUR,Espresso Beans Brazil 1kg; Vanilla Syrup 1L
S00165,Goods shipped,2025-11-19T07:08:26+00:00,Ola Wiśniewska,WAW/OUT/00065,,history,,Biurowiec Mokotowska,Poland,Piotr Zieliński,Warsaw DC,162.00,EUR,Espresso Beans Brazil 1kg; Vanilla Syrup 1L
S00165,Invoice posted,2025-11-19T07:23:03+00:00,Anna Kowalczyk,INV/2025/00126,,history,2025-12-19,Biurowiec Mokotowska,Poland,Piotr Zieliński,Warsaw DC,162.00,EUR,Espresso Beans Brazil 1kg; Vanilla Syrup 1L
S00165,Payment received,2025-12-16T15:59:55+00:00,Anna Kowalczyk,INV/2025/00126,,history,,Biurowiec Mokotowska,Poland,Piotr Zieliński,Warsaw DC,162.00,EUR,Espresso Beans Brazil 1kg; Vanilla Syrup 1L
S00166,Quotation created,2025-11-17T07:50:43+00:00,Kasia Nowak,S00166,,history,,Coworking Praga,Poland,Kasia Nowak,Warsaw DC,672.00,EUR,Espresso Beans Ethiopia 1kg; House Blend Beans 1kg
S00166,Quotation sent,2025-11-17T11:06:00+00:00,Kasia Nowak,S00166,,history,,Coworking Praga,Poland,Kasia Nowak,Warsaw DC,672.00,EUR,Espresso Beans Ethiopia 1kg; House Blend Beans 1kg
S00166,Order confirmed,2025-11-20T07:37:06+00:00,Kasia Nowak,S00166,,history,,Coworking Praga,Poland,Kasia Nowak,Warsaw DC,672.00,EUR,Espresso Beans Ethiopia 1kg; House Blend Beans 1kg
S00166,Goods shipped,2025-11-21T07:44:34+00:00,Ola Wiśniewska,WAW/OUT/00066,,history,,Coworking Praga,Poland,Kasia Nowak,Warsaw DC,672.00,EUR,Espresso Beans Ethiopia 1kg; House Blend Beans 1kg
S00166,Invoice posted,2025-11-24T10:08:36+00:00,Anna Kowalczyk,INV/2025/00135,,history,2025-12-24,Coworking Praga,Poland,Kasia Nowak,Warsaw DC,672.00,EUR,Espresso Beans Ethiopia 1kg; House Blend Beans 1kg
S00166,Payment received,2026-02-12T09:06:23+00:00,Anna Kowalczyk,INV/2025/00135,,history,,Coworking Praga,Poland,Kasia Nowak,Warsaw DC,672.00,EUR,Espresso Beans Ethiopia 1kg; House Blend Beans 1kg
S00167,Quotation created,2025-11-17T07:51:39+00:00,Tom Peeters,S00167,,history,,Campus Kitchen Louvain,Belgium,Tom Peeters,Brussels DC,270.00,EUR,Vanilla Syrup 1L
S00167,Quotation sent,2025-11-17T10:29:14+00:00,Tom Peeters,S00167,,history,,Campus Kitchen Louvain,Belgium,Tom Peeters,Brussels DC,270.00,EUR,Vanilla Syrup 1L
S00167,Order confirmed,2025-11-18T11:27:42+00:00,Tom Peeters,S00167,,history,,Campus Kitchen Louvain,Belgium,Tom Peeters,Brussels DC,270.00,EUR,Vanilla Syrup 1L
S00167,Order changed after confirmation,2025-11-18T13:10:40+00:00,Tom Peeters,S00167,amount 216.00 -> 270.00,history,,Campus Kitchen Louvain,Belgium,Tom Peeters,Brussels DC,270.00,EUR,Vanilla Syrup 1L
S00167,Goods shipped,2025-11-19T13:57:55+00:00,Marc Dubois,BRU/OUT/00073,,history,,Campus Kitchen Louvain,Belgium,Tom Peeters,Brussels DC,270.00,EUR,Vanilla Syrup 1L
S00167,Invoice posted,2025-11-20T13:52:41+00:00,Julie Martin,INV/2025/00130,,history,2025-12-20,Campus Kitchen Louvain,Belgium,Tom Peeters,Brussels DC,270.00,EUR,Vanilla Syrup 1L
S00167,Payment received,2025-12-12T07:35:36+00:00,Julie Martin,INV/2025/00130,,history,,Campus Kitchen Louvain,Belgium,Tom Peeters,Brussels DC,270.00,EUR,Vanilla Syrup 1L
S00168,Quotation created,2025-11-19T14:01:48+00:00,Tom Peeters,S00168,,history,,Bakkerij Zuid,Belgium,Tom Peeters,Brussels DC,432.00,EUR,Espresso Beans Ethiopia 1kg; Ground Coffee 250g; House Blend Beans 1kg
S00168,Quotation sent,2025-11-20T07:48:58+00:00,Tom Peeters,S00168,,history,,Bakkerij Zuid,Belgium,Tom Peeters,Brussels DC,432.00,EUR,Espresso Beans Ethiopia 1kg; Ground Coffee 250g; House Blend Beans 1kg
S00168,Order confirmed,2025-11-24T07:11:16+00:00,Tom Peeters,S00168,,history,,Bakkerij Zuid,Belgium,Tom Peeters,Brussels DC,432.00,EUR,Espresso Beans Ethiopia 1kg; Ground Coffee 250g; House Blend Beans 1kg
S00168,Goods shipped,2025-11-25T07:35:38+00:00,Marc Dubois,BRU/OUT/00075,,history,,Bakkerij Zuid,Belgium,Tom Peeters,Brussels DC,432.00,EUR,Espresso Beans Ethiopia 1kg; Ground Coffee 250g; House Blend Beans 1kg
S00168,Invoice posted,2025-11-26T08:24:58+00:00,Julie Martin,INV/2025/00138,,history,2025-12-26,Bakkerij Zuid,Belgium,Tom Peeters,Brussels DC,432.00,EUR,Espresso Beans Ethiopia 1kg; Ground Coffee 250g; House Blend Beans 1kg
S00168,Payment received,2025-12-30T13:46:31+00:00,Julie Martin,INV/2025/00138,,history,,Bakkerij Zuid,Belgium,Tom Peeters,Brussels DC,432.00,EUR,Espresso Beans Ethiopia 1kg; Ground Coffee 250g; House Blend Beans 1kg
S00169,Quotation created,2025-11-20T12:09:05+00:00,Piotr Zieliński,S00169,,history,,Biurowiec Mokotowska,Poland,Piotr Zieliński,Warsaw DC,112.00,EUR,Oat Milk Barista 12x1L
S00169,Quotation sent,2025-11-20T12:31:53+00:00,Piotr Zieliński,S00169,,history,,Biurowiec Mokotowska,Poland,Piotr Zieliński,Warsaw DC,112.00,EUR,Oat Milk Barista 12x1L
S00169,Order confirmed,2025-11-21T07:47:08+00:00,Piotr Zieliński,S00169,,history,,Biurowiec Mokotowska,Poland,Piotr Zieliński,Warsaw DC,112.00,EUR,Oat Milk Barista 12x1L
S00169,Goods shipped,2025-11-25T15:26:00+00:00,Ola Wiśniewska,WAW/OUT/00068,,history,,Biurowiec Mokotowska,Poland,Piotr Zieliński,Warsaw DC,112.00,EUR,Oat Milk Barista 12x1L
S00169,Invoice posted,2025-11-28T07:24:03+00:00,Anna Kowalczyk,INV/2025/00142,,history,2025-12-28,Biurowiec Mokotowska,Poland,Piotr Zieliński,Warsaw DC,112.00,EUR,Oat Milk Barista 12x1L
S00169,Payment received,2026-01-07T07:48:11+00:00,Anna Kowalczyk,INV/2025/00142,,history,,Biurowiec Mokotowska,Poland,Piotr Zieliński,Warsaw DC,112.00,EUR,Oat Milk Barista 12x1L
S00170,Quotation created,2025-11-20T15:18:42+00:00,Tom Peeters,S00170,,history,,Lunchbar Kouter,Belgium,Tom Peeters,Brussels DC,310.00,EUR,Cup Lids x1000; Espresso Beans Ethiopia 1kg; Oat Milk Barista 12x1L
S00170,Order confirmed,2025-11-24T07:31:26+00:00,Tom Peeters,S00170,,history,,Lunchbar Kouter,Belgium,Tom Peeters,Brussels DC,310.00,EUR,Cup Lids x1000; Espresso Beans Ethiopia 1kg; Oat Milk Barista 12x1L
S00170,Order changed after confirmation,2025-11-25T07:20:26+00:00,Tom Peeters,S00170,amount 285.00 -> 310.00,history,,Lunchbar Kouter,Belgium,Tom Peeters,Brussels DC,310.00,EUR,Cup Lids x1000; Espresso Beans Ethiopia 1kg; Oat Milk Barista 12x1L
S00170,Goods shipped,2025-11-26T07:04:48+00:00,Marc Dubois,BRU/OUT/00076,,history,,Lunchbar Kouter,Belgium,Tom Peeters,Brussels DC,310.00,EUR,Cup Lids x1000; Espresso Beans Ethiopia 1kg; Oat Milk Barista 12x1L
S00170,Invoice posted,2025-11-27T08:49:29+00:00,Julie Martin,INV/2025/00139,,history,2025-12-27,Lunchbar Kouter,Belgium,Tom Peeters,Brussels DC,310.00,EUR,Cup Lids x1000; Espresso Beans Ethiopia 1kg; Oat Milk Barista 12x1L
S00170,Payment received,2025-12-15T07:43:47+00:00,Julie Martin,INV/2025/00139,,history,,Lunchbar Kouter,Belgium,Tom Peeters,Brussels DC,310.00,EUR,Cup Lids x1000; Espresso Beans Ethiopia 1kg; Oat Milk Barista 12x1L
S00171,Quotation created,2025-11-24T07:15:03+00:00,Kasia Nowak,S00171,,history,,Kawiarnia Mokotów,Poland,Kasia Nowak,Warsaw DC,828.00,EUR,Espresso Beans Brazil 1kg; Paper Cups 12oz x1000; Vanilla Syrup 1L
S00171,Quotation sent,2025-11-24T09:04:34+00:00,Kasia Nowak,S00171,,history,,Kawiarnia Mokotów,Poland,Kasia Nowak,Warsaw DC,828.00,EUR,Espresso Beans Brazil 1kg; Paper Cups 12oz x1000; Vanilla Syrup 1L
S00171,Order cancelled,2025-12-30T07:06:34+00:00,Kasia Nowak,S00171,,history,,Kawiarnia Mokotów,Poland,Kasia Nowak,Warsaw DC,828.00,EUR,Espresso Beans Brazil 1kg; Paper Cups 12oz x1000; Vanilla Syrup 1L
S00172,Quotation created,2025-11-24T07:20:47+00:00,Tom Peeters,S00172,,history,,Tearoom Duinen,Belgium,Tom Peeters,Brussels DC,420.00,EUR,Espresso Beans Brazil 1kg; Espresso Beans Ethiopia 1kg
S00172,Quotation sent,2025-11-24T09:37:52+00:00,Tom Peeters,S00172,,history,,Tearoom Duinen,Belgium,Tom Peeters,Brussels DC,420.00,EUR,Espresso Beans Brazil 1kg; Espresso Beans Ethiopia 1kg
S00172,Order confirmed,2025-11-26T07:22:39+00:00,Tom Peeters,S00172,,history,,Tearoom Duinen,Belgium,Tom Peeters,Brussels DC,420.00,EUR,Espresso Beans Brazil 1kg; Espresso Beans Ethiopia 1kg
S00172,Order changed after confirmation,2025-11-27T10:53:05+00:00,Tom Peeters,S00172,amount 276.00 -> 420.00,history,,Tearoom Duinen,Belgium,Tom Peeters,Brussels DC,420.00,EUR,Espresso Beans Brazil 1kg; Espresso Beans Ethiopia 1kg
S00172,Goods shipped,2025-11-28T07:20:53+00:00,Marc Dubois,BRU/OUT/00078,,history,,Tearoom Duinen,Belgium,Tom Peeters,Brussels DC,420.00,EUR,Espresso Beans Brazil 1kg; Espresso Beans Ethiopia 1kg
S00172,Invoice posted,2025-12-01T08:52:11+00:00,Julie Martin,INV/2025/00144,,history,2025-12-31,Tearoom Duinen,Belgium,Tom Peeters,Brussels DC,420.00,EUR,Espresso Beans Brazil 1kg; Espresso Beans Ethiopia 1kg
S00172,Payment received,2025-12-31T10:48:21+00:00,Julie Martin,INV/2025/00144,,history,,Tearoom Duinen,Belgium,Tom Peeters,Brussels DC,420.00,EUR,Espresso Beans Brazil 1kg; Espresso Beans Ethiopia 1kg
S00173,Quotation created,2025-11-24T07:22:56+00:00,Tom Peeters,S00173,,history,,Co-Work Ixelles,Belgium,Tom Peeters,Brussels DC,653.00,EUR,Decaf Colombia Beans 1kg; Espresso Beans Ethiopia 1kg; Green Tea Sencha 500g
S00173,Order confirmed,2025-11-25T07:57:02+00:00,Tom Peeters,S00173,,history,,Co-Work Ixelles,Belgium,Tom Peeters,Brussels DC,653.00,EUR,Decaf Colombia Beans 1kg; Espresso Beans Ethiopia 1kg; Green Tea Sencha 500g
S00173,Order changed after confirmation,2025-11-26T07:31:51+00:00,Tom Peeters,S00173,amount 533.00 -> 653.00,history,,Co-Work Ixelles,Belgium,Tom Peeters,Brussels DC,653.00,EUR,Decaf Colombia Beans 1kg; Espresso Beans Ethiopia 1kg; Green Tea Sencha 500g
S00173,Goods shipped,2025-11-26T07:42:17+00:00,Marc Dubois,BRU/OUT/00077,,history,,Co-Work Ixelles,Belgium,Tom Peeters,Brussels DC,653.00,EUR,Decaf Colombia Beans 1kg; Espresso Beans Ethiopia 1kg; Green Tea Sencha 500g
S00173,Invoice posted,2025-11-27T09:24:49+00:00,Julie Martin,INV/2025/00140,,history,2025-12-27,Co-Work Ixelles,Belgium,Tom Peeters,Brussels DC,653.00,EUR,Decaf Colombia Beans 1kg; Espresso Beans Ethiopia 1kg; Green Tea Sencha 500g
S00173,Payment received,2025-12-25T07:59:47+00:00,Julie Martin,INV/2025/00140,,history,,Co-Work Ixelles,Belgium,Tom Peeters,Brussels DC,653.00,EUR,Decaf Colombia Beans 1kg; Espresso Beans Ethiopia 1kg; Green Tea Sencha 500g
S00174,Quotation created,2025-11-24T07:27:35+00:00,Piotr Zieliński,S00174,,history,,Biurowiec Mokotowska,Poland,Piotr Zieliński,Warsaw DC,80.00,EUR,House Blend Beans 1kg
S00174,Quotation sent,2025-11-24T08:11:56+00:00,Piotr Zieliński,S00174,,history,,Biurowiec Mokotowska,Poland,Piotr Zieliński,Warsaw DC,80.00,EUR,House Blend Beans 1kg
S00174,Order confirmed,2025-11-25T07:27:08+00:00,Piotr Zieliński,S00174,,history,,Biurowiec Mokotowska,Poland,Piotr Zieliński,Warsaw DC,80.00,EUR,House Blend Beans 1kg
S00174,Invoice posted,2025-11-25T10:33:35+00:00,Anna Kowalczyk,INV/2025/00136,,history,2025-12-25,Biurowiec Mokotowska,Poland,Piotr Zieliński,Warsaw DC,80.00,EUR,House Blend Beans 1kg
S00174,Goods shipped,2025-11-27T07:55:02+00:00,Ola Wiśniewska,WAW/OUT/00069,,history,,Biurowiec Mokotowska,Poland,Piotr Zieliński,Warsaw DC,80.00,EUR,House Blend Beans 1kg
S00174,Payment received,2025-12-29T12:21:09+00:00,Anna Kowalczyk,INV/2025/00136,,history,,Biurowiec Mokotowska,Poland,Piotr Zieliński,Warsaw DC,80.00,EUR,House Blend Beans 1kg
S00175,Quotation created,2025-11-24T07:44:44+00:00,Sophie Lambert,S00175,,history,,Hotel Horizon Namur,Belgium,Sophie Lambert,Brussels DC,80.00,EUR,House Blend Beans 1kg
S00175,Quotation sent,2025-11-24T12:31:11+00:00,Sophie Lambert,S00175,,history,,Hotel Horizon Namur,Belgium,Sophie Lambert,Brussels DC,80.00,EUR,House Blend Beans 1kg
S00175,Order confirmed,2025-11-27T07:02:05+00:00,Sophie Lambert,S00175,,history,,Hotel Horizon Namur,Belgium,Sophie Lambert,Brussels DC,80.00,EUR,House Blend Beans 1kg
S00175,Goods shipped,2025-12-01T07:04:48+00:00,Marc Dubois,BRU/OUT/00079,,history,,Hotel Horizon Namur,Belgium,Sophie Lambert,Brussels DC,80.00,EUR,House Blend Beans 1kg
S00175,Invoice posted,2025-12-02T07:47:44+00:00,Julie Martin,INV/2025/00148,,history,2026-01-01,Hotel Horizon Namur,Belgium,Sophie Lambert,Brussels DC,80.00,EUR,House Blend Beans 1kg
S00175,Payment received,2025-12-25T07:13:39+00:00,Julie Martin,INV/2025/00148,,history,,Hotel Horizon Namur,Belgium,Sophie Lambert,Brussels DC,80.00,EUR,House Blend Beans 1kg
S00176,Quotation created,2025-11-24T07:51:31+00:00,Piotr Zieliński,S00176,,history,,Kawiarnia Mokotów,Poland,Piotr Zieliński,Warsaw DC,356.00,EUR,Espresso Beans Brazil 1kg; House Blend Beans 1kg
S00176,Quotation sent,2025-11-24T09:33:26+00:00,Piotr Zieliński,S00176,,history,,Kawiarnia Mokotów,Poland,Piotr Zieliński,Warsaw DC,356.00,EUR,Espresso Beans Brazil 1kg; House Blend Beans 1kg
S00176,Order confirmed,2025-11-25T15:36:11+00:00,Piotr Zieliński,S00176,,history,,Kawiarnia Mokotów,Poland,Piotr Zieliński,Warsaw DC,356.00,EUR,Espresso Beans Brazil 1kg; House Blend Beans 1kg
S00176,Goods shipped,2025-11-26T07:42:19+00:00,Ola Wiśniewska,WAW/OUT/00071,,history,,Kawiarnia Mokotów,Poland,Piotr Zieliński,Warsaw DC,356.00,EUR,Espresso Beans Brazil 1kg; House Blend Beans 1kg
S00176,Invoice posted,2025-12-01T08:13:54+00:00,Anna Kowalczyk,INV/2025/00143,,history,2025-12-31,Kawiarnia Mokotów,Poland,Piotr Zieliński,Warsaw DC,356.00,EUR,Espresso Beans Brazil 1kg; House Blend Beans 1kg
S00176,Payment received,2025-12-25T13:45:24+00:00,Anna Kowalczyk,INV/2025/00143,,history,,Kawiarnia Mokotów,Poland,Piotr Zieliński,Warsaw DC,356.00,EUR,Espresso Beans Brazil 1kg; House Blend Beans 1kg
S00177,Quotation created,2025-11-24T07:52:44+00:00,Kasia Nowak,S00177,,history,,Kawiarnia Sopot Molo,Poland,Kasia Nowak,Warsaw DC,2400.00,EUR,Espresso Machine Pro
S00177,Quotation sent,2025-11-24T10:54:59+00:00,Kasia Nowak,S00177,,history,,Kawiarnia Sopot Molo,Poland,Kasia Nowak,Warsaw DC,2400.00,EUR,Espresso Machine Pro
S00177,Order confirmed,2025-11-25T09:47:24+00:00,Kasia Nowak,S00177,,history,,Kawiarnia Sopot Molo,Poland,Kasia Nowak,Warsaw DC,2400.00,EUR,Espresso Machine Pro
S00177,Invoice posted,2025-11-25T12:39:42+00:00,Anna Kowalczyk,INV/2025/00137,,history,2025-12-25,Kawiarnia Sopot Molo,Poland,Kasia Nowak,Warsaw DC,2400.00,EUR,Espresso Machine Pro
S00177,Delivery rescheduled,2025-11-27T07:12:39+00:00,Ola Wiśniewska,WAW/OUT/00070,+6.0 days,history,,Kawiarnia Sopot Molo,Poland,Kasia Nowak,Warsaw DC,2400.00,EUR,Espresso Machine Pro
S00177,Delivery rescheduled,2025-12-01T07:47:44+00:00,Ola Wiśniewska,WAW/OUT/00070,+3.0 days,history,,Kawiarnia Sopot Molo,Poland,Kasia Nowak,Warsaw DC,2400.00,EUR,Espresso Machine Pro
S00177,Delivery rescheduled,2025-12-04T07:47:14+00:00,Ola Wiśniewska,WAW/OUT/00070,+6.0 days,history,,Kawiarnia Sopot Molo,Poland,Kasia Nowak,Warsaw DC,2400.00,EUR,Espresso Machine Pro
S00177,Goods shipped,2025-12-08T07:29:24+00:00,Ola Wiśniewska,WAW/OUT/00070,,history,,Kawiarnia Sopot Molo,Poland,Kasia Nowak,Warsaw DC,2400.00,EUR,Espresso Machine Pro
S00177,Payment received,2025-12-10T07:55:29+00:00,Anna Kowalczyk,INV/2025/00137,,history,,Kawiarnia Sopot Molo,Poland,Kasia Nowak,Warsaw DC,2400.00,EUR,Espresso Machine Pro
S00178,Quotation created,2025-11-24T13:01:14+00:00,Tom Peeters,S00178,,history,,Kantine Noord,Belgium,Tom Peeters,Brussels DC,269.00,EUR,Cup Lids x1000; Espresso Beans Ethiopia 1kg
S00178,Quotation sent,2025-11-25T07:13:46+00:00,Tom Peeters,S00178,,history,,Kantine Noord,Belgium,Tom Peeters,Brussels DC,269.00,EUR,Cup Lids x1000; Espresso Beans Ethiopia 1kg
S00178,Order cancelled,2025-12-22T10:07:07+00:00,Tom Peeters,S00178,,history,,Kantine Noord,Belgium,Tom Peeters,Brussels DC,269.00,EUR,Cup Lids x1000; Espresso Beans Ethiopia 1kg
S00179,Quotation created,2025-11-24T15:16:14+00:00,Tom Peeters,S00179,,history,,Café Parvis,Belgium,Tom Peeters,Brussels DC,685.00,EUR,Chai Latte Mix 1kg; House Blend Beans 1kg; Paper Cups 12oz x1000
S00179,Quotation sent,2025-11-25T07:21:14+00:00,Tom Peeters,S00179,,history,,Café Parvis,Belgium,Tom Peeters,Brussels DC,685.00,EUR,Chai Latte Mix 1kg; House Blend Beans 1kg; Paper Cups 12oz x1000
S00179,Order confirmed,2025-12-01T07:55:48+00:00,Tom Peeters,S00179,,history,,Café Parvis,Belgium,Tom Peeters,Brussels DC,685.00,EUR,Chai Latte Mix 1kg; House Blend Beans 1kg; Paper Cups 12oz x1000
S00179,Order changed after confirmation,2025-12-01T19:54:14+00:00,Tom Peeters,S00179,amount 669.00 -> 685.00,history,,Café Parvis,Belgium,Tom Peeters,Brussels DC,685.00,EUR,Chai Latte Mix 1kg; House Blend Beans 1kg; Paper Cups 12oz x1000
S00179,Goods shipped,2025-12-02T07:52:40+00:00,Marc Dubois,BRU/OUT/00081,,history,,Café Parvis,Belgium,Tom Peeters,Brussels DC,685.00,EUR,Chai Latte Mix 1kg; House Blend Beans 1kg; Paper Cups 12oz x1000
S00179,Invoice posted,2025-12-02T13:20:35+00:00,Julie Martin,INV/2025/00149,,history,2026-01-01,Café Parvis,Belgium,Tom Peeters,Brussels DC,685.00,EUR,Chai Latte Mix 1kg; House Blend Beans 1kg; Paper Cups 12oz x1000
S00179,Payment received,2025-12-22T07:20:56+00:00,Julie Martin,INV/2025/00149,,history,,Café Parvis,Belgium,Tom Peeters,Brussels DC,685.00,EUR,Chai Latte Mix 1kg; House Blend Beans 1kg; Paper Cups 12oz x1000
S00180,Quotation created,2025-11-25T07:36:41+00:00,Sophie Lambert,S00180,,history,,Bistro Flagey Corner,Belgium,Sophie Lambert,Brussels DC,108.00,EUR,Vanilla Syrup 1L
S00180,Quotation sent,2025-11-25T10:11:48+00:00,Sophie Lambert,S00180,,history,,Bistro Flagey Corner,Belgium,Sophie Lambert,Brussels DC,108.00,EUR,Vanilla Syrup 1L
S00180,Order confirmed,2025-11-27T16:13:06+00:00,Sophie Lambert,S00180,,history,,Bistro Flagey Corner,Belgium,Sophie Lambert,Brussels DC,108.00,EUR,Vanilla Syrup 1L
S00180,Goods shipped,2025-11-28T14:26:37+00:00,Marc Dubois,BRU/OUT/00080,,history,,Bistro Flagey Corner,Belgium,Sophie Lambert,Brussels DC,108.00,EUR,Vanilla Syrup 1L
S00180,Invoice posted,2025-12-01T09:45:37+00:00,Julie Martin,INV/2025/00146,,history,2025-12-31,Bistro Flagey Corner,Belgium,Sophie Lambert,Brussels DC,108.00,EUR,Vanilla Syrup 1L
S00180,Payment received,2025-12-29T07:30:06+00:00,Julie Martin,INV/2025/00146,,history,,Bistro Flagey Corner,Belgium,Sophie Lambert,Brussels DC,108.00,EUR,Vanilla Syrup 1L
S00181,Quotation created,2025-11-25T08:52:45+00:00,Piotr Zieliński,S00181,,history,,Cukiernia Stare Miasto,Poland,Piotr Zieliński,Warsaw DC,312.00,EUR,Espresso Beans Brazil 1kg; Espresso Beans Ethiopia 1kg
S00181,Quotation sent,2025-11-25T13:20:21+00:00,Piotr Zieliński,S00181,,history,,Cukiernia Stare Miasto,Poland,Piotr Zieliński,Warsaw DC,312.00,EUR,Espresso Beans Brazil 1kg; Espresso Beans Ethiopia 1kg
S00181,Order confirmed,2025-11-26T09:19:04+00:00,Piotr Zieliński,S00181,,history,,Cukiernia Stare Miasto,Poland,Piotr Zieliński,Warsaw DC,312.00,EUR,Espresso Beans Brazil 1kg; Espresso Beans Ethiopia 1kg
S00181,Goods shipped,2025-11-27T14:19:03+00:00,Ola Wiśniewska,WAW/OUT/00072,,history,,Cukiernia Stare Miasto,Poland,Piotr Zieliński,Warsaw DC,312.00,EUR,Espresso Beans Brazil 1kg; Espresso Beans Ethiopia 1kg
S00181,Invoice posted,2025-12-01T09:27:24+00:00,Anna Kowalczyk,INV/2025/00145,,history,2025-12-31,Cukiernia Stare Miasto,Poland,Piotr Zieliński,Warsaw DC,312.00,EUR,Espresso Beans Brazil 1kg; Espresso Beans Ethiopia 1kg
S00181,Payment received,2025-12-31T07:53:30+00:00,Anna Kowalczyk,INV/2025/00145,,history,,Cukiernia Stare Miasto,Poland,Piotr Zieliński,Warsaw DC,312.00,EUR,Espresso Beans Brazil 1kg; Espresso Beans Ethiopia 1kg
S00182,Quotation created,2025-11-25T09:18:02+00:00,Tom Peeters,S00182,,history,,Espresso Point Wavre,Belgium,Tom Peeters,Brussels DC,196.00,EUR,Cup Lids x1000; Decaf Colombia Beans 1kg; Ground Coffee 250g
S00183,Quotation created,2025-11-25T11:43:45+00:00,Kasia Nowak,S00183,,history,,Kawiarnia Ogród,Poland,Kasia Nowak,Warsaw DC,192.00,EUR,House Blend Beans 1kg
S00183,Order confirmed,2025-11-27T07:36:16+00:00,Kasia Nowak,S00183,,history,,Kawiarnia Ogród,Poland,Kasia Nowak,Warsaw DC,192.00,EUR,House Blend Beans 1kg
S00183,Invoice posted,2025-11-27T12:26:02+00:00,Anna Kowalczyk,INV/2025/00141,,history,2025-12-27,Kawiarnia Ogród,Poland,Kasia Nowak,Warsaw DC,192.00,EUR,House Blend Beans 1kg
S00183,Goods shipped,2025-11-28T16:03:56+00:00,Ola Wiśniewska,WAW/OUT/00073,,history,,Kawiarnia Ogród,Poland,Kasia Nowak,Warsaw DC,192.00,EUR,House Blend Beans 1kg
S00183,Payment received,2025-12-22T07:24:11+00:00,Anna Kowalczyk,INV/2025/00141,,history,,Kawiarnia Ogród,Poland,Kasia Nowak,Warsaw DC,192.00,EUR,House Blend Beans 1kg
S00184,Quotation created,2025-11-27T16:29:53+00:00,Piotr Zieliński,S00184,,history,,Cukiernia Stare Miasto,Poland,Piotr Zieliński,Warsaw DC,650.00,EUR,Coffee Grinder Compact
S00184,Quotation sent,2025-11-28T07:27:54+00:00,Piotr Zieliński,S00184,,history,,Cukiernia Stare Miasto,Poland,Piotr Zieliński,Warsaw DC,650.00,EUR,Coffee Grinder Compact
S00184,Order cancelled,2025-12-23T15:19:25+00:00,Piotr Zieliński,S00184,,history,,Cukiernia Stare Miasto,Poland,Piotr Zieliński,Warsaw DC,650.00,EUR,Coffee Grinder Compact
S00185,Quotation created,2025-11-28T12:33:10+00:00,Kasia Nowak,S00185,,history,,Biurowiec Mokotowska,Poland,Kasia Nowak,Warsaw DC,1580.00,EUR,Espresso Beans Brazil 1kg; House Blend Beans 1kg; Paper Cups 12oz x1000
S00185,Quotation sent,2025-11-28T13:25:51+00:00,Kasia Nowak,S00185,,history,,Biurowiec Mokotowska,Poland,Kasia Nowak,Warsaw DC,1580.00,EUR,Espresso Beans Brazil 1kg; House Blend Beans 1kg; Paper Cups 12oz x1000
S00186,Quotation created,2025-11-28T15:21:34+00:00,Sophie Lambert,S00186,,history,,Koffiebar Meir,Belgium,Sophie Lambert,Brussels DC,408.00,EUR,Green Tea Sencha 500g; Ground Coffee 250g
S00186,Quotation sent,2025-12-01T07:43:41+00:00,Sophie Lambert,S00186,,history,,Koffiebar Meir,Belgium,Sophie Lambert,Brussels DC,408.00,EUR,Green Tea Sencha 500g; Ground Coffee 250g
S00186,Order confirmed,2025-12-02T07:15:17+00:00,Sophie Lambert,S00186,,history,,Koffiebar Meir,Belgium,Sophie Lambert,Brussels DC,408.00,EUR,Green Tea Sencha 500g; Ground Coffee 250g
S00186,Goods shipped,2025-12-04T07:19:49+00:00,Marc Dubois,BRU/OUT/00083,,history,,Koffiebar Meir,Belgium,Sophie Lambert,Brussels DC,408.00,EUR,Green Tea Sencha 500g; Ground Coffee 250g
S00186,Invoice posted,2025-12-04T14:48:30+00:00,Julie Martin,INV/2025/00151,,history,2026-01-03,Koffiebar Meir,Belgium,Sophie Lambert,Brussels DC,408.00,EUR,Green Tea Sencha 500g; Ground Coffee 250g
S00186,Payment received,2026-01-02T07:50:46+00:00,Julie Martin,INV/2025/00151,,history,,Koffiebar Meir,Belgium,Sophie Lambert,Brussels DC,408.00,EUR,Green Tea Sencha 500g; Ground Coffee 250g
S00187,Quotation created,2025-12-01T07:02:56+00:00,Sophie Lambert,S00187,,history,,Brasserie du Canal,Belgium,Sophie Lambert,Brussels DC,596.00,EUR,Espresso Beans Ethiopia 1kg; House Blend Beans 1kg; Paper Cups 12oz x1000
S00187,Order confirmed,2025-12-02T07:08:57+00:00,Sophie Lambert,S00187,,history,,Brasserie du Canal,Belgium,Sophie Lambert,Brussels DC,596.00,EUR,Espresso Beans Ethiopia 1kg; House Blend Beans 1kg; Paper Cups 12oz x1000
S00187,Goods shipped,2025-12-04T07:49:43+00:00,Marc Dubois,BRU/OUT/00082,,history,,Brasserie du Canal,Belgium,Sophie Lambert,Brussels DC,596.00,EUR,Espresso Beans Ethiopia 1kg; House Blend Beans 1kg; Paper Cups 12oz x1000
S00187,Invoice posted,2025-12-05T07:36:33+00:00,Julie Martin,INV/2025/00152,,history,2026-01-04,Brasserie du Canal,Belgium,Sophie Lambert,Brussels DC,596.00,EUR,Espresso Beans Ethiopia 1kg; House Blend Beans 1kg; Paper Cups 12oz x1000
S00187,Payment received,2026-02-26T07:22:37+00:00,Julie Martin,INV/2025/00152,,history,,Brasserie du Canal,Belgium,Sophie Lambert,Brussels DC,596.00,EUR,Espresso Beans Ethiopia 1kg; House Blend Beans 1kg; Paper Cups 12oz x1000
S00188,Quotation created,2025-12-01T07:17:54+00:00,Kasia Nowak,S00188,,history,,Piekarnia Żoliborz,Poland,Kasia Nowak,Warsaw DC,984.00,EUR,Cup Lids x1000; Decaf Colombia Beans 1kg; Ground Coffee 250g
S00188,Order confirmed,2025-12-01T12:52:40+00:00,Kasia Nowak,S00188,,history,,Piekarnia Żoliborz,Poland,Kasia Nowak,Warsaw DC,984.00,EUR,Cup Lids x1000; Decaf Colombia Beans 1kg; Ground Coffee 250g
S00188,Order changed after confirmation,2025-12-02T07:25:49+00:00,Kasia Nowak,S00188,amount 834.00 -> 984.00,history,,Piekarnia Żoliborz,Poland,Kasia Nowak,Warsaw DC,984.00,EUR,Cup Lids x1000; Decaf Colombia Beans 1kg; Ground Coffee 250g
S00188,Goods shipped,2025-12-02T07:32:40+00:00,Ola Wiśniewska,WAW/OUT/00074,,history,,Piekarnia Żoliborz,Poland,Kasia Nowak,Warsaw DC,984.00,EUR,Cup Lids x1000; Decaf Colombia Beans 1kg; Ground Coffee 250g
S00188,Invoice posted,2025-12-05T13:38:57+00:00,Anna Kowalczyk,INV/2025/00155,,history,2026-01-04,Piekarnia Żoliborz,Poland,Kasia Nowak,Warsaw DC,984.00,EUR,Cup Lids x1000; Decaf Colombia Beans 1kg; Ground Coffee 250g
S00188,Payment received,2025-12-19T15:50:14+00:00,Anna Kowalczyk,INV/2025/00155,,history,,Piekarnia Żoliborz,Poland,Kasia Nowak,Warsaw DC,984.00,EUR,Cup Lids x1000; Decaf Colombia Beans 1kg; Ground Coffee 250g
S00189,Quotation created,2025-12-01T07:23:58+00:00,Tom Peeters,S00189,,history,,Hotel Atelier Bruges,Belgium,Tom Peeters,Brussels DC,320.00,EUR,Earl Grey Tea 500g; House Blend Beans 1kg
S00189,Order confirmed,2025-12-08T07:33:40+00:00,Tom Peeters,S00189,,history,,Hotel Atelier Bruges,Belgium,Tom Peeters,Brussels DC,320.00,EUR,Earl Grey Tea 500g; House Blend Beans 1kg
S00189,Order changed after confirmation,2025-12-09T07:33:25+00:00,Tom Peeters,S00189,amount 304.00 -> 320.00,history,,Hotel Atelier Bruges,Belgium,Tom Peeters,Brussels DC,320.00,EUR,Earl Grey Tea 500g; House Blend Beans 1kg
S00189,Goods shipped,2025-12-09T13:54:34+00:00,Marc Dubois,BRU/OUT/00088,,history,,Hotel Atelier Bruges,Belgium,Tom Peeters,Brussels DC,320.00,EUR,Earl Grey Tea 500g; House Blend Beans 1kg
S00189,Invoice posted,2025-12-10T07:58:55+00:00,Julie Martin,INV/2025/00162,,history,2026-01-09,Hotel Atelier Bruges,Belgium,Tom Peeters,Brussels DC,320.00,EUR,Earl Grey Tea 500g; House Blend Beans 1kg
S00189,Payment received,2025-12-23T13:05:59+00:00,Julie Martin,INV/2025/00162,,history,,Hotel Atelier Bruges,Belgium,Tom Peeters,Brussels DC,320.00,EUR,Earl Grey Tea 500g; House Blend Beans 1kg
S00190,Quotation created,2025-12-01T07:25:50+00:00,Sophie Lambert,S00190,,history,,Brasserie du Canal,Belgium,Sophie Lambert,Brussels DC,175.00,EUR,Descaler Tablets x10
S00190,Quotation sent,2025-12-01T13:04:55+00:00,Sophie Lambert,S00190,,history,,Brasserie du Canal,Belgium,Sophie Lambert,Brussels DC,175.00,EUR,Descaler Tablets x10
S00190,Order confirmed,2025-12-03T07:21:18+00:00,Sophie Lambert,S00190,,history,,Brasserie du Canal,Belgium,Sophie Lambert,Brussels DC,175.00,EUR,Descaler Tablets x10
S00190,Goods shipped,2025-12-04T07:56:08+00:00,Marc Dubois,BRU/OUT/00085,,history,,Brasserie du Canal,Belgium,Sophie Lambert,Brussels DC,175.00,EUR,Descaler Tablets x10
S00190,Invoice posted,2025-12-05T07:37:10+00:00,Julie Martin,INV/2025/00153,,history,2026-01-04,Brasserie du Canal,Belgium,Sophie Lambert,Brussels DC,175.00,EUR,Descaler Tablets x10
S00190,Payment received,2026-01-23T07:45:11+00:00,Julie Martin,INV/2025/00153,,history,,Brasserie du Canal,Belgium,Sophie Lambert,Brussels DC,175.00,EUR,Descaler Tablets x10
S00191,Quotation created,2025-12-01T07:26:53+00:00,Sophie Lambert,S00191,,history,,Espresso Point Wavre,Belgium,Sophie Lambert,Brussels DC,120.00,EUR,Espresso Beans Ethiopia 1kg
S00191,Order cancelled,2026-01-01T07:03:20+00:00,Sophie Lambert,S00191,,history,,Espresso Point Wavre,Belgium,Sophie Lambert,Brussels DC,120.00,EUR,Espresso Beans Ethiopia 1kg
S00192,Quotation created,2025-12-01T07:35:17+00:00,Kasia Nowak,S00192,,history,,Biuro Centrum Wola,Poland,Kasia Nowak,Warsaw DC,684.00,EUR,Espresso Beans Brazil 1kg; Green Tea Sencha 500g; Oat Milk Barista 12x1L
S00192,Quotation sent,2025-12-01T08:58:53+00:00,Kasia Nowak,S00192,,history,,Biuro Centrum Wola,Poland,Kasia Nowak,Warsaw DC,684.00,EUR,Espresso Beans Brazil 1kg; Green Tea Sencha 500g; Oat Milk Barista 12x1L
S00192,Order confirmed,2025-12-02T07:02:15+00:00,Kasia Nowak,S00192,,history,,Biuro Centrum Wola,Poland,Kasia Nowak,Warsaw DC,684.00,EUR,Espresso Beans Brazil 1kg; Green Tea Sencha 500g; Oat Milk Barista 12x1L
S00192,Goods shipped,2025-12-03T07:34:56+00:00,Ola Wiśniewska,WAW/OUT/00075,,history,,Biuro Centrum Wola,Poland,Kasia Nowak,Warsaw DC,684.00,EUR,Espresso Beans Brazil 1kg; Green Tea Sencha 500g; Oat Milk Barista 12x1L
S00192,Invoice posted,2025-12-08T08:52:30+00:00,Anna Kowalczyk,INV/2025/00158,,history,2026-01-07,Biuro Centrum Wola,Poland,Kasia Nowak,Warsaw DC,684.00,EUR,Espresso Beans Brazil 1kg; Green Tea Sencha 500g; Oat Milk Barista 12x1L
S00192,Payment received,2026-01-05T07:13:38+00:00,Anna Kowalczyk,INV/2025/00158,,history,,Biuro Centrum Wola,Poland,Kasia Nowak,Warsaw DC,684.00,EUR,Espresso Beans Brazil 1kg; Green Tea Sencha 500g; Oat Milk Barista 12x1L
S00193,Quotation created,2025-12-01T07:41:59+00:00,Kasia Nowak,S00193,,history,,Kawiarnia Mokotów,Poland,Kasia Nowak,Warsaw DC,408.00,EUR,Earl Grey Tea 500g; Oat Milk Barista 12x1L
S00193,Quotation sent,2025-12-01T08:40:05+00:00,Kasia Nowak,S00193,,history,,Kawiarnia Mokotów,Poland,Kasia Nowak,Warsaw DC,408.00,EUR,Earl Grey Tea 500g; Oat Milk Barista 12x1L
S00193,Order cancelled,2025-12-26T07:44:43+00:00,Kasia Nowak,S00193,,history,,Kawiarnia Mokotów,Poland,Kasia Nowak,Warsaw DC,408.00,EUR,Earl Grey Tea 500g; Oat Milk Barista 12x1L
S00194,Quotation created,2025-12-01T07:52:51+00:00,Tom Peeters,S00194,,history,,Co-Work Ixelles,Belgium,Tom Peeters,Brussels DC,45.00,EUR,Vanilla Syrup 1L
S00194,Quotation sent,2025-12-01T11:11:44+00:00,Tom Peeters,S00194,,history,,Co-Work Ixelles,Belgium,Tom Peeters,Brussels DC,45.00,EUR,Vanilla Syrup 1L
S00194,Order confirmed,2025-12-02T07:36:06+00:00,Tom Peeters,S00194,,history,,Co-Work Ixelles,Belgium,Tom Peeters,Brussels DC,45.00,EUR,Vanilla Syrup 1L
S00194,Order changed after confirmation,2025-12-03T07:50:34+00:00,Tom Peeters,S00194,amount 36.00 -> 45.00,history,,Co-Work Ixelles,Belgium,Tom Peeters,Brussels DC,45.00,EUR,Vanilla Syrup 1L
S00194,Goods shipped,2025-12-04T07:24:11+00:00,Marc Dubois,BRU/OUT/00084,,history,,Co-Work Ixelles,Belgium,Tom Peeters,Brussels DC,45.00,EUR,Vanilla Syrup 1L
S00194,Invoice posted,2025-12-05T09:12:37+00:00,Julie Martin,INV/2025/00154,,history,2026-01-04,Co-Work Ixelles,Belgium,Tom Peeters,Brussels DC,45.00,EUR,Vanilla Syrup 1L
S00195,Quotation created,2025-12-01T07:54:40+00:00,Piotr Zieliński,S00195,,history,,Cukiernia Stare Miasto,Poland,Piotr Zieliński,Warsaw DC,370.00,EUR,Espresso Beans Brazil 1kg; Green Tea Sencha 500g
S00195,Quotation sent,2025-12-01T12:19:50+00:00,Piotr Zieliński,S00195,,history,,Cukiernia Stare Miasto,Poland,Piotr Zieliński,Warsaw DC,370.00,EUR,Espresso Beans Brazil 1kg; Green Tea Sencha 500g
S00195,Order confirmed,2025-12-02T07:16:30+00:00,Piotr Zieliński,S00195,,history,,Cukiernia Stare Miasto,Poland,Piotr Zieliński,Warsaw DC,370.00,EUR,Espresso Beans Brazil 1kg; Green Tea Sencha 500g
S00195,Goods shipped,2025-12-03T13:05:16+00:00,Ola Wiśniewska,WAW/OUT/00076,,history,,Cukiernia Stare Miasto,Poland,Piotr Zieliński,Warsaw DC,370.00,EUR,Espresso Beans Brazil 1kg; Green Tea Sencha 500g
S00195,Invoice posted,2025-12-08T07:24:07+00:00,Anna Kowalczyk,INV/2025/00156,,history,2026-01-07,Cukiernia Stare Miasto,Poland,Piotr Zieliński,Warsaw DC,370.00,EUR,Espresso Beans Brazil 1kg; Green Tea Sencha 500g
S00195,Payment received,2025-12-30T07:41:41+00:00,Anna Kowalczyk,INV/2025/00156,,history,,Cukiernia Stare Miasto,Poland,Piotr Zieliński,Warsaw DC,370.00,EUR,Espresso Beans Brazil 1kg; Green Tea Sencha 500g
S00196,Quotation created,2025-12-01T07:58:53+00:00,Piotr Zieliński,S00196,,history,,Cukiernia Stare Miasto,Poland,Piotr Zieliński,Warsaw DC,300.00,EUR,Cup Lids x1000
S00196,Quotation sent,2025-12-01T09:10:38+00:00,Piotr Zieliński,S00196,,history,,Cukiernia Stare Miasto,Poland,Piotr Zieliński,Warsaw DC,300.00,EUR,Cup Lids x1000
S00196,Order confirmed,2025-12-15T07:27:43+00:00,Piotr Zieliński,S00196,,history,,Cukiernia Stare Miasto,Poland,Piotr Zieliński,Warsaw DC,300.00,EUR,Cup Lids x1000
S00196,Goods shipped,2025-12-16T09:18:13+00:00,Ola Wiśniewska,WAW/OUT/00087,,history,,Cukiernia Stare Miasto,Poland,Piotr Zieliński,Warsaw DC,300.00,EUR,Cup Lids x1000
S00196,Invoice posted,2025-12-22T07:52:26+00:00,Anna Kowalczyk,INV/2025/00179,,history,2026-01-21,Cukiernia Stare Miasto,Poland,Piotr Zieliński,Warsaw DC,300.00,EUR,Cup Lids x1000
S00196,Payment received,2026-01-20T07:16:38+00:00,Anna Kowalczyk,INV/2025/00179,,history,,Cukiernia Stare Miasto,Poland,Piotr Zieliński,Warsaw DC,300.00,EUR,Cup Lids x1000
S00197,Quotation created,2025-12-01T14:35:48+00:00,Sophie Lambert,S00197,,history,,Business Park Diegem,Belgium,Sophie Lambert,Brussels DC,90.00,EUR,Vanilla Syrup 1L
S00197,Quotation sent,2025-12-01T15:54:34+00:00,Sophie Lambert,S00197,,history,,Business Park Diegem,Belgium,Sophie Lambert,Brussels DC,90.00,EUR,Vanilla Syrup 1L
S00197,Order confirmed,2025-12-03T07:32:57+00:00,Sophie Lambert,S00197,,history,,Business Park Diegem,Belgium,Sophie Lambert,Brussels DC,90.00,EUR,Vanilla Syrup 1L
S00197,Goods shipped,2025-12-03T13:58:09+00:00,Marc Dubois,BRU/OUT/00086,,history,,Business Park Diegem,Belgium,Sophie Lambert,Brussels DC,90.00,EUR,Vanilla Syrup 1L
S00197,Invoice posted,2025-12-04T08:48:50+00:00,Julie Martin,INV/2025/00150,,history,2026-01-03,Business Park Diegem,Belgium,Sophie Lambert,Brussels DC,90.00,EUR,Vanilla Syrup 1L
S00197,Payment received,2026-01-01T08:02:11+00:00,Julie Martin,INV/2025/00150,,history,,Business Park Diegem,Belgium,Sophie Lambert,Brussels DC,90.00,EUR,Vanilla Syrup 1L
S00198,Quotation created,2025-12-02T09:00:35+00:00,Sophie Lambert,S00198,,history,,Hotel Atelier Bruges,Belgium,Sophie Lambert,Brussels DC,54.00,EUR,Vanilla Syrup 1L
S00198,Quotation sent,2025-12-02T11:06:02+00:00,Sophie Lambert,S00198,,history,,Hotel Atelier Bruges,Belgium,Sophie Lambert,Brussels DC,54.00,EUR,Vanilla Syrup 1L
S00198,Order cancelled,2025-12-22T07:10:05+00:00,Sophie Lambert,S00198,,history,,Hotel Atelier Bruges,Belgium,Sophie Lambert,Brussels DC,54.00,EUR,Vanilla Syrup 1L
S00199,Quotation created,2025-12-02T15:01:46+00:00,Piotr Zieliński,S00199,,history,,Kawiarnia Ogród,Poland,Piotr Zieliński,Warsaw DC,210.00,EUR,Descaler Tablets x10
S00199,Quotation sent,2025-12-03T07:28:51+00:00,Piotr Zieliński,S00199,,history,,Kawiarnia Ogród,Poland,Piotr Zieliński,Warsaw DC,210.00,EUR,Descaler Tablets x10
S00199,Order confirmed,2025-12-10T07:15:50+00:00,Piotr Zieliński,S00199,,history,,Kawiarnia Ogród,Poland,Piotr Zieliński,Warsaw DC,210.00,EUR,Descaler Tablets x10
S00199,Invoice posted,2025-12-10T10:15:38+00:00,Anna Kowalczyk,INV/2025/00164,,history,2026-01-09,Kawiarnia Ogród,Poland,Piotr Zieliński,Warsaw DC,210.00,EUR,Descaler Tablets x10
S00199,Goods shipped,2025-12-11T07:19:15+00:00,Ola Wiśniewska,WAW/OUT/00082,,history,,Kawiarnia Ogród,Poland,Piotr Zieliński,Warsaw DC,210.00,EUR,Descaler Tablets x10
S00199,Payment received,2025-12-22T07:34:02+00:00,Anna Kowalczyk,INV/2025/00164,,history,,Kawiarnia Ogród,Poland,Piotr Zieliński,Warsaw DC,210.00,EUR,Descaler Tablets x10
S00200,Quotation created,2025-12-02T15:21:42+00:00,Sophie Lambert,S00200,,history,,Co-Work Ixelles,Belgium,Sophie Lambert,Brussels DC,793.00,EUR,Cup Lids x1000; Oat Milk Barista 12x1L; Vanilla Syrup 1L
S00200,Quotation sent,2025-12-03T07:28:59+00:00,Sophie Lambert,S00200,,history,,Co-Work Ixelles,Belgium,Sophie Lambert,Brussels DC,793.00,EUR,Cup Lids x1000; Oat Milk Barista 12x1L; Vanilla Syrup 1L
S00200,Order confirmed,2025-12-04T07:48:40+00:00,Sophie Lambert,S00200,,history,,Co-Work Ixelles,Belgium,Sophie Lambert,Brussels DC,793.00,EUR,Cup Lids x1000; Oat Milk Barista 12x1L; Vanilla Syrup 1L
S00200,Goods shipped,2025-12-05T09:03:36+00:00,Marc Dubois,BRU/OUT/00087,,history,,Co-Work Ixelles,Belgium,Sophie Lambert,Brussels DC,793.00,EUR,Cup Lids x1000; Oat Milk Barista 12x1L; Vanilla Syrup 1L
S00200,Invoice posted,2025-12-08T08:49:28+00:00,Julie Martin,INV/2025/00157,,history,2026-01-07,Co-Work Ixelles,Belgium,Sophie Lambert,Brussels DC,793.00,EUR,Cup Lids x1000; Oat Milk Barista 12x1L; Vanilla Syrup 1L
S00200,Payment received,2025-12-25T08:58:38+00:00,Julie Martin,INV/2025/00157,,history,,Co-Work Ixelles,Belgium,Sophie Lambert,Brussels DC,793.00,EUR,Cup Lids x1000; Oat Milk Barista 12x1L; Vanilla Syrup 1L
S00201,Quotation created,2025-12-03T13:53:56+00:00,Piotr Zieliński,S00201,,history,,Biurowiec Mokotowska,Poland,Piotr Zieliński,Warsaw DC,720.00,EUR,Espresso Beans Brazil 1kg; Ground Coffee 250g; House Blend Beans 1kg; Paper Cups 12oz x1000
S00201,Quotation sent,2025-12-03T14:19:01+00:00,Piotr Zieliński,S00201,,history,,Biurowiec Mokotowska,Poland,Piotr Zieliński,Warsaw DC,720.00,EUR,Espresso Beans Brazil 1kg; Ground Coffee 250g; House Blend Beans 1kg; Paper Cups 12oz x1000
S00201,Order confirmed,2025-12-08T07:58:05+00:00,Piotr Zieliński,S00201,,history,,Biurowiec Mokotowska,Poland,Piotr Zieliński,Warsaw DC,720.00,EUR,Espresso Beans Brazil 1kg; Ground Coffee 250g; House Blend Beans 1kg; Paper Cups 12oz x1000
S00201,Invoice posted,2025-12-08T15:38:07+00:00,Anna Kowalczyk,INV/2025/00161,,history,2026-01-07,Biurowiec Mokotowska,Poland,Piotr Zieliński,Warsaw DC,720.00,EUR,Espresso Beans Brazil 1kg; Ground Coffee 250g; House Blend Beans 1kg; Paper Cups 12oz x1000
S00201,Order changed after confirmation,2025-12-09T07:38:16+00:00,Piotr Zieliński,S00201,amount 708.00 -> 720.00,history,,Biurowiec Mokotowska,Poland,Piotr Zieliński,Warsaw DC,720.00,EUR,Espresso Beans Brazil 1kg; Ground Coffee 250g; House Blend Beans 1kg; Paper Cups 12oz x1000
S00201,Goods shipped,2025-12-09T12:19:10+00:00,Ola Wiśniewska,WAW/OUT/00079,,history,,Biurowiec Mokotowska,Poland,Piotr Zieliński,Warsaw DC,720.00,EUR,Espresso Beans Brazil 1kg; Ground Coffee 250g; House Blend Beans 1kg; Paper Cups 12oz x1000
S00201,Credit note posted,2025-12-19T09:42:52+00:00,Anna Kowalczyk,RINV/2025/00011,,history,,Biurowiec Mokotowska,Poland,Piotr Zieliński,Warsaw DC,720.00,EUR,Espresso Beans Brazil 1kg; Ground Coffee 250g; House Blend Beans 1kg; Paper Cups 12oz x1000
S00201,Payment received,2026-01-02T07:12:55+00:00,Anna Kowalczyk,INV/2025/00161,,history,,Biurowiec Mokotowska,Poland,Piotr Zieliński,Warsaw DC,720.00,EUR,Espresso Beans Brazil 1kg; Ground Coffee 250g; House Blend Beans 1kg; Paper Cups 12oz x1000
S00202,Quotation created,2025-12-05T07:49:10+00:00,Sophie Lambert,S00202,,history,,Brasserie du Canal,Belgium,Sophie Lambert,Brussels DC,72.00,EUR,Espresso Beans Brazil 1kg
S00202,Order confirmed,2025-12-08T07:46:15+00:00,Sophie Lambert,S00202,,history,,Brasserie du Canal,Belgium,Sophie Lambert,Brussels DC,72.00,EUR,Espresso Beans Brazil 1kg
S00202,Goods shipped,2025-12-10T07:55:12+00:00,Marc Dubois,BRU/OUT/00090,,history,,Brasserie du Canal,Belgium,Sophie Lambert,Brussels DC,72.00,EUR,Espresso Beans Brazil 1kg
S00202,Invoice posted,2025-12-11T08:30:18+00:00,Julie Martin,INV/2025/00166,,history,2026-01-10,Brasserie du Canal,Belgium,Sophie Lambert,Brussels DC,72.00,EUR,Espresso Beans Brazil 1kg
S00202,Payment received,2026-02-27T16:11:20+00:00,Julie Martin,INV/2025/00166,,history,,Brasserie du Canal,Belgium,Sophie Lambert,Brussels DC,72.00,EUR,Espresso Beans Brazil 1kg
S00203,Quotation created,2025-12-05T07:55:06+00:00,Piotr Zieliński,S00203,,history,,Cukiernia Stare Miasto,Poland,Piotr Zieliński,Warsaw DC,152.00,EUR,Earl Grey Tea 500g; House Blend Beans 1kg
S00203,Quotation sent,2025-12-05T08:18:13+00:00,Piotr Zieliński,S00203,,history,,Cukiernia Stare Miasto,Poland,Piotr Zieliński,Warsaw DC,152.00,EUR,Earl Grey Tea 500g; House Blend Beans 1kg
S00203,Order confirmed,2025-12-12T07:15:26+00:00,Piotr Zieliński,S00203,,history,,Cukiernia Stare Miasto,Poland,Piotr Zieliński,Warsaw DC,152.00,EUR,Earl Grey Tea 500g; House Blend Beans 1kg
S00203,Order cancelled,2025-12-15T07:17:36+00:00,Piotr Zieliński,S00203,,history,,Cukiernia Stare Miasto,Poland,Piotr Zieliński,Warsaw DC,152.00,EUR,Earl Grey Tea 500g; House Blend Beans 1kg
S00204,Quotation created,2025-12-05T08:33:23+00:00,Kasia Nowak,S00204,,history,,Bistro Kazimierz,Poland,Kasia Nowak,Warsaw DC,612.00,EUR,Decaf Colombia Beans 1kg; Espresso Beans Brazil 1kg
S00204,Quotation sent,2025-12-05T11:51:32+00:00,Kasia Nowak,S00204,,history,,Bistro Kazimierz,Poland,Kasia Nowak,Warsaw DC,612.00,EUR,Decaf Colombia Beans 1kg; Espresso Beans Brazil 1kg
S00204,Order confirmed,2025-12-08T07:55:30+00:00,Kasia Nowak,S00204,,history,,Bistro Kazimierz,Poland,Kasia Nowak,Warsaw DC,612.00,EUR,Decaf Colombia Beans 1kg; Espresso Beans Brazil 1kg
S00204,Invoice posted,2025-12-08T11:48:49+00:00,Anna Kowalczyk,INV/2025/00160,,history,2026-01-07,Bistro Kazimierz,Poland,Kasia Nowak,Warsaw DC,612.00,EUR,Decaf Colombia Beans 1kg; Espresso Beans Brazil 1kg
S00204,Goods shipped,2025-12-09T07:47:01+00:00,Ola Wiśniewska,WAW/OUT/00078,,history,,Bistro Kazimierz,Poland,Kasia Nowak,Warsaw DC,612.00,EUR,Decaf Colombia Beans 1kg; Espresso Beans Brazil 1kg
S00204,Payment received,2026-01-05T07:22:34+00:00,Anna Kowalczyk,INV/2025/00160,,history,,Bistro Kazimierz,Poland,Kasia Nowak,Warsaw DC,612.00,EUR,Decaf Colombia Beans 1kg; Espresso Beans Brazil 1kg
S00205,Quotation created,2025-12-05T08:47:38+00:00,Sophie Lambert,S00205,,history,,Koffiebar Meir,Belgium,Sophie Lambert,Brussels DC,898.00,EUR,Cup Lids x1000; Espresso Beans Brazil 1kg; Vanilla Syrup 1L
S00205,Quotation sent,2025-12-05T12:55:27+00:00,Sophie Lambert,S00205,,history,,Koffiebar Meir,Belgium,Sophie Lambert,Brussels DC,898.00,EUR,Cup Lids x1000; Espresso Beans Brazil 1kg; Vanilla Syrup 1L
S00205,Order confirmed,2025-12-08T07:44:25+00:00,Sophie Lambert,S00205,,history,,Koffiebar Meir,Belgium,Sophie Lambert,Brussels DC,898.00,EUR,Cup Lids x1000; Espresso Beans Brazil 1kg; Vanilla Syrup 1L
S00205,Goods shipped,2025-12-09T08:45:31+00:00,Marc Dubois,BRU/OUT/00089,,history,,Koffiebar Meir,Belgium,Sophie Lambert,Brussels DC,898.00,EUR,Cup Lids x1000; Espresso Beans Brazil 1kg; Vanilla Syrup 1L
S00205,Invoice posted,2025-12-10T09:18:43+00:00,Julie Martin,INV/2025/00163,,history,2026-01-09,Koffiebar Meir,Belgium,Sophie Lambert,Brussels DC,898.00,EUR,Cup Lids x1000; Espresso Beans Brazil 1kg; Vanilla Syrup 1L
S00205,Payment received,2026-01-05T07:31:51+00:00,Julie Martin,INV/2025/00163,,history,,Koffiebar Meir,Belgium,Sophie Lambert,Brussels DC,898.00,EUR,Cup Lids x1000; Espresso Beans Brazil 1kg; Vanilla Syrup 1L
S00206,Quotation created,2025-12-05T10:46:43+00:00,Kasia Nowak,S00206,,history,,Kawiarnia Sopot Molo,Poland,Kasia Nowak,Warsaw DC,1070.00,EUR,Cup Lids x1000; Espresso Beans Brazil 1kg; House Blend Beans 1kg; Vanilla Syrup 1L
S00206,Quotation sent,2025-12-05T14:10:11+00:00,Kasia Nowak,S00206,,history,,Kawiarnia Sopot Molo,Poland,Kasia Nowak,Warsaw DC,1070.00,EUR,Cup Lids x1000; Espresso Beans Brazil 1kg; House Blend Beans 1kg; Vanilla Syrup 1L
S00206,Order confirmed,2025-12-08T07:17:55+00:00,Kasia Nowak,S00206,,history,,Kawiarnia Sopot Molo,Poland,Kasia Nowak,Warsaw DC,1070.00,EUR,Cup Lids x1000; Espresso Beans Brazil 1kg; House Blend Beans 1kg; Vanilla Syrup 1L
S00206,Invoice posted,2025-12-08T10:21:35+00:00,Anna Kowalczyk,INV/2025/00159,,history,2026-01-07,Kawiarnia Sopot Molo,Poland,Kasia Nowak,Warsaw DC,1070.00,EUR,Cup Lids x1000; Espresso Beans Brazil 1kg; House Blend Beans 1kg; Vanilla Syrup 1L
S00206,Goods shipped,2025-12-09T15:28:32+00:00,Ola Wiśniewska,WAW/OUT/00077,,history,,Kawiarnia Sopot Molo,Poland,Kasia Nowak,Warsaw DC,1070.00,EUR,Cup Lids x1000; Espresso Beans Brazil 1kg; House Blend Beans 1kg; Vanilla Syrup 1L
S00206,Payment received,2026-01-12T07:17:21+00:00,Anna Kowalczyk,INV/2025/00159,,history,,Kawiarnia Sopot Molo,Poland,Kasia Nowak,Warsaw DC,1070.00,EUR,Cup Lids x1000; Espresso Beans Brazil 1kg; House Blend Beans 1kg; Vanilla Syrup 1L
S00207,Quotation created,2025-12-08T07:13:06+00:00,Sophie Lambert,S00207,,history,,Café des Arts Mons,Belgium,Sophie Lambert,Brussels DC,233.00,EUR,Cup Lids x1000; Espresso Beans Brazil 1kg
S00207,Quotation sent,2025-12-08T10:40:40+00:00,Sophie Lambert,S00207,,history,,Café des Arts Mons,Belgium,Sophie Lambert,Brussels DC,233.00,EUR,Cup Lids x1000; Espresso Beans Brazil 1kg
S00207,Order confirmed,2025-12-11T07:08:54+00:00,Sophie Lambert,S00207,,history,,Café des Arts Mons,Belgium,Sophie Lambert,Brussels DC,233.00,EUR,Cup Lids x1000; Espresso Beans Brazil 1kg
S00207,Goods shipped,2025-12-11T14:13:32+00:00,Marc Dubois,BRU/OUT/00093,,history,,Café des Arts Mons,Belgium,Sophie Lambert,Brussels DC,233.00,EUR,Cup Lids x1000; Espresso Beans Brazil 1kg
S00207,Invoice posted,2025-12-12T07:48:26+00:00,Julie Martin,INV/2025/00169,,history,2026-01-11,Café des Arts Mons,Belgium,Sophie Lambert,Brussels DC,233.00,EUR,Cup Lids x1000; Espresso Beans Brazil 1kg
S00207,Payment received,2026-01-07T11:57:14+00:00,Julie Martin,INV/2025/00169,,history,,Café des Arts Mons,Belgium,Sophie Lambert,Brussels DC,233.00,EUR,Cup Lids x1000; Espresso Beans Brazil 1kg
S00208,Quotation created,2025-12-08T07:14:10+00:00,Kasia Nowak,S00208,,history,,Kawiarnia Rynek,Poland,Kasia Nowak,Warsaw DC,112.00,EUR,Oat Milk Barista 12x1L
S00208,Quotation sent,2025-12-08T12:18:18+00:00,Kasia Nowak,S00208,,history,,Kawiarnia Rynek,Poland,Kasia Nowak,Warsaw DC,112.00,EUR,Oat Milk Barista 12x1L
S00208,Order confirmed,2025-12-10T07:27:16+00:00,Kasia Nowak,S00208,,history,,Kawiarnia Rynek,Poland,Kasia Nowak,Warsaw DC,112.00,EUR,Oat Milk Barista 12x1L
S00208,Goods shipped,2025-12-11T07:41:56+00:00,Ola Wiśniewska,WAW/OUT/00083,,history,,Kawiarnia Rynek,Poland,Kasia Nowak,Warsaw DC,112.00,EUR,Oat Milk Barista 12x1L
S00208,Invoice posted,2025-12-15T07:20:22+00:00,Anna Kowalczyk,INV/2025/00171,,history,2026-01-14,Kawiarnia Rynek,Poland,Kasia Nowak,Warsaw DC,112.00,EUR,Oat Milk Barista 12x1L
S00208,Payment received,2026-01-21T07:43:48+00:00,Anna Kowalczyk,INV/2025/00171,,history,,Kawiarnia Rynek,Poland,Kasia Nowak,Warsaw DC,112.00,EUR,Oat Milk Barista 12x1L
S00209,Quotation created,2025-12-08T07:17:29+00:00,Kasia Nowak,S00209,,history,,Biuro Centrum Wola,Poland,Kasia Nowak,Warsaw DC,56.00,EUR,Green Tea Sencha 500g
S00209,Quotation sent,2025-12-08T12:36:47+00:00,Kasia Nowak,S00209,,history,,Biuro Centrum Wola,Poland,Kasia Nowak,Warsaw DC,56.00,EUR,Green Tea Sencha 500g
S00209,Order cancelled,2025-12-31T07:11:41+00:00,Kasia Nowak,S00209,,history,,Biuro Centrum Wola,Poland,Kasia Nowak,Warsaw DC,56.00,EUR,Green Tea Sencha 500g
S00210,Quotation created,2025-12-08T07:19:49+00:00,Tom Peeters,S00210,,history,,Co-Work Ixelles,Belgium,Tom Peeters,Brussels DC,42.00,EUR,Green Tea Sencha 500g
S00210,Order confirmed,2025-12-09T07:06:03+00:00,Tom Peeters,S00210,,history,,Co-Work Ixelles,Belgium,Tom Peeters,Brussels DC,42.00,EUR,Green Tea Sencha 500g
S00210,Order changed after confirmation,2025-12-10T07:11:49+00:00,Tom Peeters,S00210,amount 28.00 -> 42.00,history,,Co-Work Ixelles,Belgium,Tom Peeters,Brussels DC,42.00,EUR,Green Tea Sencha 500g
S00210,Goods shipped,2025-12-10T07:41:28+00:00,Marc Dubois,BRU/OUT/00091,,history,,Co-Work Ixelles,Belgium,Tom Peeters,Brussels DC,42.00,EUR,Green Tea Sencha 500g
S00210,Invoice posted,2025-12-11T09:38:25+00:00,Julie Martin,INV/2025/00167,,history,2026-01-10,Co-Work Ixelles,Belgium,Tom Peeters,Brussels DC,42.00,EUR,Green Tea Sencha 500g
S00210,Payment received,2026-01-05T07:11:29+00:00,Julie Martin,INV/2025/00167,,history,,Co-Work Ixelles,Belgium,Tom Peeters,Brussels DC,42.00,EUR,Green Tea Sencha 500g
S00211,Quotation created,2025-12-08T07:29:31+00:00,Piotr Zieliński,S00211,,history,,Kawiarnia Ogród,Poland,Piotr Zieliński,Warsaw DC,950.00,EUR,Coffee Grinder Compact; Cup Lids x1000
S00211,Order confirmed,2025-12-09T07:29:15+00:00,Piotr Zieliński,S00211,,history,,Kawiarnia Ogród,Poland,Piotr Zieliński,Warsaw DC,950.00,EUR,Coffee Grinder Compact; Cup Lids x1000
S00211,Goods shipped,2025-12-09T13:59:31+00:00,Ola Wiśniewska,WAW/OUT/00080,,history,,Kawiarnia Ogród,Poland,Piotr Zieliński,Warsaw DC,950.00,EUR,Coffee Grinder Compact; Cup Lids x1000
S00211,Invoice posted,2025-12-12T07:24:06+00:00,Anna Kowalczyk,INV/2025/00168,,history,2026-01-11,Kawiarnia Ogród,Poland,Piotr Zieliński,Warsaw DC,950.00,EUR,Coffee Grinder Compact; Cup Lids x1000
S00211,Payment received,2026-01-15T15:43:23+00:00,Anna Kowalczyk,INV/2025/00168,,history,,Kawiarnia Ogród,Poland,Piotr Zieliński,Warsaw DC,950.00,EUR,Coffee Grinder Compact; Cup Lids x1000
S00212,Quotation created,2025-12-08T07:36:00+00:00,Kasia Nowak,S00212,,history,,Biuro Centrum Wola,Poland,Kasia Nowak,Warsaw DC,696.00,EUR,Earl Grey Tea 500g; Oat Milk Barista 12x1L
S00212,Order confirmed,2025-12-09T07:51:41+00:00,Kasia Nowak,S00212,,history,,Biuro Centrum Wola,Poland,Kasia Nowak,Warsaw DC,696.00,EUR,Earl Grey Tea 500g; Oat Milk Barista 12x1L
S00212,Goods shipped,2025-12-11T07:32:04+00:00,Ola Wiśniewska,WAW/OUT/00081,,history,,Biuro Centrum Wola,Poland,Kasia Nowak,Warsaw DC,696.00,EUR,Earl Grey Tea 500g; Oat Milk Barista 12x1L
S00212,Invoice posted,2025-12-15T10:05:04+00:00,Anna Kowalczyk,INV/2025/00173,,history,2026-01-14,Biuro Centrum Wola,Poland,Kasia Nowak,Warsaw DC,696.00,EUR,Earl Grey Tea 500g; Oat Milk Barista 12x1L
S00212,Payment received,2026-01-06T07:35:20+00:00,Anna Kowalczyk,INV/2025/00173,,history,,Biuro Centrum Wola,Poland,Kasia Nowak,Warsaw DC,696.00,EUR,Earl Grey Tea 500g; Oat Milk Barista 12x1L
S00213,Quotation created,2025-12-08T07:41:09+00:00,Kasia Nowak,S00213,,history,,Kawiarnia Rynek,Poland,Kasia Nowak,Warsaw DC,36.00,EUR,Espresso Beans Brazil 1kg
S00213,Quotation sent,2025-12-08T10:28:40+00:00,Kasia Nowak,S00213,,history,,Kawiarnia Rynek,Poland,Kasia Nowak,Warsaw DC,36.00,EUR,Espresso Beans Brazil 1kg
S00213,Order confirmed,2025-12-10T07:49:29+00:00,Kasia Nowak,S00213,,history,,Kawiarnia Rynek,Poland,Kasia Nowak,Warsaw DC,36.00,EUR,Espresso Beans Brazil 1kg
S00213,Goods shipped,2025-12-11T07:57:09+00:00,Ola Wiśniewska,WAW/OUT/00084,,history,,Kawiarnia Rynek,Poland,Kasia Nowak,Warsaw DC,36.00,EUR,Espresso Beans Brazil 1kg
S00213,Invoice posted,2025-12-15T08:25:15+00:00,Anna Kowalczyk,INV/2025/00172,,history,2026-01-14,Kawiarnia Rynek,Poland,Kasia Nowak,Warsaw DC,36.00,EUR,Espresso Beans Brazil 1kg
S00213,Payment received,2025-12-29T07:56:00+00:00,Anna Kowalczyk,INV/2025/00172,,history,,Kawiarnia Rynek,Poland,Kasia Nowak,Warsaw DC,36.00,EUR,Espresso Beans Brazil 1kg
S00214,Quotation created,2025-12-08T11:22:08+00:00,Tom Peeters,S00214,,history,,Bakkerij Zuid,Belgium,Tom Peeters,Brussels DC,336.00,EUR,Earl Grey Tea 500g; House Blend Beans 1kg
S00214,Quotation sent,2025-12-08T15:02:58+00:00,Tom Peeters,S00214,,history,,Bakkerij Zuid,Belgium,Tom Peeters,Brussels DC,336.00,EUR,Earl Grey Tea 500g; House Blend Beans 1kg
S00214,Order confirmed,2025-12-09T07:56:07+00:00,Tom Peeters,S00214,,history,,Bakkerij Zuid,Belgium,Tom Peeters,Brussels DC,336.00,EUR,Earl Grey Tea 500g; House Blend Beans 1kg
S00214,Goods shipped,2025-12-10T09:04:00+00:00,Marc Dubois,BRU/OUT/00092,,history,,Bakkerij Zuid,Belgium,Tom Peeters,Brussels DC,336.00,EUR,Earl Grey Tea 500g; House Blend Beans 1kg
S00214,Invoice posted,2025-12-11T08:02:08+00:00,Julie Martin,INV/2025/00165,,history,2026-01-10,Bakkerij Zuid,Belgium,Tom Peeters,Brussels DC,336.00,EUR,Earl Grey Tea 500g; House Blend Beans 1kg
S00214,Payment received,2026-01-12T07:15:08+00:00,Julie Martin,INV/2025/00165,,history,,Bakkerij Zuid,Belgium,Tom Peeters,Brussels DC,336.00,EUR,Earl Grey Tea 500g; House Blend Beans 1kg
S00215,Quotation created,2025-12-08T16:01:27+00:00,Piotr Zieliński,S00215,,history,,Café Nowa Huta,Poland,Piotr Zieliński,Warsaw DC,140.00,EUR,Green Tea Sencha 500g
S00215,Quotation sent,2025-12-09T07:23:16+00:00,Piotr Zieliński,S00215,,history,,Café Nowa Huta,Poland,Piotr Zieliński,Warsaw DC,140.00,EUR,Green Tea Sencha 500g
S00215,Order confirmed,2025-12-12T07:26:21+00:00,Piotr Zieliński,S00215,,history,,Café Nowa Huta,Poland,Piotr Zieliński,Warsaw DC,140.00,EUR,Green Tea Sencha 500g
S00215,Invoice posted,2025-12-12T11:27:27+00:00,Anna Kowalczyk,INV/2025/00170,,history,2026-01-11,Café Nowa Huta,Poland,Piotr Zieliński,Warsaw DC,140.00,EUR,Green Tea Sencha 500g
S00215,Goods shipped,2025-12-16T13:38:00+00:00,Ola Wiśniewska,WAW/OUT/00086,,history,,Café Nowa Huta,Poland,Piotr Zieliński,Warsaw DC,140.00,EUR,Green Tea Sencha 500g
S00215,Credit note posted,2025-12-22T07:53:48+00:00,Anna Kowalczyk,RINV/2025/00012,,history,,Café Nowa Huta,Poland,Piotr Zieliński,Warsaw DC,140.00,EUR,Green Tea Sencha 500g
S00215,Payment received,2026-01-12T07:27:56+00:00,Anna Kowalczyk,INV/2025/00170,,history,,Café Nowa Huta,Poland,Piotr Zieliński,Warsaw DC,140.00,EUR,Green Tea Sencha 500g
S00216,Quotation created,2025-12-11T13:37:52+00:00,Tom Peeters,S00216,,history,,Bakkerij Zuid,Belgium,Tom Peeters,Brussels DC,609.00,EUR,Decaf Colombia Beans 1kg
S00216,Quotation sent,2025-12-12T07:32:58+00:00,Tom Peeters,S00216,,history,,Bakkerij Zuid,Belgium,Tom Peeters,Brussels DC,609.00,EUR,Decaf Colombia Beans 1kg
S00216,Order confirmed,2025-12-15T07:13:07+00:00,Tom Peeters,S00216,,history,,Bakkerij Zuid,Belgium,Tom Peeters,Brussels DC,609.00,EUR,Decaf Colombia Beans 1kg
S00216,Order changed after confirmation,2025-12-15T19:16:46+00:00,Tom Peeters,S00216,amount 420.00 -> 609.00,history,,Bakkerij Zuid,Belgium,Tom Peeters,Brussels DC,609.00,EUR,Decaf Colombia Beans 1kg
S00216,Goods shipped,2025-12-16T07:20:26+00:00,Marc Dubois,BRU/OUT/00094,,history,,Bakkerij Zuid,Belgium,Tom Peeters,Brussels DC,609.00,EUR,Decaf Colombia Beans 1kg
S00216,Invoice posted,2025-12-17T09:04:29+00:00,Julie Martin,INV/2025/00174,,history,2026-01-16,Bakkerij Zuid,Belgium,Tom Peeters,Brussels DC,609.00,EUR,Decaf Colombia Beans 1kg
S00216,Credit note posted,2025-12-25T09:22:06+00:00,Julie Martin,RINV/2025/00013,,history,,Bakkerij Zuid,Belgium,Tom Peeters,Brussels DC,609.00,EUR,Decaf Colombia Beans 1kg
S00216,Payment received,2026-01-02T07:27:54+00:00,Julie Martin,INV/2025/00174,,history,,Bakkerij Zuid,Belgium,Tom Peeters,Brussels DC,609.00,EUR,Decaf Colombia Beans 1kg
S00217,Quotation created,2025-12-12T11:43:22+00:00,Sophie Lambert,S00217,,history,,Office Hub Leuven,Belgium,Sophie Lambert,Brussels DC,828.00,EUR,Earl Grey Tea 500g; Oat Milk Barista 12x1L; Paper Cups 12oz x1000
S00217,Order cancelled,2026-01-14T07:11:32+00:00,Sophie Lambert,S00217,,history,,Office Hub Leuven,Belgium,Sophie Lambert,Brussels DC,828.00,EUR,Earl Grey Tea 500g; Oat Milk Barista 12x1L; Paper Cups 12oz x1000
S00218,Quotation created,2025-12-12T13:01:00+00:00,Sophie Lambert,S00218,,history,,Kantine Noord,Belgium,Sophie Lambert,Brussels DC,992.00,EUR,House Blend Beans 1kg; Oat Milk Barista 12x1L
S00218,Quotation sent,2025-12-12T14:24:42+00:00,Sophie Lambert,S00218,,history,,Kantine Noord,Belgium,Sophie Lambert,Brussels DC,992.00,EUR,House Blend Beans 1kg; Oat Milk Barista 12x1L
S00219,Quotation created,2025-12-15T07:14:58+00:00,Tom Peeters,S00219,,history,,Koffiebar Meir,Belgium,Tom Peeters,Brussels DC,1188.00,EUR,Coffee Grinder Compact; Decaf Colombia Beans 1kg; House Blend Beans 1kg
S00219,Quotation sent,2025-12-15T11:35:23+00:00,Tom Peeters,S00219,,history,,Koffiebar Meir,Belgium,Tom Peeters,Brussels DC,1188.00,EUR,Coffee Grinder Compact; Decaf Colombia Beans 1kg; House Blend Beans 1kg
S00219,Order confirmed,2025-12-17T07:49:46+00:00,Tom Peeters,S00219,,history,,Koffiebar Meir,Belgium,Tom Peeters,Brussels DC,1188.00,EUR,Coffee Grinder Compact; Decaf Colombia Beans 1kg; House Blend Beans 1kg
S00219,Order changed after confirmation,2025-12-17T13:52:32+00:00,Tom Peeters,S00219,"amount 1,062.00 -> 1,188.00",history,,Koffiebar Meir,Belgium,Tom Peeters,Brussels DC,1188.00,EUR,Coffee Grinder Compact; Decaf Colombia Beans 1kg; House Blend Beans 1kg
S00219,Goods shipped,2025-12-18T07:43:04+00:00,Marc Dubois,BRU/OUT/00097,,history,,Koffiebar Meir,Belgium,Tom Peeters,Brussels DC,1188.00,EUR,Coffee Grinder Compact; Decaf Colombia Beans 1kg; House Blend Beans 1kg
S00219,Invoice posted,2025-12-18T12:29:35+00:00,Julie Martin,INV/2025/00177,,history,2026-01-17,Koffiebar Meir,Belgium,Tom Peeters,Brussels DC,1188.00,EUR,Coffee Grinder Compact; Decaf Colombia Beans 1kg; House Blend Beans 1kg
S00220,Quotation created,2025-12-15T07:39:56+00:00,Kasia Nowak,S00220,,history,,Piekarnia Żoliborz,Poland,Kasia Nowak,Warsaw DC,360.00,EUR,Espresso Beans Brazil 1kg; Espresso Beans Ethiopia 1kg
S00220,Quotation sent,2025-12-15T10:21:46+00:00,Kasia Nowak,S00220,,history,,Piekarnia Żoliborz,Poland,Kasia Nowak,Warsaw DC,360.00,EUR,Espresso Beans Brazil 1kg; Espresso Beans Ethiopia 1kg
S00220,Order confirmed,2025-12-17T07:27:28+00:00,Kasia Nowak,S00220,,history,,Piekarnia Żoliborz,Poland,Kasia Nowak,Warsaw DC,360.00,EUR,Espresso Beans Brazil 1kg; Espresso Beans Ethiopia 1kg
S00220,Invoice posted,2025-12-17T11:04:33+00:00,Anna Kowalczyk,INV/2025/00175,,history,2026-01-16,Piekarnia Żoliborz,Poland,Kasia Nowak,Warsaw DC,360.00,EUR,Espresso Beans Brazil 1kg; Espresso Beans Ethiopia 1kg
S00220,Delivery rescheduled,2025-12-18T07:17:54+00:00,Ola Wiśniewska,WAW/OUT/00089,+1.0 days,history,,Piekarnia Żoliborz,Poland,Kasia Nowak,Warsaw DC,360.00,EUR,Espresso Beans Brazil 1kg; Espresso Beans Ethiopia 1kg
S00220,Goods shipped,2025-12-22T07:41:51+00:00,Ola Wiśniewska,WAW/OUT/00089,,history,,Piekarnia Żoliborz,Poland,Kasia Nowak,Warsaw DC,360.00,EUR,Espresso Beans Brazil 1kg; Espresso Beans Ethiopia 1kg
S00220,Payment received,2026-01-06T07:46:53+00:00,Anna Kowalczyk,INV/2025/00175,,history,,Piekarnia Żoliborz,Poland,Kasia Nowak,Warsaw DC,360.00,EUR,Espresso Beans Brazil 1kg; Espresso Beans Ethiopia 1kg
S00221,Quotation created,2025-12-15T07:59:24+00:00,Tom Peeters,S00221,,history,,Bistro Flagey Corner,Belgium,Tom Peeters,Brussels DC,430.00,EUR,Descaler Tablets x10; Espresso Beans Brazil 1kg
S00221,Quotation sent,2025-12-15T12:56:54+00:00,Tom Peeters,S00221,,history,,Bistro Flagey Corner,Belgium,Tom Peeters,Brussels DC,430.00,EUR,Descaler Tablets x10; Espresso Beans Brazil 1kg
S00221,Order confirmed,2025-12-16T08:20:22+00:00,Tom Peeters,S00221,,history,,Bistro Flagey Corner,Belgium,Tom Peeters,Brussels DC,430.00,EUR,Descaler Tablets x10; Espresso Beans Brazil 1kg
S00221,Goods shipped,2025-12-17T07:46:36+00:00,Marc Dubois,BRU/OUT/00095,,history,,Bistro Flagey Corner,Belgium,Tom Peeters,Brussels DC,430.00,EUR,Descaler Tablets x10; Espresso Beans Brazil 1kg
S00221,Invoice posted,2025-12-18T11:06:41+00:00,Julie Martin,INV/2025/00176,,history,2026-01-17,Bistro Flagey Corner,Belgium,Tom Peeters,Brussels DC,430.00,EUR,Descaler Tablets x10; Espresso Beans Brazil 1kg
S00221,Payment received,2026-01-12T07:46:37+00:00,Julie Martin,INV/2025/00176,,history,,Bistro Flagey Corner,Belgium,Tom Peeters,Brussels DC,430.00,EUR,Descaler Tablets x10; Espresso Beans Brazil 1kg
S00222,Quotation created,2025-12-15T13:05:52+00:00,Tom Peeters,S00222,,history,,Office Hub Leuven,Belgium,Tom Peeters,Brussels DC,2715.00,EUR,Espresso Machine Pro; Paper Cups 12oz x1000
S00222,Quotation sent,2025-12-15T14:02:32+00:00,Tom Peeters,S00222,,history,,Office Hub Leuven,Belgium,Tom Peeters,Brussels DC,2715.00,EUR,Espresso Machine Pro; Paper Cups 12oz x1000
S00222,Order confirmed,2025-12-17T07:16:59+00:00,Tom Peeters,S00222,,history,,Office Hub Leuven,Belgium,Tom Peeters,Brussels DC,2715.00,EUR,Espresso Machine Pro; Paper Cups 12oz x1000
S00222,Order changed after confirmation,2025-12-17T11:40:46+00:00,Tom Peeters,S00222,"amount 2,625.00 -> 2,715.00",history,,Office Hub Leuven,Belgium,Tom Peeters,Brussels DC,2715.00,EUR,Espresso Machine Pro; Paper Cups 12oz x1000
S00222,Goods shipped,2025-12-18T11:03:50+00:00,Marc Dubois,BRU/OUT/00096,,history,,Office Hub Leuven,Belgium,Tom Peeters,Brussels DC,2715.00,EUR,Espresso Machine Pro; Paper Cups 12oz x1000
S00222,Invoice posted,2025-12-19T12:50:25+00:00,Julie Martin,INV/2025/00178,,history,2026-01-18,Office Hub Leuven,Belgium,Tom Peeters,Brussels DC,2715.00,EUR,Espresso Machine Pro; Paper Cups 12oz x1000
S00222,Payment received,2026-01-01T07:14:36+00:00,Julie Martin,INV/2025/00178,,history,,Office Hub Leuven,Belgium,Tom Peeters,Brussels DC,2715.00,EUR,Espresso Machine Pro; Paper Cups 12oz x1000
S00223,Quotation created,2025-12-16T11:42:05+00:00,Sophie Lambert,S00223,,history,,Business Park Diegem,Belgium,Sophie Lambert,Brussels DC,540.00,EUR,Decaf Colombia Beans 1kg; Espresso Beans Brazil 1kg
S00223,Quotation sent,2025-12-16T12:59:04+00:00,Sophie Lambert,S00223,,history,,Business Park Diegem,Belgium,Sophie Lambert,Brussels DC,540.00,EUR,Decaf Colombia Beans 1kg; Espresso Beans Brazil 1kg
S00223,Order cancelled,2026-01-12T07:44:38+00:00,Sophie Lambert,S00223,,history,,Business Park Diegem,Belgium,Sophie Lambert,Brussels DC,540.00,EUR,Decaf Colombia Beans 1kg; Espresso Beans Brazil 1kg
S00224,Quotation created,2025-12-16T14:50:01+00:00,Kasia Nowak,S00224,,history,,Hotel Poznań Park,Poland,Kasia Nowak,Warsaw DC,72.00,EUR,Ground Coffee 250g
S00224,Quotation sent,2025-12-17T07:40:04+00:00,Kasia Nowak,S00224,,history,,Hotel Poznań Park,Poland,Kasia Nowak,Warsaw DC,72.00,EUR,Ground Coffee 250g
S00224,Order confirmed,2025-12-18T07:40:58+00:00,Kasia Nowak,S00224,,history,,Hotel Poznań Park,Poland,Kasia Nowak,Warsaw DC,72.00,EUR,Ground Coffee 250g
S00224,Goods shipped,2025-12-19T07:57:11+00:00,Ola Wiśniewska,WAW/OUT/00090,,history,,Hotel Poznań Park,Poland,Kasia Nowak,Warsaw DC,72.00,EUR,Ground Coffee 250g
S00224,Invoice posted,2025-12-22T12:24:22+00:00,Anna Kowalczyk,INV/2025/00181,,history,2026-01-21,Hotel Poznań Park,Poland,Kasia Nowak,Warsaw DC,72.00,EUR,Ground Coffee 250g
S00224,Payment received,2026-01-12T07:47:16+00:00,Anna Kowalczyk,INV/2025/00181,,history,,Hotel Poznań Park,Poland,Kasia Nowak,Warsaw DC,72.00,EUR,Ground Coffee 250g
S00225,Quotation created,2025-12-16T16:27:50+00:00,Kasia Nowak,S00225,,history,,Biurowiec Mokotowska,Poland,Kasia Nowak,Warsaw DC,624.00,EUR,Espresso Beans Ethiopia 1kg; Green Tea Sencha 500g
S00225,Order confirmed,2025-12-17T07:04:11+00:00,Kasia Nowak,S00225,,history,,Biurowiec Mokotowska,Poland,Kasia Nowak,Warsaw DC,624.00,EUR,Espresso Beans Ethiopia 1kg; Green Tea Sencha 500g
S00225,Goods shipped,2025-12-19T07:36:53+00:00,Ola Wiśniewska,WAW/OUT/00088,,history,,Biurowiec Mokotowska,Poland,Kasia Nowak,Warsaw DC,624.00,EUR,Espresso Beans Ethiopia 1kg; Green Tea Sencha 500g
S00225,Invoice posted,2025-12-22T10:03:11+00:00,Anna Kowalczyk,INV/2025/00180,,history,2026-01-21,Biurowiec Mokotowska,Poland,Kasia Nowak,Warsaw DC,624.00,EUR,Espresso Beans Ethiopia 1kg; Green Tea Sencha 500g
S00225,Payment received,2026-01-26T10:11:38+00:00,Anna Kowalczyk,INV/2025/00180,,history,,Biurowiec Mokotowska,Poland,Kasia Nowak,Warsaw DC,624.00,EUR,Espresso Beans Ethiopia 1kg; Green Tea Sencha 500g
S00226,Quotation created,2025-12-19T07:49:52+00:00,Piotr Zieliński,S00226,,history,,Kawiarnia Rynek,Poland,Piotr Zieliński,Warsaw DC,108.00,EUR,Espresso Beans Brazil 1kg
S00226,Order confirmed,2025-12-24T09:35:36+00:00,Piotr Zieliński,S00226,,history,,Kawiarnia Rynek,Poland,Piotr Zieliński,Warsaw DC,108.00,EUR,Espresso Beans Brazil 1kg
S00226,Goods shipped,2025-12-24T15:39:22+00:00,Ola Wiśniewska,WAW/OUT/00091,,history,,Kawiarnia Rynek,Poland,Piotr Zieliński,Warsaw DC,108.00,EUR,Espresso Beans Brazil 1kg
S00226,Invoice posted,2025-12-29T08:05:19+00:00,Anna Kowalczyk,INV/2025/00185,,history,2026-01-28,Kawiarnia Rynek,Poland,Piotr Zieliński,Warsaw DC,108.00,EUR,Espresso Beans Brazil 1kg
S00226,Payment received,2026-02-02T07:58:13+00:00,Anna Kowalczyk,INV/2025/00185,,history,,Kawiarnia Rynek,Poland,Piotr Zieliński,Warsaw DC,108.00,EUR,Espresso Beans Brazil 1kg
S00227,Quotation created,2025-12-22T07:05:45+00:00,Kasia Nowak,S00227,,history,,Piekarnia Żoliborz,Poland,Kasia Nowak,Warsaw DC,430.00,EUR,Espresso Beans Brazil 1kg; House Blend Beans 1kg; Paper Cups 12oz x1000
S00227,Quotation sent,2025-12-22T09:25:32+00:00,Kasia Nowak,S00227,,history,,Piekarnia Żoliborz,Poland,Kasia Nowak,Warsaw DC,430.00,EUR,Espresso Beans Brazil 1kg; House Blend Beans 1kg; Paper Cups 12oz x1000
S00227,Order cancelled,2026-01-13T07:52:11+00:00,Kasia Nowak,S00227,,history,,Piekarnia Żoliborz,Poland,Kasia Nowak,Warsaw DC,430.00,EUR,Espresso Beans Brazil 1kg; House Blend Beans 1kg; Paper Cups 12oz x1000
S00228,Quotation created,2025-12-22T07:13:01+00:00,Sophie Lambert,S00228,,history,,Bakkerij Zuid,Belgium,Sophie Lambert,Brussels DC,30.00,EUR,Ground Coffee 250g
S00228,Quotation sent,2025-12-22T08:46:46+00:00,Sophie Lambert,S00228,,history,,Bakkerij Zuid,Belgium,Sophie Lambert,Brussels DC,30.00,EUR,Ground Coffee 250g
S00228,Order confirmed,2025-12-23T07:12:05+00:00,Sophie Lambert,S00228,,history,,Bakkerij Zuid,Belgium,Sophie Lambert,Brussels DC,30.00,EUR,Ground Coffee 250g
S00228,Goods shipped,2025-12-24T07:47:51+00:00,Marc Dubois,BRU/OUT/00098,,history,,Bakkerij Zuid,Belgium,Sophie Lambert,Brussels DC,30.00,EUR,Ground Coffee 250g
S00228,Invoice posted,2025-12-25T08:04:11+00:00,Julie Martin,INV/2025/00182,,history,2026-01-24,Bakkerij Zuid,Belgium,Sophie Lambert,Brussels DC,30.00,EUR,Ground Coffee 250g
S00228,Payment received,2026-01-14T13:20:45+00:00,Julie Martin,INV/2025/00182,,history,,Bakkerij Zuid,Belgium,Sophie Lambert,Brussels DC,30.00,EUR,Ground Coffee 250g
S00229,Quotation created,2025-12-22T07:56:57+00:00,Kasia Nowak,S00229,,history,,Hotel Tatry View,Poland,Kasia Nowak,Warsaw DC,300.00,EUR,Decaf Colombia Beans 1kg; Espresso Beans Brazil 1kg
S00230,Quotation created,2025-12-22T09:01:49+00:00,Sophie Lambert,S00230,,history,,Kantine Noord,Belgium,Sophie Lambert,Brussels DC,1686.00,EUR,Decaf Colombia Beans 1kg; Espresso Beans Brazil 1kg; Espresso Beans Ethiopia 1kg; Paper Cups 12oz x1000
S00230,Quotation sent,2025-12-22T12:05:14+00:00,Sophie Lambert,S00230,,history,,Kantine Noord,Belgium,Sophie Lambert,Brussels DC,1686.00,EUR,Decaf Colombia Beans 1kg; Espresso Beans Brazil 1kg; Espresso Beans Ethiopia 1kg; Paper Cups 12oz x1000
S00230,Order confirmed,2025-12-24T07:09:07+00:00,Sophie Lambert,S00230,,history,,Kantine Noord,Belgium,Sophie Lambert,Brussels DC,1686.00,EUR,Decaf Colombia Beans 1kg; Espresso Beans Brazil 1kg; Espresso Beans Ethiopia 1kg; Paper Cups 12oz x1000
S00230,Goods shipped,2025-12-25T07:06:17+00:00,Marc Dubois,BRU/OUT/00099,,history,,Kantine Noord,Belgium,Sophie Lambert,Brussels DC,1686.00,EUR,Decaf Colombia Beans 1kg; Espresso Beans Brazil 1kg; Espresso Beans Ethiopia 1kg; Paper Cups 12oz x1000
S00230,Invoice posted,2025-12-26T08:35:04+00:00,Julie Martin,INV/2025/00183,,history,2026-01-25,Kantine Noord,Belgium,Sophie Lambert,Brussels DC,1686.00,EUR,Decaf Colombia Beans 1kg; Espresso Beans Brazil 1kg; Espresso Beans Ethiopia 1kg; Paper Cups 12oz x1000
S00230,Payment received,2026-01-26T07:51:15+00:00,Julie Martin,INV/2025/00183,,history,,Kantine Noord,Belgium,Sophie Lambert,Brussels DC,1686.00,EUR,Decaf Colombia Beans 1kg; Espresso Beans Brazil 1kg; Espresso Beans Ethiopia 1kg; Paper Cups 12oz x1000
S00231,Quotation created,2025-12-23T10:17:41+00:00,Kasia Nowak,S00231,,history,,Kawiarnia Sopot Molo,Poland,Kasia Nowak,Warsaw DC,96.00,EUR,House Blend Beans 1kg
S00231,Quotation sent,2025-12-23T10:42:49+00:00,Kasia Nowak,S00231,,history,,Kawiarnia Sopot Molo,Poland,Kasia Nowak,Warsaw DC,96.00,EUR,House Blend Beans 1kg
S00231,Order confirmed,2025-12-26T07:08:41+00:00,Kasia Nowak,S00231,,history,,Kawiarnia Sopot Molo,Poland,Kasia Nowak,Warsaw DC,96.00,EUR,House Blend Beans 1kg
S00231,Goods shipped,2025-12-30T12:38:00+00:00,Ola Wiśniewska,WAW/OUT/00093,,history,,Kawiarnia Sopot Molo,Poland,Kasia Nowak,Warsaw DC,96.00,EUR,House Blend Beans 1kg
S00231,Invoice posted,2026-01-05T09:59:54+00:00,Anna Kowalczyk,INV/2026/00002,,history,2026-02-04,Kawiarnia Sopot Molo,Poland,Kasia Nowak,Warsaw DC,96.00,EUR,House Blend Beans 1kg
S00231,Payment received,2026-02-02T07:52:39+00:00,Anna Kowalczyk,INV/2026/00002,,history,,Kawiarnia Sopot Molo,Poland,Kasia Nowak,Warsaw DC,96.00,EUR,House Blend Beans 1kg
S00232,Quotation created,2025-12-23T10:48:13+00:00,Kasia Nowak,S00232,,history,,Restauracja Odra,Poland,Kasia Nowak,Warsaw DC,84.00,EUR,Espresso Beans Brazil 1kg; Espresso Beans Ethiopia 1kg
S00232,Quotation sent,2025-12-23T16:23:28+00:00,Kasia Nowak,S00232,,history,,Restauracja Odra,Poland,Kasia Nowak,Warsaw DC,84.00,EUR,Espresso Beans Brazil 1kg; Espresso Beans Ethiopia 1kg
S00232,Order confirmed,2025-12-25T07:29:56+00:00,Kasia Nowak,S00232,,history,,Restauracja Odra,Poland,Kasia Nowak,Warsaw DC,84.00,EUR,Espresso Beans Brazil 1kg; Espresso Beans Ethiopia 1kg
S00232,Goods shipped,2025-12-25T13:42:47+00:00,Ola Wiśniewska,WAW/OUT/00092,,history,,Restauracja Odra,Poland,Kasia Nowak,Warsaw DC,84.00,EUR,Espresso Beans Brazil 1kg; Espresso Beans Ethiopia 1kg
S00232,Invoice posted,2025-12-29T09:36:33+00:00,Anna Kowalczyk,INV/2025/00186,,history,2026-01-28,Restauracja Odra,Poland,Kasia Nowak,Warsaw DC,84.00,EUR,Espresso Beans Brazil 1kg; Espresso Beans Ethiopia 1kg
S00232,Payment received,2026-03-06T07:29:52+00:00,Anna Kowalczyk,INV/2025/00186,,history,,Restauracja Odra,Poland,Kasia Nowak,Warsaw DC,84.00,EUR,Espresso Beans Brazil 1kg; Espresso Beans Ethiopia 1kg
S00233,Quotation created,2025-12-24T10:18:02+00:00,Tom Peeters,S00233,,history,,Tearoom Duinen,Belgium,Tom Peeters,Brussels DC,322.00,EUR,Espresso Beans Brazil 1kg; Green Tea Sencha 500g
S00233,Quotation sent,2025-12-24T15:58:17+00:00,Tom Peeters,S00233,,history,,Tearoom Duinen,Belgium,Tom Peeters,Brussels DC,322.00,EUR,Espresso Beans Brazil 1kg; Green Tea Sencha 500g
S00233,Order confirmed,2025-12-25T07:41:15+00:00,Tom Peeters,S00233,,history,,Tearoom Duinen,Belgium,Tom Peeters,Brussels DC,322.00,EUR,Espresso Beans Brazil 1kg; Green Tea Sencha 500g
S00233,Order changed after confirmation,2025-12-25T12:02:28+00:00,Tom Peeters,S00233,amount 250.00 -> 322.00,history,,Tearoom Duinen,Belgium,Tom Peeters,Brussels DC,322.00,EUR,Espresso Beans Brazil 1kg; Green Tea Sencha 500g
S00233,Goods shipped,2025-12-25T16:23:41+00:00,Marc Dubois,BRU/OUT/00100,,history,,Tearoom Duinen,Belgium,Tom Peeters,Brussels DC,322.00,EUR,Espresso Beans Brazil 1kg; Green Tea Sencha 500g
S00233,Invoice posted,2025-12-26T09:27:46+00:00,Julie Martin,INV/2025/00184,,history,2026-01-25,Tearoom Duinen,Belgium,Tom Peeters,Brussels DC,322.00,EUR,Espresso Beans Brazil 1kg; Green Tea Sencha 500g
S00233,Payment received,2026-01-27T07:18:20+00:00,Julie Martin,INV/2025/00184,,history,,Tearoom Duinen,Belgium,Tom Peeters,Brussels DC,322.00,EUR,Espresso Beans Brazil 1kg; Green Tea Sencha 500g
S00234,Quotation created,2025-12-25T12:19:08+00:00,Sophie Lambert,S00234,,history,,Kantine Noord,Belgium,Sophie Lambert,Brussels DC,168.00,EUR,Oat Milk Barista 12x1L
S00234,Quotation sent,2025-12-25T15:29:19+00:00,Sophie Lambert,S00234,,history,,Kantine Noord,Belgium,Sophie Lambert,Brussels DC,168.00,EUR,Oat Milk Barista 12x1L
S00234,Order cancelled,2026-01-30T07:19:18+00:00,Sophie Lambert,S00234,,history,,Kantine Noord,Belgium,Sophie Lambert,Brussels DC,168.00,EUR,Oat Milk Barista 12x1L
S00235,Quotation created,2025-12-26T09:17:05+00:00,Tom Peeters,S00235,,history,,Café Parvis,Belgium,Tom Peeters,Brussels DC,1162.00,EUR,Descaler Tablets x10; Green Tea Sencha 500g; Oat Milk Barista 12x1L
S00235,Quotation sent,2025-12-26T15:09:08+00:00,Tom Peeters,S00235,,history,,Café Parvis,Belgium,Tom Peeters,Brussels DC,1162.00,EUR,Descaler Tablets x10; Green Tea Sencha 500g; Oat Milk Barista 12x1L
S00235,Order confirmed,2025-12-29T07:25:11+00:00,Tom Peeters,S00235,,history,,Café Parvis,Belgium,Tom Peeters,Brussels DC,1162.00,EUR,Descaler Tablets x10; Green Tea Sencha 500g; Oat Milk Barista 12x1L
S00235,Goods shipped,2025-12-30T08:33:04+00:00,Marc Dubois,BRU/OUT/00102,,history,,Café Parvis,Belgium,Tom Peeters,Brussels DC,1162.00,EUR,Descaler Tablets x10; Green Tea Sencha 500g; Oat Milk Barista 12x1L
S00235,Invoice posted,2025-12-31T09:18:52+00:00,Julie Martin,INV/2025/00188,,history,2026-01-30,Café Parvis,Belgium,Tom Peeters,Brussels DC,1162.00,EUR,Descaler Tablets x10; Green Tea Sencha 500g; Oat Milk Barista 12x1L
S00235,Payment received,2026-02-02T07:17:06+00:00,Julie Martin,INV/2025/00188,,history,,Café Parvis,Belgium,Tom Peeters,Brussels DC,1162.00,EUR,Descaler Tablets x10; Green Tea Sencha 500g; Oat Milk Barista 12x1L
S00236,Quotation created,2025-12-26T09:22:41+00:00,Sophie Lambert,S00236,,history,,Lunchbar Kouter,Belgium,Sophie Lambert,Brussels DC,70.00,EUR,Descaler Tablets x10
S00236,Quotation sent,2025-12-26T14:55:43+00:00,Sophie Lambert,S00236,,history,,Lunchbar Kouter,Belgium,Sophie Lambert,Brussels DC,70.00,EUR,Descaler Tablets x10
S00236,Order confirmed,2025-12-29T07:07:14+00:00,Sophie Lambert,S00236,,history,,Lunchbar Kouter,Belgium,Sophie Lambert,Brussels DC,70.00,EUR,Descaler Tablets x10
S00236,Goods shipped,2025-12-30T07:39:21+00:00,Marc Dubois,BRU/OUT/00101,,history,,Lunchbar Kouter,Belgium,Sophie Lambert,Brussels DC,70.00,EUR,Descaler Tablets x10
S00236,Invoice posted,2025-12-31T10:34:02+00:00,Julie Martin,INV/2025/00189,,history,2026-01-30,Lunchbar Kouter,Belgium,Sophie Lambert,Brussels DC,70.00,EUR,Descaler Tablets x10
S00236,Payment received,2026-01-30T07:43:27+00:00,Julie Martin,INV/2025/00189,,history,,Lunchbar Kouter,Belgium,Sophie Lambert,Brussels DC,70.00,EUR,Descaler Tablets x10
S00237,Quotation created,2025-12-26T12:12:43+00:00,Tom Peeters,S00237,,history,,Brasserie du Canal,Belgium,Tom Peeters,Brussels DC,1261.00,EUR,Cup Lids x1000; Espresso Beans Brazil 1kg; Vanilla Syrup 1L
S00237,Order confirmed,2026-01-12T07:08:07+00:00,Tom Peeters,S00237,,history,,Brasserie du Canal,Belgium,Tom Peeters,Brussels DC,1261.00,EUR,Cup Lids x1000; Espresso Beans Brazil 1kg; Vanilla Syrup 1L
S00237,Order changed after confirmation,2026-01-13T07:58:32+00:00,Tom Peeters,S00237,"amount 1,086.00 -> 1,261.00",history,,Brasserie du Canal,Belgium,Tom Peeters,Brussels DC,1261.00,EUR,Cup Lids x1000; Espresso Beans Brazil 1kg; Vanilla Syrup 1L
S00237,Goods shipped,2026-01-13T15:01:51+00:00,Marc Dubois,BRU/OUT/00114,,history,,Brasserie du Canal,Belgium,Tom Peeters,Brussels DC,1261.00,EUR,Cup Lids x1000; Espresso Beans Brazil 1kg; Vanilla Syrup 1L
S00237,Invoice posted,2026-01-14T10:35:32+00:00,Julie Martin,INV/2026/00014,,history,2026-02-13,Brasserie du Canal,Belgium,Tom Peeters,Brussels DC,1261.00,EUR,Cup Lids x1000; Espresso Beans Brazil 1kg; Vanilla Syrup 1L
S00237,Payment received,2026-03-16T07:21:40+00:00,Julie Martin,INV/2026/00014,,history,,Brasserie du Canal,Belgium,Tom Peeters,Brussels DC,1261.00,EUR,Cup Lids x1000; Espresso Beans Brazil 1kg; Vanilla Syrup 1L
S00238,Quotation created,2025-12-29T07:10:08+00:00,Sophie Lambert,S00238,,history,,Co-Work Ixelles,Belgium,Sophie Lambert,Brussels DC,126.00,EUR,Espresso Beans Brazil 1kg; Vanilla Syrup 1L
S00238,Quotation sent,2025-12-29T13:02:38+00:00,Sophie Lambert,S00238,,history,,Co-Work Ixelles,Belgium,Sophie Lambert,Brussels DC,126.00,EUR,Espresso Beans Brazil 1kg; Vanilla Syrup 1L
S00238,Order confirmed,2025-12-31T07:44:27+00:00,Sophie Lambert,S00238,,history,,Co-Work Ixelles,Belgium,Sophie Lambert,Brussels DC,126.00,EUR,Espresso Beans Brazil 1kg; Vanilla Syrup 1L
S00238,Order cancelled,2026-01-02T07:44:23+00:00,Sophie Lambert,S00238,,history,,Co-Work Ixelles,Belgium,Sophie Lambert,Brussels DC,126.00,EUR,Espresso Beans Brazil 1kg; Vanilla Syrup 1L
S00239,Quotation created,2025-12-29T07:13:32+00:00,Tom Peeters,S00239,,history,,Hotel Atelier Bruges,Belgium,Tom Peeters,Brussels DC,352.00,EUR,Earl Grey Tea 500g; Oat Milk Barista 12x1L
S00239,Quotation sent,2025-12-29T09:27:35+00:00,Tom Peeters,S00239,,history,,Hotel Atelier Bruges,Belgium,Tom Peeters,Brussels DC,352.00,EUR,Earl Grey Tea 500g; Oat Milk Barista 12x1L
S00239,Order confirmed,2025-12-31T07:24:40+00:00,Tom Peeters,S00239,,history,,Hotel Atelier Bruges,Belgium,Tom Peeters,Brussels DC,352.00,EUR,Earl Grey Tea 500g; Oat Milk Barista 12x1L
S00239,Order cancelled,2026-01-01T07:09:30+00:00,Tom Peeters,S00239,,history,,Hotel Atelier Bruges,Belgium,Tom Peeters,Brussels DC,352.00,EUR,Earl Grey Tea 500g; Oat Milk Barista 12x1L
S00240,Quotation created,2025-12-29T07:15:28+00:00,Piotr Zieliński,S00240,,history,,Hotel Nad Wisłą,Poland,Piotr Zieliński,Warsaw DC,966.00,EUR,Cup Lids x1000; Espresso Beans Brazil 1kg; Paper Cups 12oz x1000
S00240,Quotation sent,2025-12-29T12:34:23+00:00,Piotr Zieliński,S00240,,history,,Hotel Nad Wisłą,Poland,Piotr Zieliński,Warsaw DC,966.00,EUR,Cup Lids x1000; Espresso Beans Brazil 1kg; Paper Cups 12oz x1000
S00240,Order cancelled,2026-01-27T07:04:58+00:00,Piotr Zieliński,S00240,,history,,Hotel Nad Wisłą,Poland,Piotr Zieliński,Warsaw DC,966.00,EUR,Cup Lids x1000; Espresso Beans Brazil 1kg; Paper Cups 12oz x1000
S00241,Quotation created,2025-12-29T07:17:12+00:00,Sophie Lambert,S00241,,history,,Business Park Diegem,Belgium,Sophie Lambert,Brussels DC,2460.00,EUR,Earl Grey Tea 500g; Espresso Machine Pro
S00241,Order confirmed,2025-12-31T07:03:24+00:00,Sophie Lambert,S00241,,history,,Business Park Diegem,Belgium,Sophie Lambert,Brussels DC,2460.00,EUR,Earl Grey Tea 500g; Espresso Machine Pro
S00241,Delivery rescheduled,2026-01-02T07:27:30+00:00,Marc Dubois,BRU/OUT/00104,+3.0 days,history,,Business Park Diegem,Belgium,Sophie Lambert,Brussels DC,2460.00,EUR,Earl Grey Tea 500g; Espresso Machine Pro
S00241,Delivery rescheduled,2026-01-05T07:41:03+00:00,Marc Dubois,BRU/OUT/00104,+5.0 days,history,,Business Park Diegem,Belgium,Sophie Lambert,Brussels DC,2460.00,EUR,Earl Grey Tea 500g; Espresso Machine Pro
S00241,Goods shipped,2026-01-07T15:36:23+00:00,Marc Dubois,BRU/OUT/00104,,history,,Business Park Diegem,Belgium,Sophie Lambert,Brussels DC,2460.00,EUR,Earl Grey Tea 500g; Espresso Machine Pro
S00241,Invoice posted,2026-01-08T07:15:03+00:00,Julie Martin,INV/2026/00003,,history,2026-02-07,Business Park Diegem,Belgium,Sophie Lambert,Brussels DC,2460.00,EUR,Earl Grey Tea 500g; Espresso Machine Pro
S00241,Payment received,2026-02-09T07:30:17+00:00,Julie Martin,INV/2026/00003,,history,,Business Park Diegem,Belgium,Sophie Lambert,Brussels DC,2460.00,EUR,Earl Grey Tea 500g; Espresso Machine Pro
S00242,Quotation created,2025-12-29T07:40:42+00:00,Kasia Nowak,S00242,,history,,Hotel Poznań Park,Poland,Kasia Nowak,Warsaw DC,336.00,EUR,Green Tea Sencha 500g
S00242,Quotation sent,2025-12-29T08:08:39+00:00,Kasia Nowak,S00242,,history,,Hotel Poznań Park,Poland,Kasia Nowak,Warsaw DC,336.00,EUR,Green Tea Sencha 500g
S00242,Order confirmed,2025-12-30T12:24:00+00:00,Kasia Nowak,S00242,,history,,Hotel Poznań Park,Poland,Kasia Nowak,Warsaw DC,336.00,EUR,Green Tea Sencha 500g
S00242,Invoice posted,2025-12-31T08:13:29+00:00,Anna Kowalczyk,INV/2025/00187,,history,2026-01-30,Hotel Poznań Park,Poland,Kasia Nowak,Warsaw DC,336.00,EUR,Green Tea Sencha 500g
S00242,Goods shipped,2026-01-01T07:51:50+00:00,Ola Wiśniewska,WAW/OUT/00094,,history,,Hotel Poznań Park,Poland,Kasia Nowak,Warsaw DC,336.00,EUR,Green Tea Sencha 500g
S00242,Credit note posted,2026-01-12T10:09:40+00:00,Anna Kowalczyk,RINV/2026/00001,,history,,Hotel Poznań Park,Poland,Kasia Nowak,Warsaw DC,336.00,EUR,Green Tea Sencha 500g
S00242,Payment received,2026-01-23T15:34:07+00:00,Anna Kowalczyk,INV/2025/00187,,history,,Hotel Poznań Park,Poland,Kasia Nowak,Warsaw DC,336.00,EUR,Green Tea Sencha 500g
S00243,Quotation created,2025-12-29T07:52:52+00:00,Tom Peeters,S00243,,history,,Hotel Atelier Bruges,Belgium,Tom Peeters,Brussels DC,934.00,EUR,Coffee Grinder Compact; Earl Grey Tea 500g; Oat Milk Barista 12x1L
S00243,Quotation sent,2025-12-29T11:23:56+00:00,Tom Peeters,S00243,,history,,Hotel Atelier Bruges,Belgium,Tom Peeters,Brussels DC,934.00,EUR,Coffee Grinder Compact; Earl Grey Tea 500g; Oat Milk Barista 12x1L
S00244,Quotation created,2025-12-29T08:22:57+00:00,Tom Peeters,S00244,,history,,Hotel Horizon Namur,Belgium,Tom Peeters,Brussels DC,1440.00,EUR,Espresso Beans Brazil 1kg; Espresso Beans Ethiopia 1kg; Ground Coffee 250g; House Blend Beans 1kg
S00244,Quotation sent,2025-12-29T13:29:32+00:00,Tom Peeters,S00244,,history,,Hotel Horizon Namur,Belgium,Tom Peeters,Brussels DC,1440.00,EUR,Espresso Beans Brazil 1kg; Espresso Beans Ethiopia 1kg; Ground Coffee 250g; House Blend Beans 1kg
S00244,Order confirmed,2025-12-30T07:14:06+00:00,Tom Peeters,S00244,,history,,Hotel Horizon Namur,Belgium,Tom Peeters,Brussels DC,1440.00,EUR,Espresso Beans Brazil 1kg; Espresso Beans Ethiopia 1kg; Ground Coffee 250g; House Blend Beans 1kg
S00244,Goods shipped,2025-12-31T07:21:12+00:00,Marc Dubois,BRU/OUT/00103,,history,,Hotel Horizon Namur,Belgium,Tom Peeters,Brussels DC,1440.00,EUR,Espresso Beans Brazil 1kg; Espresso Beans Ethiopia 1kg; Ground Coffee 250g; House Blend Beans 1kg
S00244,Invoice posted,2026-01-01T07:43:54+00:00,Julie Martin,INV/2026/00001,,history,2026-01-31,Hotel Horizon Namur,Belgium,Tom Peeters,Brussels DC,1440.00,EUR,Espresso Beans Brazil 1kg; Espresso Beans Ethiopia 1kg; Ground Coffee 250g; House Blend Beans 1kg
S00244,Payment received,2026-01-20T12:48:48+00:00,Julie Martin,INV/2026/00001,,history,,Hotel Horizon Namur,Belgium,Tom Peeters,Brussels DC,1440.00,EUR,Espresso Beans Brazil 1kg; Espresso Beans Ethiopia 1kg; Ground Coffee 250g; House Blend Beans 1kg
S00245,Quotation created,2025-12-29T10:08:49+00:00,Piotr Zieliński,S00245,,history,,Stołówka Politechnika,Poland,Piotr Zieliński,Warsaw DC,1216.00,EUR,Descaler Tablets x10; Espresso Beans Brazil 1kg; Oat Milk Barista 12x1L
S00245,Order cancelled,2026-01-15T07:28:29+00:00,Piotr Zieliński,S00245,,history,,Stołówka Politechnika,Poland,Piotr Zieliński,Warsaw DC,1216.00,EUR,Descaler Tablets x10; Espresso Beans Brazil 1kg; Oat Milk Barista 12x1L
S00246,Quotation created,2025-12-29T11:44:05+00:00,Piotr Zieliński,S00246,,history,,Stołówka Politechnika,Poland,Piotr Zieliński,Warsaw DC,320.00,EUR,Espresso Beans Ethiopia 1kg; House Blend Beans 1kg
S00246,Quotation sent,2025-12-30T07:57:05+00:00,Piotr Zieliński,S00246,,history,,Stołówka Politechnika,Poland,Piotr Zieliński,Warsaw DC,320.00,EUR,Espresso Beans Ethiopia 1kg; House Blend Beans 1kg
S00246,Order confirmed,2026-01-05T07:03:05+00:00,Piotr Zieliński,S00246,,history,,Stołówka Politechnika,Poland,Piotr Zieliński,Warsaw DC,320.00,EUR,Espresso Beans Ethiopia 1kg; House Blend Beans 1kg
S00246,Goods shipped,2026-01-07T07:59:11+00:00,Ola Wiśniewska,WAW/OUT/00096,,history,,Stołówka Politechnika,Poland,Piotr Zieliński,Warsaw DC,320.00,EUR,Espresso Beans Ethiopia 1kg; House Blend Beans 1kg
S00246,Invoice posted,2026-01-12T09:31:28+00:00,Anna Kowalczyk,INV/2026/00009,,history,2026-02-11,Stołówka Politechnika,Poland,Piotr Zieliński,Warsaw DC,320.00,EUR,Espresso Beans Ethiopia 1kg; House Blend Beans 1kg
S00246,Payment received,2026-02-06T07:02:28+00:00,Anna Kowalczyk,INV/2026/00009,,history,,Stołówka Politechnika,Poland,Piotr Zieliński,Warsaw DC,320.00,EUR,Espresso Beans Ethiopia 1kg; House Blend Beans 1kg
S00247,Quotation created,2025-12-30T12:04:44+00:00,Piotr Zieliński,S00247,,history,,Hotel Poznań Park,Poland,Piotr Zieliński,Warsaw DC,810.00,EUR,Decaf Colombia Beans 1kg; Paper Cups 12oz x1000; Vanilla Syrup 1L
S00247,Quotation sent,2025-12-31T07:44:15+00:00,Piotr Zieliński,S00247,,history,,Hotel Poznań Park,Poland,Piotr Zieliński,Warsaw DC,810.00,EUR,Decaf Colombia Beans 1kg; Paper Cups 12oz x1000; Vanilla Syrup 1L
S00247,Order confirmed,2026-01-02T07:58:50+00:00,Piotr Zieliński,S00247,,history,,Hotel Poznań Park,Poland,Piotr Zieliński,Warsaw DC,810.00,EUR,Decaf Colombia Beans 1kg; Paper Cups 12oz x1000; Vanilla Syrup 1L
S00247,Goods shipped,2026-01-07T13:06:00+00:00,Ola Wiśniewska,WAW/OUT/00095,,history,,Hotel Poznań Park,Poland,Piotr Zieliński,Warsaw DC,810.00,EUR,Decaf Colombia Beans 1kg; Paper Cups 12oz x1000; Vanilla Syrup 1L
S00247,Invoice posted,2026-01-12T09:43:35+00:00,Anna Kowalczyk,INV/2026/00010,,history,2026-02-11,Hotel Poznań Park,Poland,Piotr Zieliński,Warsaw DC,810.00,EUR,Decaf Colombia Beans 1kg; Paper Cups 12oz x1000; Vanilla Syrup 1L
S00247,Payment received,2026-02-09T07:29:39+00:00,Anna Kowalczyk,INV/2026/00010,,history,,Hotel Poznań Park,Poland,Piotr Zieliński,Warsaw DC,810.00,EUR,Decaf Colombia Beans 1kg; Paper Cups 12oz x1000; Vanilla Syrup 1L
S00248,Quotation created,2025-12-31T09:46:57+00:00,Kasia Nowak,S00248,,history,,Hotel Poznań Park,Poland,Kasia Nowak,Warsaw DC,672.00,EUR,Oat Milk Barista 12x1L
S00248,Quotation sent,2025-12-31T15:37:59+00:00,Kasia Nowak,S00248,,history,,Hotel Poznań Park,Poland,Kasia Nowak,Warsaw DC,672.00,EUR,Oat Milk Barista 12x1L
S00248,Order cancelled,2026-01-30T13:27:07+00:00,Kasia Nowak,S00248,,history,,Hotel Poznań Park,Poland,Kasia Nowak,Warsaw DC,672.00,EUR,Oat Milk Barista 12x1L
S00249,Quotation created,2025-12-31T10:24:57+00:00,Piotr Zieliński,S00249,,history,,Bistro Kazimierz,Poland,Piotr Zieliński,Warsaw DC,420.00,EUR,Decaf Colombia Beans 1kg; Espresso Beans Brazil 1kg; Espresso Beans Ethiopia 1kg
S00249,Quotation sent,2025-12-31T13:24:31+00:00,Piotr Zieliński,S00249,,history,,Bistro Kazimierz,Poland,Piotr Zieliński,Warsaw DC,420.00,EUR,Decaf Colombia Beans 1kg; Espresso Beans Brazil 1kg; Espresso Beans Ethiopia 1kg
S00249,Order cancelled,2026-01-26T07:13:59+00:00,Piotr Zieliński,S00249,,history,,Bistro Kazimierz,Poland,Piotr Zieliński,Warsaw DC,420.00,EUR,Decaf Colombia Beans 1kg; Espresso Beans Brazil 1kg; Espresso Beans Ethiopia 1kg
S00250,Quotation created,2026-01-01T07:22:55+00:00,Piotr Zieliński,S00250,,history,,Hotel Nad Wisłą,Poland,Piotr Zieliński,Warsaw DC,180.00,EUR,Decaf Colombia Beans 1kg; Espresso Beans Ethiopia 1kg
S00250,Quotation sent,2026-01-01T11:17:10+00:00,Piotr Zieliński,S00250,,history,,Hotel Nad Wisłą,Poland,Piotr Zieliński,Warsaw DC,180.00,EUR,Decaf Colombia Beans 1kg; Espresso Beans Ethiopia 1kg
S00250,Order confirmed,2026-01-05T12:18:34+00:00,Piotr Zieliński,S00250,,history,,Hotel Nad Wisłą,Poland,Piotr Zieliński,Warsaw DC,180.00,EUR,Decaf Colombia Beans 1kg; Espresso Beans Ethiopia 1kg
S00250,Goods shipped,2026-01-06T07:45:18+00:00,Ola Wiśniewska,WAW/OUT/00097,,history,,Hotel Nad Wisłą,Poland,Piotr Zieliński,Warsaw DC,180.00,EUR,Decaf Colombia Beans 1kg; Espresso Beans Ethiopia 1kg
S00250,Invoice posted,2026-01-09T11:35:06+00:00,Anna Kowalczyk,INV/2026/00006,,history,2026-02-08,Hotel Nad Wisłą,Poland,Piotr Zieliński,Warsaw DC,180.00,EUR,Decaf Colombia Beans 1kg; Espresso Beans Ethiopia 1kg
S00250,Payment received,2026-04-02T06:26:58+00:00,Anna Kowalczyk,INV/2026/00006,,history,,Hotel Nad Wisłą,Poland,Piotr Zieliński,Warsaw DC,180.00,EUR,Decaf Colombia Beans 1kg; Espresso Beans Ethiopia 1kg
S00251,Quotation created,2026-01-02T07:04:09+00:00,Piotr Zieliński,S00251,,history,,Piekarnia Żoliborz,Poland,Piotr Zieliński,Warsaw DC,500.00,EUR,Cup Lids x1000
S00251,Quotation sent,2026-01-02T13:02:06+00:00,Piotr Zieliński,S00251,,history,,Piekarnia Żoliborz,Poland,Piotr Zieliński,Warsaw DC,500.00,EUR,Cup Lids x1000
S00251,Order confirmed,2026-01-16T14:34:50+00:00,Piotr Zieliński,S00251,,history,,Piekarnia Żoliborz,Poland,Piotr Zieliński,Warsaw DC,500.00,EUR,Cup Lids x1000
S00251,Invoice posted,2026-01-19T07:39:45+00:00,Anna Kowalczyk,INV/2026/00018,,history,2026-02-18,Piekarnia Żoliborz,Poland,Piotr Zieliński,Warsaw DC,500.00,EUR,Cup Lids x1000
S00251,Goods shipped,2026-01-20T13:10:00+00:00,Ola Wiśniewska,WAW/OUT/00102,,history,,Piekarnia Żoliborz,Poland,Piotr Zieliński,Warsaw DC,500.00,EUR,Cup Lids x1000
S00251,Payment received,2026-02-12T13:45:16+00:00,Anna Kowalczyk,INV/2026/00018,,history,,Piekarnia Żoliborz,Poland,Piotr Zieliński,Warsaw DC,500.00,EUR,Cup Lids x1000
S00252,Quotation created,2026-01-05T07:09:36+00:00,Sophie Lambert,S00252,,history,,Kantine Noord,Belgium,Sophie Lambert,Brussels DC,180.00,EUR,Paper Cups 12oz x1000
S00252,Order confirmed,2026-01-12T07:09:37+00:00,Sophie Lambert,S00252,,history,,Kantine Noord,Belgium,Sophie Lambert,Brussels DC,180.00,EUR,Paper Cups 12oz x1000
S00252,Goods shipped,2026-01-13T07:55:21+00:00,Marc Dubois,BRU/OUT/00115,,history,,Kantine Noord,Belgium,Sophie Lambert,Brussels DC,180.00,EUR,Paper Cups 12oz x1000
S00252,Invoice posted,2026-01-13T11:12:08+00:00,Julie Martin,INV/2026/00013,,history,2026-02-12,Kantine Noord,Belgium,Sophie Lambert,Brussels DC,180.00,EUR,Paper Cups 12oz x1000
S00252,Payment received,2026-02-09T07:05:11+00:00,Julie Martin,INV/2026/00013,,history,,Kantine Noord,Belgium,Sophie Lambert,Brussels DC,180.00,EUR,Paper Cups 12oz x1000
S00253,Quotation created,2026-01-05T07:30:17+00:00,Tom Peeters,S00253,,history,,Hotel Horizon Namur,Belgium,Tom Peeters,Brussels DC,652.00,EUR,Barista Apron; Chai Latte Mix 1kg; Earl Grey Tea 500g; Ground Coffee 250g
S00253,Quotation sent,2026-01-05T10:42:31+00:00,Tom Peeters,S00253,,history,,Hotel Horizon Namur,Belgium,Tom Peeters,Brussels DC,652.00,EUR,Barista Apron; Chai Latte Mix 1kg; Earl Grey Tea 500g; Ground Coffee 250g
S00253,Order confirmed,2026-01-08T07:16:06+00:00,Tom Peeters,S00253,,history,,Hotel Horizon Namur,Belgium,Tom Peeters,Brussels DC,652.00,EUR,Barista Apron; Chai Latte Mix 1kg; Earl Grey Tea 500g; Ground Coffee 250g
S00253,Goods shipped,2026-01-09T16:26:14+00:00,Marc Dubois,BRU/OUT/00110,,history,,Hotel Horizon Namur,Belgium,Tom Peeters,Brussels DC,652.00,EUR,Barista Apron; Chai Latte Mix 1kg; Earl Grey Tea 500g; Ground Coffee 250g
S00253,Invoice posted,2026-01-12T10:44:44+00:00,Julie Martin,INV/2026/00011,,history,2026-02-11,Hotel Horizon Namur,Belgium,Tom Peeters,Brussels DC,652.00,EUR,Barista Apron; Chai Latte Mix 1kg; Earl Grey Tea 500g; Ground Coffee 250g
S00253,Payment received,2026-02-02T07:19:05+00:00,Julie Martin,INV/2026/00011,,history,,Hotel Horizon Namur,Belgium,Tom Peeters,Brussels DC,652.00,EUR,Barista Apron; Chai Latte Mix 1kg; Earl Grey Tea 500g; Ground Coffee 250g
S00254,Quotation created,2026-01-05T07:35:28+00:00,Tom Peeters,S00254,,history,,Office Hub Leuven,Belgium,Tom Peeters,Brussels DC,291.00,EUR,Decaf Colombia Beans 1kg; Espresso Beans Ethiopia 1kg; Vanilla Syrup 1L
S00254,Quotation sent,2026-01-05T12:31:53+00:00,Tom Peeters,S00254,,history,,Office Hub Leuven,Belgium,Tom Peeters,Brussels DC,291.00,EUR,Decaf Colombia Beans 1kg; Espresso Beans Ethiopia 1kg; Vanilla Syrup 1L
S00254,Order confirmed,2026-01-07T07:33:03+00:00,Tom Peeters,S00254,,history,,Office Hub Leuven,Belgium,Tom Peeters,Brussels DC,291.00,EUR,Decaf Colombia Beans 1kg; Espresso Beans Ethiopia 1kg; Vanilla Syrup 1L
S00254,Goods shipped,2026-01-08T08:26:53+00:00,Marc Dubois,BRU/OUT/00109,,history,,Office Hub Leuven,Belgium,Tom Peeters,Brussels DC,291.00,EUR,Decaf Colombia Beans 1kg; Espresso Beans Ethiopia 1kg; Vanilla Syrup 1L
S00254,Invoice posted,2026-01-09T15:09:37+00:00,Julie Martin,INV/2026/00007,,history,2026-02-08,Office Hub Leuven,Belgium,Tom Peeters,Brussels DC,291.00,EUR,Decaf Colombia Beans 1kg; Espresso Beans Ethiopia 1kg; Vanilla Syrup 1L
S00254,Payment received,2026-02-05T16:05:10+00:00,Julie Martin,INV/2026/00007,,history,,Office Hub Leuven,Belgium,Tom Peeters,Brussels DC,291.00,EUR,Decaf Colombia Beans 1kg; Espresso Beans Ethiopia 1kg; Vanilla Syrup 1L
S00255,Quotation created,2026-01-05T07:53:34+00:00,Sophie Lambert,S00255,,history,,Brasserie du Canal,Belgium,Sophie Lambert,Brussels DC,314.00,EUR,Descaler Tablets x10; Earl Grey Tea 500g; Ground Coffee 250g; House Blend Beans 1kg
S00255,Quotation sent,2026-01-05T11:40:51+00:00,Sophie Lambert,S00255,,history,,Brasserie du Canal,Belgium,Sophie Lambert,Brussels DC,314.00,EUR,Descaler Tablets x10; Earl Grey Tea 500g; Ground Coffee 250g; House Blend Beans 1kg
S00255,Order confirmed,2026-01-06T07:56:08+00:00,Sophie Lambert,S00255,,history,,Brasserie du Canal,Belgium,Sophie Lambert,Brussels DC,314.00,EUR,Descaler Tablets x10; Earl Grey Tea 500g; Ground Coffee 250g; House Blend Beans 1kg
S00255,Goods shipped,2026-01-07T13:40:09+00:00,Marc Dubois,BRU/OUT/00107,,history,,Brasserie du Canal,Belgium,Sophie Lambert,Brussels DC,314.00,EUR,Descaler Tablets x10; Earl Grey Tea 500g; Ground Coffee 250g; House Blend Beans 1kg
S00255,Invoice posted,2026-01-08T08:10:43+00:00,Julie Martin,INV/2026/00004,,history,2026-02-07,Brasserie du Canal,Belgium,Sophie Lambert,Brussels DC,314.00,EUR,Descaler Tablets x10; Earl Grey Tea 500g; Ground Coffee 250g; House Blend Beans 1kg
S00255,Payment received,2026-03-16T07:54:03+00:00,Julie Martin,INV/2026/00004,,history,,Brasserie du Canal,Belgium,Sophie Lambert,Brussels DC,314.00,EUR,Descaler Tablets x10; Earl Grey Tea 500g; Ground Coffee 250g; House Blend Beans 1kg
S00256,Quotation created,2026-01-05T07:58:09+00:00,Sophie Lambert,S00256,,history,,Café des Arts Mons,Belgium,Sophie Lambert,Brussels DC,88.00,EUR,House Blend Beans 1kg; Oat Milk Barista 12x1L
S00256,Quotation sent,2026-01-05T13:44:02+00:00,Sophie Lambert,S00256,,history,,Café des Arts Mons,Belgium,Sophie Lambert,Brussels DC,88.00,EUR,House Blend Beans 1kg; Oat Milk Barista 12x1L
S00256,Order confirmed,2026-01-07T07:26:58+00:00,Sophie Lambert,S00256,,history,,Café des Arts Mons,Belgium,Sophie Lambert,Brussels DC,88.00,EUR,House Blend Beans 1kg; Oat Milk Barista 12x1L
S00256,Goods shipped,2026-01-07T14:51:23+00:00,Marc Dubois,BRU/OUT/00108,,history,,Café des Arts Mons,Belgium,Sophie Lambert,Brussels DC,88.00,EUR,House Blend Beans 1kg; Oat Milk Barista 12x1L
S00256,Invoice posted,2026-01-08T10:50:51+00:00,Julie Martin,INV/2026/00005,,history,2026-02-07,Café des Arts Mons,Belgium,Sophie Lambert,Brussels DC,88.00,EUR,House Blend Beans 1kg; Oat Milk Barista 12x1L
S00256,Payment received,2026-02-10T07:55:18+00:00,Julie Martin,INV/2026/00005,,history,,Café des Arts Mons,Belgium,Sophie Lambert,Brussels DC,88.00,EUR,House Blend Beans 1kg; Oat Milk Barista 12x1L
S00257,Quotation created,2026-01-06T08:24:55+00:00,Sophie Lambert,S00257,,history,,Co-Work Ixelles,Belgium,Sophie Lambert,Brussels DC,266.00,EUR,Cup Lids x1000; Espresso Beans Brazil 1kg
S00257,Quotation sent,2026-01-06T11:23:12+00:00,Sophie Lambert,S00257,,history,,Co-Work Ixelles,Belgium,Sophie Lambert,Brussels DC,266.00,EUR,Cup Lids x1000; Espresso Beans Brazil 1kg
S00257,Order confirmed,2026-01-08T07:50:55+00:00,Sophie Lambert,S00257,,history,,Co-Work Ixelles,Belgium,Sophie Lambert,Brussels DC,266.00,EUR,Cup Lids x1000; Espresso Beans Brazil 1kg
S00257,Delivery rescheduled,2026-01-09T07:21:17+00:00,Marc Dubois,BRU/OUT/00111,+1.0 days,history,,Co-Work Ixelles,Belgium,Sophie Lambert,Brussels DC,266.00,EUR,Cup Lids x1000; Espresso Beans Brazil 1kg
S00257,Goods shipped,2026-01-12T07:17:22+00:00,Marc Dubois,BRU/OUT/00111,,history,,Co-Work Ixelles,Belgium,Sophie Lambert,Brussels DC,266.00,EUR,Cup Lids x1000; Espresso Beans Brazil 1kg
S00257,Invoice posted,2026-01-13T10:24:07+00:00,Julie Martin,INV/2026/00012,,history,2026-02-12,Co-Work Ixelles,Belgium,Sophie Lambert,Brussels DC,266.00,EUR,Cup Lids x1000; Espresso Beans Brazil 1kg
S00257,Payment received,2026-02-09T07:02:06+00:00,Julie Martin,INV/2026/00012,,history,,Co-Work Ixelles,Belgium,Sophie Lambert,Brussels DC,266.00,EUR,Cup Lids x1000; Espresso Beans Brazil 1kg
S00258,Quotation created,2026-01-07T07:42:55+00:00,Sophie Lambert,S00258,,history,,Campus Kitchen Louvain,Belgium,Sophie Lambert,Brussels DC,120.00,EUR,Earl Grey Tea 500g
S00258,Quotation sent,2026-01-07T10:22:12+00:00,Sophie Lambert,S00258,,history,,Campus Kitchen Louvain,Belgium,Sophie Lambert,Brussels DC,120.00,EUR,Earl Grey Tea 500g
S00258,Order cancelled,2026-02-09T07:52:20+00:00,Sophie Lambert,S00258,,history,,Campus Kitchen Louvain,Belgium,Sophie Lambert,Brussels DC,120.00,EUR,Earl Grey Tea 500g
S00259,Quotation created,2026-01-07T09:03:25+00:00,Tom Peeters,S00259,,history,,Office Hub Leuven,Belgium,Tom Peeters,Brussels DC,567.00,EUR,Cup Lids x1000; House Blend Beans 1kg
S00259,Quotation sent,2026-01-07T13:29:48+00:00,Tom Peeters,S00259,,history,,Office Hub Leuven,Belgium,Tom Peeters,Brussels DC,567.00,EUR,Cup Lids x1000; House Blend Beans 1kg
S00259,Order confirmed,2026-01-12T07:00:13+00:00,Tom Peeters,S00259,,history,,Office Hub Leuven,Belgium,Tom Peeters,Brussels DC,567.00,EUR,Cup Lids x1000; House Blend Beans 1kg
S00259,Order changed after confirmation,2026-01-12T19:21:50+00:00,Tom Peeters,S00259,amount 442.00 -> 567.00,history,,Office Hub Leuven,Belgium,Tom Peeters,Brussels DC,567.00,EUR,Cup Lids x1000; House Blend Beans 1kg
S00259,Goods shipped,2026-01-13T07:43:28+00:00,Marc Dubois,BRU/OUT/00113,,history,,Office Hub Leuven,Belgium,Tom Peeters,Brussels DC,567.00,EUR,Cup Lids x1000; House Blend Beans 1kg
S00259,Invoice posted,2026-01-14T14:16:30+00:00,Julie Martin,INV/2026/00016,,history,2026-02-13,Office Hub Leuven,Belgium,Tom Peeters,Brussels DC,567.00,EUR,Cup Lids x1000; House Blend Beans 1kg
S00259,Payment received,2026-02-03T07:46:51+00:00,Julie Martin,INV/2026/00016,,history,,Office Hub Leuven,Belgium,Tom Peeters,Brussels DC,567.00,EUR,Cup Lids x1000; House Blend Beans 1kg
S00260,Quotation created,2026-01-07T11:28:09+00:00,Sophie Lambert,S00260,,history,,Bakkerij Zuid,Belgium,Sophie Lambert,Brussels DC,176.00,EUR,Espresso Beans Ethiopia 1kg; House Blend Beans 1kg
S00260,Quotation sent,2026-01-08T07:17:55+00:00,Sophie Lambert,S00260,,history,,Bakkerij Zuid,Belgium,Sophie Lambert,Brussels DC,176.00,EUR,Espresso Beans Ethiopia 1kg; House Blend Beans 1kg
S00260,Order confirmed,2026-01-09T07:33:04+00:00,Sophie Lambert,S00260,,history,,Bakkerij Zuid,Belgium,Sophie Lambert,Brussels DC,176.00,EUR,Espresso Beans Ethiopia 1kg; House Blend Beans 1kg
S00260,Goods shipped,2026-01-09T14:06:41+00:00,Marc Dubois,BRU/OUT/00112,,history,,Bakkerij Zuid,Belgium,Sophie Lambert,Brussels DC,176.00,EUR,Espresso Beans Ethiopia 1kg; House Blend Beans 1kg
S00260,Invoice posted,2026-01-12T08:31:35+00:00,Julie Martin,INV/2026/00008,,history,2026-02-11,Bakkerij Zuid,Belgium,Sophie Lambert,Brussels DC,176.00,EUR,Espresso Beans Ethiopia 1kg; House Blend Beans 1kg
S00261,Quotation created,2026-01-08T07:21:22+00:00,Piotr Zieliński,S00261,,history,,Bistro Kazimierz,Poland,Piotr Zieliński,Warsaw DC,1112.00,EUR,House Blend Beans 1kg; Paper Cups 12oz x1000
S00261,Quotation sent,2026-01-08T11:23:06+00:00,Piotr Zieliński,S00261,,history,,Bistro Kazimierz,Poland,Piotr Zieliński,Warsaw DC,1112.00,EUR,House Blend Beans 1kg; Paper Cups 12oz x1000
S00261,Order confirmed,2026-01-09T07:31:28+00:00,Piotr Zieliński,S00261,,history,,Bistro Kazimierz,Poland,Piotr Zieliński,Warsaw DC,1112.00,EUR,House Blend Beans 1kg; Paper Cups 12oz x1000
S00261,Goods shipped,2026-01-14T10:36:00+00:00,Ola Wiśniewska,WAW/OUT/00098,,history,,Bistro Kazimierz,Poland,Piotr Zieliński,Warsaw DC,1112.00,EUR,House Blend Beans 1kg; Paper Cups 12oz x1000
S00261,Invoice posted,2026-01-19T08:09:50+00:00,Anna Kowalczyk,INV/2026/00019,,history,2026-02-18,Bistro Kazimierz,Poland,Piotr Zieliński,Warsaw DC,1112.00,EUR,House Blend Beans 1kg; Paper Cups 12oz x1000
S00261,Payment received,2026-02-20T08:12:27+00:00,Anna Kowalczyk,INV/2026/00019,,history,,Bistro Kazimierz,Poland,Piotr Zieliński,Warsaw DC,1112.00,EUR,House Blend Beans 1kg; Paper Cups 12oz x1000
S00262,Quotation created,2026-01-09T12:18:41+00:00,Kasia Nowak,S00262,,history,,Kawiarnia Sopot Molo,Poland,Kasia Nowak,Warsaw DC,560.00,EUR,Oat Milk Barista 12x1L
S00262,Quotation sent,2026-01-12T07:12:54+00:00,Kasia Nowak,S00262,,history,,Kawiarnia Sopot Molo,Poland,Kasia Nowak,Warsaw DC,560.00,EUR,Oat Milk Barista 12x1L
S00262,Order confirmed,2026-01-12T12:15:28+00:00,Kasia Nowak,S00262,,history,,Kawiarnia Sopot Molo,Poland,Kasia Nowak,Warsaw DC,560.00,EUR,Oat Milk Barista 12x1L
S00262,Goods shipped,2026-01-14T07:46:31+00:00,Ola Wiśniewska,WAW/OUT/00099,,history,,Kawiarnia Sopot Molo,Poland,Kasia Nowak,Warsaw DC,560.00,EUR,Oat Milk Barista 12x1L
S00262,Invoice posted,2026-01-19T08:27:49+00:00,Anna Kowalczyk,INV/2026/00020,,history,2026-02-18,Kawiarnia Sopot Molo,Poland,Kasia Nowak,Warsaw DC,560.00,EUR,Oat Milk Barista 12x1L
S00262,Payment received,2026-02-17T07:43:47+00:00,Anna Kowalczyk,INV/2026/00020,,history,,Kawiarnia Sopot Molo,Poland,Kasia Nowak,Warsaw DC,560.00,EUR,Oat Milk Barista 12x1L
S00263,Quotation created,2026-01-12T07:05:21+00:00,Sophie Lambert,S00263,,history,,Co-Work Ixelles,Belgium,Sophie Lambert,Brussels DC,1130.00,EUR,Chai Latte Mix 1kg; Espresso Beans Ethiopia 1kg; Paper Cups 12oz x1000
S00263,Quotation sent,2026-01-12T12:43:47+00:00,Sophie Lambert,S00263,,history,,Co-Work Ixelles,Belgium,Sophie Lambert,Brussels DC,1130.00,EUR,Chai Latte Mix 1kg; Espresso Beans Ethiopia 1kg; Paper Cups 12oz x1000
S00263,Order confirmed,2026-01-14T07:20:24+00:00,Sophie Lambert,S00263,,history,,Co-Work Ixelles,Belgium,Sophie Lambert,Brussels DC,1130.00,EUR,Chai Latte Mix 1kg; Espresso Beans Ethiopia 1kg; Paper Cups 12oz x1000
S00263,Delivery rescheduled,2026-01-14T15:34:34+00:00,Marc Dubois,BRU/OUT/00117,+1.0 days,history,,Co-Work Ixelles,Belgium,Sophie Lambert,Brussels DC,1130.00,EUR,Chai Latte Mix 1kg; Espresso Beans Ethiopia 1kg; Paper Cups 12oz x1000
S00263,Goods shipped,2026-01-16T11:54:27+00:00,Marc Dubois,BRU/OUT/00117,,history,,Co-Work Ixelles,Belgium,Sophie Lambert,Brussels DC,1130.00,EUR,Chai Latte Mix 1kg; Espresso Beans Ethiopia 1kg; Paper Cups 12oz x1000
S00263,Invoice posted,2026-01-19T09:23:14+00:00,Julie Martin,INV/2026/00021,,history,2026-02-18,Co-Work Ixelles,Belgium,Sophie Lambert,Brussels DC,1130.00,EUR,Chai Latte Mix 1kg; Espresso Beans Ethiopia 1kg; Paper Cups 12oz x1000
S00264,Quotation created,2026-01-12T07:33:07+00:00,Sophie Lambert,S00264,,history,,Café des Arts Mons,Belgium,Sophie Lambert,Brussels DC,780.00,EUR,Espresso Beans Brazil 1kg; House Blend Beans 1kg; Vanilla Syrup 1L
S00264,Quotation sent,2026-01-12T09:59:13+00:00,Sophie Lambert,S00264,,history,,Café des Arts Mons,Belgium,Sophie Lambert,Brussels DC,780.00,EUR,Espresso Beans Brazil 1kg; House Blend Beans 1kg; Vanilla Syrup 1L
S00264,Order confirmed,2026-01-13T07:09:27+00:00,Sophie Lambert,S00264,,history,,Café des Arts Mons,Belgium,Sophie Lambert,Brussels DC,780.00,EUR,Espresso Beans Brazil 1kg; House Blend Beans 1kg; Vanilla Syrup 1L
S00264,Goods shipped,2026-01-15T07:27:36+00:00,Marc Dubois,BRU/OUT/00116,,history,,Café des Arts Mons,Belgium,Sophie Lambert,Brussels DC,780.00,EUR,Espresso Beans Brazil 1kg; House Blend Beans 1kg; Vanilla Syrup 1L
S00264,Invoice posted,2026-01-16T07:13:26+00:00,Julie Martin,INV/2026/00017,,history,2026-02-15,Café des Arts Mons,Belgium,Sophie Lambert,Brussels DC,780.00,EUR,Espresso Beans Brazil 1kg; House Blend Beans 1kg; Vanilla Syrup 1L
S00264,Payment received,2026-02-09T07:11:23+00:00,Julie Martin,INV/2026/00017,,history,,Café des Arts Mons,Belgium,Sophie Lambert,Brussels DC,780.00,EUR,Espresso Beans Brazil 1kg; House Blend Beans 1kg; Vanilla Syrup 1L
S00265,Quotation created,2026-01-12T07:33:28+00:00,Kasia Nowak,S00265,,history,,Kawiarnia Ogród,Poland,Kasia Nowak,Warsaw DC,125.00,EUR,Cup Lids x1000
S00265,Quotation sent,2026-01-12T08:14:01+00:00,Kasia Nowak,S00265,,history,,Kawiarnia Ogród,Poland,Kasia Nowak,Warsaw DC,125.00,EUR,Cup Lids x1000
S00265,Order confirmed,2026-01-13T07:13:53+00:00,Kasia Nowak,S00265,,history,,Kawiarnia Ogród,Poland,Kasia Nowak,Warsaw DC,125.00,EUR,Cup Lids x1000
S00265,Goods shipped,2026-01-15T07:15:22+00:00,Ola Wiśniewska,WAW/OUT/00100,,history,,Kawiarnia Ogród,Poland,Kasia Nowak,Warsaw DC,125.00,EUR,Cup Lids x1000
S00265,Invoice posted,2026-01-19T09:48:45+00:00,Anna Kowalczyk,INV/2026/00022,,history,2026-02-18,Kawiarnia Ogród,Poland,Kasia Nowak,Warsaw DC,125.00,EUR,Cup Lids x1000
S00265,Payment received,2026-02-16T07:30:46+00:00,Anna Kowalczyk,INV/2026/00022,,history,,Kawiarnia Ogród,Poland,Kasia Nowak,Warsaw DC,125.00,EUR,Cup Lids x1000
S00266,Quotation created,2026-01-12T09:10:48+00:00,Kasia Nowak,S00266,,history,,Café Nowa Huta,Poland,Kasia Nowak,Warsaw DC,250.00,EUR,Descaler Tablets x10; Paper Cups 12oz x1000
S00266,Quotation sent,2026-01-12T14:52:56+00:00,Kasia Nowak,S00266,,history,,Café Nowa Huta,Poland,Kasia Nowak,Warsaw DC,250.00,EUR,Descaler Tablets x10; Paper Cups 12oz x1000
S00266,Order confirmed,2026-01-14T09:40:36+00:00,Kasia Nowak,S00266,,history,,Café Nowa Huta,Poland,Kasia Nowak,Warsaw DC,250.00,EUR,Descaler Tablets x10; Paper Cups 12oz x1000
S00266,Invoice posted,2026-01-14T10:59:30+00:00,Anna Kowalczyk,INV/2026/00015,,history,2026-02-13,Café Nowa Huta,Poland,Kasia Nowak,Warsaw DC,250.00,EUR,Descaler Tablets x10; Paper Cups 12oz x1000
S00266,Goods shipped,2026-01-15T07:59:00+00:00,Ola Wiśniewska,WAW/OUT/00101,,history,,Café Nowa Huta,Poland,Kasia Nowak,Warsaw DC,250.00,EUR,Descaler Tablets x10; Paper Cups 12oz x1000
S00266,Credit note posted,2026-01-26T09:40:53+00:00,Anna Kowalczyk,RINV/2026/00002,,history,,Café Nowa Huta,Poland,Kasia Nowak,Warsaw DC,250.00,EUR,Descaler Tablets x10; Paper Cups 12oz x1000
S00266,Payment received,2026-02-13T07:25:05+00:00,Anna Kowalczyk,INV/2026/00015,,history,,Café Nowa Huta,Poland,Kasia Nowak,Warsaw DC,250.00,EUR,Descaler Tablets x10; Paper Cups 12oz x1000
S00267,Quotation created,2026-01-14T12:37:23+00:00,Piotr Zieliński,S00267,,history,,Coworking Praga,Poland,Piotr Zieliński,Warsaw DC,432.00,EUR,Espresso Beans Brazil 1kg
S00267,Quotation sent,2026-01-15T07:28:53+00:00,Piotr Zieliński,S00267,,history,,Coworking Praga,Poland,Piotr Zieliński,Warsaw DC,432.00,EUR,Espresso Beans Brazil 1kg
S00267,Order confirmed,2026-01-19T07:34:36+00:00,Piotr Zieliński,S00267,,history,,Coworking Praga,Poland,Piotr Zieliński,Warsaw DC,432.00,EUR,Espresso Beans Brazil 1kg
S00267,Invoice posted,2026-01-19T13:04:47+00:00,Anna Kowalczyk,INV/2026/00023,,history,2026-02-18,Coworking Praga,Poland,Piotr Zieliński,Warsaw DC,432.00,EUR,Espresso Beans Brazil 1kg
S00267,Goods shipped,2026-01-20T07:51:43+00:00,Ola Wiśniewska,WAW/OUT/00103,,history,,Coworking Praga,Poland,Piotr Zieliński,Warsaw DC,432.00,EUR,Espresso Beans Brazil 1kg
S00267,Payment received,2026-03-30T06:02:59+00:00,Anna Kowalczyk,INV/2026/00023,,history,,Coworking Praga,Poland,Piotr Zieliński,Warsaw DC,432.00,EUR,Espresso Beans Brazil 1kg
S00268,Quotation created,2026-01-15T08:53:19+00:00,Tom Peeters,S00268,,history,,Brasserie du Canal,Belgium,Tom Peeters,Brussels DC,480.00,EUR,Espresso Beans Ethiopia 1kg
S00268,Quotation sent,2026-01-15T10:25:33+00:00,Tom Peeters,S00268,,history,,Brasserie du Canal,Belgium,Tom Peeters,Brussels DC,480.00,EUR,Espresso Beans Ethiopia 1kg
S00268,Order cancelled,2026-02-17T07:34:24+00:00,Tom Peeters,S00268,,history,,Brasserie du Canal,Belgium,Tom Peeters,Brussels DC,480.00,EUR,Espresso Beans Ethiopia 1kg
S00269,Quotation created,2026-01-19T07:20:13+00:00,Sophie Lambert,S00269,,history,,Koffiebar Meir,Belgium,Sophie Lambert,Brussels DC,900.00,EUR,Paper Cups 12oz x1000
S00269,Quotation sent,2026-01-19T09:53:58+00:00,Sophie Lambert,S00269,,history,,Koffiebar Meir,Belgium,Sophie Lambert,Brussels DC,900.00,EUR,Paper Cups 12oz x1000
S00269,Order confirmed,2026-01-20T07:47:35+00:00,Sophie Lambert,S00269,,history,,Koffiebar Meir,Belgium,Sophie Lambert,Brussels DC,900.00,EUR,Paper Cups 12oz x1000
S00269,Goods shipped,2026-01-21T07:37:25+00:00,Marc Dubois,BRU/OUT/00119,,history,,Koffiebar Meir,Belgium,Sophie Lambert,Brussels DC,900.00,EUR,Paper Cups 12oz x1000
S00269,Invoice posted,2026-01-22T13:54:05+00:00,Julie Martin,INV/2026/00025,,history,2026-02-21,Koffiebar Meir,Belgium,Sophie Lambert,Brussels DC,900.00,EUR,Paper Cups 12oz x1000
S00269,Payment received,2026-02-20T07:43:27+00:00,Julie Martin,INV/2026/00025,,history,,Koffiebar Meir,Belgium,Sophie Lambert,Brussels DC,900.00,EUR,Paper Cups 12oz x1000
S00270,Quotation created,2026-01-19T07:36:40+00:00,Kasia Nowak,S00270,,history,,Kawiarnia Sopot Molo,Poland,Kasia Nowak,Warsaw DC,290.00,EUR,House Blend Beans 1kg; Oat Milk Barista 12x1L; Vanilla Syrup 1L
S00270,Quotation sent,2026-01-19T10:30:23+00:00,Kasia Nowak,S00270,,history,,Kawiarnia Sopot Molo,Poland,Kasia Nowak,Warsaw DC,290.00,EUR,House Blend Beans 1kg; Oat Milk Barista 12x1L; Vanilla Syrup 1L
S00270,Order cancelled,2026-02-25T07:10:23+00:00,Kasia Nowak,S00270,,history,,Kawiarnia Sopot Molo,Poland,Kasia Nowak,Warsaw DC,290.00,EUR,House Blend Beans 1kg; Oat Milk Barista 12x1L; Vanilla Syrup 1L
S00271,Quotation created,2026-01-19T09:40:01+00:00,Piotr Zieliński,S00271,,history,,Bistro Kazimierz,Poland,Piotr Zieliński,Warsaw DC,644.00,EUR,Green Tea Sencha 500g; Oat Milk Barista 12x1L
S00271,Quotation sent,2026-01-19T13:16:06+00:00,Piotr Zieliński,S00271,,history,,Bistro Kazimierz,Poland,Piotr Zieliński,Warsaw DC,644.00,EUR,Green Tea Sencha 500g; Oat Milk Barista 12x1L
S00271,Order cancelled,2026-02-26T15:50:07+00:00,Piotr Zieliński,S00271,,history,,Bistro Kazimierz,Poland,Piotr Zieliński,Warsaw DC,644.00,EUR,Green Tea Sencha 500g; Oat Milk Barista 12x1L
S00272,Quotation created,2026-01-19T11:55:45+00:00,Piotr Zieliński,S00272,,history,,Piekarnia Żoliborz,Poland,Piotr Zieliński,Warsaw DC,654.00,EUR,Cup Lids x1000; Espresso Beans Brazil 1kg; House Blend Beans 1kg
S00272,Quotation sent,2026-01-19T14:37:13+00:00,Piotr Zieliński,S00272,,history,,Piekarnia Żoliborz,Poland,Piotr Zieliński,Warsaw DC,654.00,EUR,Cup Lids x1000; Espresso Beans Brazil 1kg; House Blend Beans 1kg
S00272,Order confirmed,2026-01-20T07:05:57+00:00,Piotr Zieliński,S00272,,history,,Piekarnia Żoliborz,Poland,Piotr Zieliński,Warsaw DC,654.00,EUR,Cup Lids x1000; Espresso Beans Brazil 1kg; House Blend Beans 1kg
S00272,Goods shipped,2026-01-21T13:12:10+00:00,Ola Wiśniewska,WAW/OUT/00104,,history,,Piekarnia Żoliborz,Poland,Piotr Zieliński,Warsaw DC,654.00,EUR,Cup Lids x1000; Espresso Beans Brazil 1kg; House Blend Beans 1kg
S00272,Invoice posted,2026-01-23T13:58:10+00:00,Anna Kowalczyk,INV/2026/00027,,history,2026-02-22,Piekarnia Żoliborz,Poland,Piotr Zieliński,Warsaw DC,654.00,EUR,Cup Lids x1000; Espresso Beans Brazil 1kg; House Blend Beans 1kg
S00272,Payment received,2026-02-04T07:55:52+00:00,Anna Kowalczyk,INV/2026/00027,,history,,Piekarnia Żoliborz,Poland,Piotr Zieliński,Warsaw DC,654.00,EUR,Cup Lids x1000; Espresso Beans Brazil 1kg; House Blend Beans 1kg
S00273,Quotation created,2026-01-19T13:04:05+00:00,Sophie Lambert,S00273,,history,,Café des Arts Mons,Belgium,Sophie Lambert,Brussels DC,584.00,EUR,Barista Apron; Espresso Beans Brazil 1kg; House Blend Beans 1kg
S00273,Quotation sent,2026-01-19T13:34:47+00:00,Sophie Lambert,S00273,,history,,Café des Arts Mons,Belgium,Sophie Lambert,Brussels DC,584.00,EUR,Barista Apron; Espresso Beans Brazil 1kg; House Blend Beans 1kg
S00273,Order confirmed,2026-01-20T07:26:47+00:00,Sophie Lambert,S00273,,history,,Café des Arts Mons,Belgium,Sophie Lambert,Brussels DC,584.00,EUR,Barista Apron; Espresso Beans Brazil 1kg; House Blend Beans 1kg
S00273,Goods shipped,2026-01-20T12:57:50+00:00,Marc Dubois,BRU/OUT/00118,,history,,Café des Arts Mons,Belgium,Sophie Lambert,Brussels DC,584.00,EUR,Barista Apron; Espresso Beans Brazil 1kg; House Blend Beans 1kg
S00273,Invoice posted,2026-01-21T08:46:50+00:00,Julie Martin,INV/2026/00024,,history,2026-02-20,Café des Arts Mons,Belgium,Sophie Lambert,Brussels DC,584.00,EUR,Barista Apron; Espresso Beans Brazil 1kg; House Blend Beans 1kg
S00273,Payment received,2026-02-13T07:27:49+00:00,Julie Martin,INV/2026/00024,,history,,Café des Arts Mons,Belgium,Sophie Lambert,Brussels DC,584.00,EUR,Barista Apron; Espresso Beans Brazil 1kg; House Blend Beans 1kg
S00274,Quotation created,2026-01-20T09:28:04+00:00,Piotr Zieliński,S00274,,history,,Coworking Praga,Poland,Piotr Zieliński,Warsaw DC,1528.00,EUR,Earl Grey Tea 500g; House Blend Beans 1kg; Paper Cups 12oz x1000
S00274,Order confirmed,2026-01-21T07:36:56+00:00,Piotr Zieliński,S00274,,history,,Coworking Praga,Poland,Piotr Zieliński,Warsaw DC,1528.00,EUR,Earl Grey Tea 500g; House Blend Beans 1kg; Paper Cups 12oz x1000
S00274,Goods shipped,2026-01-21T13:43:05+00:00,Ola Wiśniewska,WAW/OUT/00105,,history,,Coworking Praga,Poland,Piotr Zieliński,Warsaw DC,1528.00,EUR,Earl Grey Tea 500g; House Blend Beans 1kg; Paper Cups 12oz x1000
S00274,Invoice posted,2026-01-23T13:07:50+00:00,Anna Kowalczyk,INV/2026/00026,,history,2026-02-22,Coworking Praga,Poland,Piotr Zieliński,Warsaw DC,1528.00,EUR,Earl Grey Tea 500g; House Blend Beans 1kg; Paper Cups 12oz x1000
S00274,Payment received,2026-03-13T07:15:11+00:00,Anna Kowalczyk,INV/2026/00026,,history,,Coworking Praga,Poland,Piotr Zieliński,Warsaw DC,1528.00,EUR,Earl Grey Tea 500g; House Blend Beans 1kg; Paper Cups 12oz x1000
S00275,Quotation created,2026-01-20T11:12:09+00:00,Kasia Nowak,S00275,,history,,Cukiernia Stare Miasto,Poland,Kasia Nowak,Warsaw DC,284.00,EUR,Espresso Beans Brazil 1kg; Green Tea Sencha 500g; Ground Coffee 250g
S00275,Quotation sent,2026-01-20T12:52:03+00:00,Kasia Nowak,S00275,,history,,Cukiernia Stare Miasto,Poland,Kasia Nowak,Warsaw DC,284.00,EUR,Espresso Beans Brazil 1kg; Green Tea Sencha 500g; Ground Coffee 250g
S00275,Order confirmed,2026-01-26T07:42:20+00:00,Kasia Nowak,S00275,,history,,Cukiernia Stare Miasto,Poland,Kasia Nowak,Warsaw DC,284.00,EUR,Espresso Beans Brazil 1kg; Green Tea Sencha 500g; Ground Coffee 250g
S00275,Goods shipped,2026-01-27T10:31:18+00:00,Ola Wiśniewska,WAW/OUT/00107,,history,,Cukiernia Stare Miasto,Poland,Kasia Nowak,Warsaw DC,284.00,EUR,Espresso Beans Brazil 1kg; Green Tea Sencha 500g; Ground Coffee 250g
S00275,Invoice posted,2026-01-29T09:11:36+00:00,Anna Kowalczyk,INV/2026/00029,,history,2026-02-28,Cukiernia Stare Miasto,Poland,Kasia Nowak,Warsaw DC,284.00,EUR,Espresso Beans Brazil 1kg; Green Tea Sencha 500g; Ground Coffee 250g
S00275,Payment received,2026-03-04T07:45:14+00:00,Anna Kowalczyk,INV/2026/00029,,history,,Cukiernia Stare Miasto,Poland,Kasia Nowak,Warsaw DC,284.00,EUR,Espresso Beans Brazil 1kg; Green Tea Sencha 500g; Ground Coffee 250g
S00276,Quotation created,2026-01-21T15:17:08+00:00,Piotr Zieliński,S00276,,history,,Hotel Nad Wisłą,Poland,Piotr Zieliński,Warsaw DC,572.00,EUR,Decaf Colombia Beans 1kg; Earl Grey Tea 500g; House Blend Beans 1kg
S00276,Order confirmed,2026-01-23T13:50:57+00:00,Piotr Zieliński,S00276,,history,,Hotel Nad Wisłą,Poland,Piotr Zieliński,Warsaw DC,572.00,EUR,Decaf Colombia Beans 1kg; Earl Grey Tea 500g; House Blend Beans 1kg
S00276,Goods shipped,2026-01-27T13:39:00+00:00,Ola Wiśniewska,WAW/OUT/00106,,history,,Hotel Nad Wisłą,Poland,Piotr Zieliński,Warsaw DC,572.00,EUR,Decaf Colombia Beans 1kg; Earl Grey Tea 500g; House Blend Beans 1kg
S00276,Invoice posted,2026-01-29T09:05:48+00:00,Anna Kowalczyk,INV/2026/00028,,history,2026-02-28,Hotel Nad Wisłą,Poland,Piotr Zieliński,Warsaw DC,572.00,EUR,Decaf Colombia Beans 1kg; Earl Grey Tea 500g; House Blend Beans 1kg
S00276,Payment received,2026-04-06T06:33:53+00:00,Anna Kowalczyk,INV/2026/00028,,history,,Hotel Nad Wisłą,Poland,Piotr Zieliński,Warsaw DC,572.00,EUR,Decaf Colombia Beans 1kg; Earl Grey Tea 500g; House Blend Beans 1kg
S00277,Quotation created,2026-01-22T08:31:33+00:00,Kasia Nowak,S00277,,history,,Kawiarnia Sopot Molo,Poland,Kasia Nowak,Warsaw DC,2984.00,EUR,Espresso Beans Brazil 1kg; Espresso Machine Pro; Ground Coffee 250g; House Blend Beans 1kg
S00277,Quotation sent,2026-01-22T14:01:33+00:00,Kasia Nowak,S00277,,history,,Kawiarnia Sopot Molo,Poland,Kasia Nowak,Warsaw DC,2984.00,EUR,Espresso Beans Brazil 1kg; Espresso Machine Pro; Ground Coffee 250g; House Blend Beans 1kg
S00277,Order confirmed,2026-01-26T08:49:15+00:00,Kasia Nowak,S00277,,history,,Kawiarnia Sopot Molo,Poland,Kasia Nowak,Warsaw DC,2984.00,EUR,Espresso Beans Brazil 1kg; Espresso Machine Pro; Ground Coffee 250g; House Blend Beans 1kg
S00277,Goods shipped,2026-01-28T07:34:59+00:00,Ola Wiśniewska,WAW/OUT/00108,,history,,Kawiarnia Sopot Molo,Poland,Kasia Nowak,Warsaw DC,2984.00,EUR,Espresso Beans Brazil 1kg; Espresso Machine Pro; Ground Coffee 250g; House Blend Beans 1kg
S00277,Invoice posted,2026-01-29T09:26:35+00:00,Anna Kowalczyk,INV/2026/00030,,history,2026-02-28,Kawiarnia Sopot Molo,Poland,Kasia Nowak,Warsaw DC,2984.00,EUR,Espresso Beans Brazil 1kg; Espresso Machine Pro; Ground Coffee 250g; House Blend Beans 1kg
S00277,Payment received,2026-02-24T07:03:05+00:00,Anna Kowalczyk,INV/2026/00030,,history,,Kawiarnia Sopot Molo,Poland,Kasia Nowak,Warsaw DC,2984.00,EUR,Espresso Beans Brazil 1kg; Espresso Machine Pro; Ground Coffee 250g; House Blend Beans 1kg
S00278,Quotation created,2026-01-22T12:13:28+00:00,Tom Peeters,S00278,,history,,Espresso Point Wavre,Belgium,Tom Peeters,Brussels DC,1000.00,EUR,Cup Lids x1000; Paper Cups 12oz x1000
S00278,Quotation sent,2026-01-22T13:52:23+00:00,Tom Peeters,S00278,,history,,Espresso Point Wavre,Belgium,Tom Peeters,Brussels DC,1000.00,EUR,Cup Lids x1000; Paper Cups 12oz x1000
S00279,Quotation created,2026-01-22T14:29:26+00:00,Kasia Nowak,S00279,,history,,Piekarnia Żoliborz,Poland,Kasia Nowak,Warsaw DC,1108.00,EUR,Coffee Grinder Compact; Espresso Beans Brazil 1kg; House Blend Beans 1kg; Oat Milk Barista 12x1L
S00279,Quotation sent,2026-01-23T07:56:18+00:00,Kasia Nowak,S00279,,history,,Piekarnia Żoliborz,Poland,Kasia Nowak,Warsaw DC,1108.00,EUR,Coffee Grinder Compact; Espresso Beans Brazil 1kg; House Blend Beans 1kg; Oat Milk Barista 12x1L
S00279,Order confirmed,2026-01-28T07:39:57+00:00,Kasia Nowak,S00279,,history,,Piekarnia Żoliborz,Poland,Kasia Nowak,Warsaw DC,1108.00,EUR,Coffee Grinder Compact; Espresso Beans Brazil 1kg; House Blend Beans 1kg; Oat Milk Barista 12x1L
S00279,Goods shipped,2026-01-30T07:05:26+00:00,Ola Wiśniewska,WAW/OUT/00110,,history,,Piekarnia Żoliborz,Poland,Kasia Nowak,Warsaw DC,1108.00,EUR,Coffee Grinder Compact; Espresso Beans Brazil 1kg; House Blend Beans 1kg; Oat Milk Barista 12x1L
S00279,Invoice posted,2026-02-03T10:08:17+00:00,Anna Kowalczyk,INV/2026/00032,,history,2026-03-05,Piekarnia Żoliborz,Poland,Kasia Nowak,Warsaw DC,1108.00,EUR,Coffee Grinder Compact; Espresso Beans Brazil 1kg; House Blend Beans 1kg; Oat Milk Barista 12x1L
S00279,Credit note posted,2026-02-11T14:04:20+00:00,Anna Kowalczyk,RINV/2026/00003,,history,,Piekarnia Żoliborz,Poland,Kasia Nowak,Warsaw DC,1108.00,EUR,Coffee Grinder Compact; Espresso Beans Brazil 1kg; House Blend Beans 1kg; Oat Milk Barista 12x1L
S00279,Payment received,2026-02-25T07:09:58+00:00,Anna Kowalczyk,INV/2026/00032,,history,,Piekarnia Żoliborz,Poland,Kasia Nowak,Warsaw DC,1108.00,EUR,Coffee Grinder Compact; Espresso Beans Brazil 1kg; House Blend Beans 1kg; Oat Milk Barista 12x1L
S00280,Quotation created,2026-01-23T08:33:54+00:00,Kasia Nowak,S00280,,history,,Bistro Kazimierz,Poland,Kasia Nowak,Warsaw DC,1224.00,EUR,Ground Coffee 250g; Paper Cups 12oz x1000
S00280,Quotation sent,2026-01-23T10:05:27+00:00,Kasia Nowak,S00280,,history,,Bistro Kazimierz,Poland,Kasia Nowak,Warsaw DC,1224.00,EUR,Ground Coffee 250g; Paper Cups 12oz x1000
S00280,Order cancelled,2026-02-23T07:45:11+00:00,Kasia Nowak,S00280,,history,,Bistro Kazimierz,Poland,Kasia Nowak,Warsaw DC,1224.00,EUR,Ground Coffee 250g; Paper Cups 12oz x1000
S00281,Quotation created,2026-01-26T07:11:09+00:00,Kasia Nowak,S00281,,history,,Kawiarnia Sopot Molo,Poland,Kasia Nowak,Warsaw DC,536.00,EUR,Espresso Beans Brazil 1kg; House Blend Beans 1kg
S00281,Quotation sent,2026-01-26T12:52:56+00:00,Kasia Nowak,S00281,,history,,Kawiarnia Sopot Molo,Poland,Kasia Nowak,Warsaw DC,536.00,EUR,Espresso Beans Brazil 1kg; House Blend Beans 1kg
S00281,Order confirmed,2026-01-27T07:36:56+00:00,Kasia Nowak,S00281,,history,,Kawiarnia Sopot Molo,Poland,Kasia Nowak,Warsaw DC,536.00,EUR,Espresso Beans Brazil 1kg; House Blend Beans 1kg
S00281,Goods shipped,2026-01-28T07:07:18+00:00,Ola Wiśniewska,WAW/OUT/00109,,history,,Kawiarnia Sopot Molo,Poland,Kasia Nowak,Warsaw DC,536.00,EUR,Espresso Beans Brazil 1kg; House Blend Beans 1kg
S00281,Invoice posted,2026-02-02T08:09:38+00:00,Anna Kowalczyk,INV/2026/00031,,history,2026-03-04,Kawiarnia Sopot Molo,Poland,Kasia Nowak,Warsaw DC,536.00,EUR,Espresso Beans Brazil 1kg; House Blend Beans 1kg
S00281,Payment received,2026-03-09T07:42:17+00:00,Anna Kowalczyk,INV/2026/00031,,history,,Kawiarnia Sopot Molo,Poland,Kasia Nowak,Warsaw DC,536.00,EUR,Espresso Beans Brazil 1kg; House Blend Beans 1kg
S00282,Quotation created,2026-01-26T07:28:57+00:00,Sophie Lambert,S00282,,history,,Business Park Diegem,Belgium,Sophie Lambert,Brussels DC,484.00,EUR,Cup Lids x1000; House Blend Beans 1kg
S00282,Quotation sent,2026-01-26T12:31:05+00:00,Sophie Lambert,S00282,,history,,Business Park Diegem,Belgium,Sophie Lambert,Brussels DC,484.00,EUR,Cup Lids x1000; House Blend Beans 1kg
S00282,Order confirmed,2026-01-27T07:22:59+00:00,Sophie Lambert,S00282,,history,,Business Park Diegem,Belgium,Sophie Lambert,Brussels DC,484.00,EUR,Cup Lids x1000; House Blend Beans 1kg
S00282,Order cancelled,2026-01-27T15:45:32+00:00,Sophie Lambert,S00282,,history,,Business Park Diegem,Belgium,Sophie Lambert,Brussels DC,484.00,EUR,Cup Lids x1000; House Blend Beans 1kg
S00283,Quotation created,2026-01-29T13:09:15+00:00,Tom Peeters,S00283,,history,,Hotel Lindenhof,Belgium,Tom Peeters,Brussels DC,88.00,EUR,House Blend Beans 1kg; Oat Milk Barista 12x1L
S00283,Quotation sent,2026-01-30T07:50:11+00:00,Tom Peeters,S00283,,history,,Hotel Lindenhof,Belgium,Tom Peeters,Brussels DC,88.00,EUR,House Blend Beans 1kg; Oat Milk Barista 12x1L
S00283,Order cancelled,2026-02-16T07:55:24+00:00,Tom Peeters,S00283,,history,,Hotel Lindenhof,Belgium,Tom Peeters,Brussels DC,88.00,EUR,House Blend Beans 1kg; Oat Milk Barista 12x1L
S00284,Quotation created,2026-01-30T12:14:24+00:00,Tom Peeters,S00284,,history,,Bakkerij Zuid,Belgium,Tom Peeters,Brussels DC,504.00,EUR,Decaf Colombia Beans 1kg; Espresso Beans Brazil 1kg; Vanilla Syrup 1L
S00284,Quotation sent,2026-01-30T13:56:35+00:00,Tom Peeters,S00284,,history,,Bakkerij Zuid,Belgium,Tom Peeters,Brussels DC,504.00,EUR,Decaf Colombia Beans 1kg; Espresso Beans Brazil 1kg; Vanilla Syrup 1L
S00284,Order confirmed,2026-02-02T07:52:31+00:00,Tom Peeters,S00284,,history,,Bakkerij Zuid,Belgium,Tom Peeters,Brussels DC,504.00,EUR,Decaf Colombia Beans 1kg; Espresso Beans Brazil 1kg; Vanilla Syrup 1L
S00284,Goods shipped,2026-02-03T07:10:46+00:00,Marc Dubois,BRU/OUT/00121,,history,,Bakkerij Zuid,Belgium,Tom Peeters,Brussels DC,504.00,EUR,Decaf Colombia Beans 1kg; Espresso Beans Brazil 1kg; Vanilla Syrup 1L
S00284,Invoice posted,2026-02-03T13:44:11+00:00,Julie Martin,INV/2026/00033,,history,2026-03-05,Bakkerij Zuid,Belgium,Tom Peeters,Brussels DC,504.00,EUR,Decaf Colombia Beans 1kg; Espresso Beans Brazil 1kg; Vanilla Syrup 1L
S00284,Payment received,2026-02-20T07:02:53+00:00,Julie Martin,INV/2026/00033,,history,,Bakkerij Zuid,Belgium,Tom Peeters,Brussels DC,504.00,EUR,Decaf Colombia Beans 1kg; Espresso Beans Brazil 1kg; Vanilla Syrup 1L
S00285,Quotation created,2026-02-03T08:38:51+00:00,Sophie Lambert,S00285,,history,,Café Parvis,Belgium,Sophie Lambert,Brussels DC,496.00,EUR,Ground Coffee 250g; House Blend Beans 1kg; Oat Milk Barista 12x1L
S00285,Order confirmed,2026-02-04T07:21:54+00:00,Sophie Lambert,S00285,,history,,Café Parvis,Belgium,Sophie Lambert,Brussels DC,496.00,EUR,Ground Coffee 250g; House Blend Beans 1kg; Oat Milk Barista 12x1L
S00285,Goods shipped,2026-02-05T14:33:27+00:00,Marc Dubois,BRU/OUT/00122,,history,,Café Parvis,Belgium,Sophie Lambert,Brussels DC,496.00,EUR,Ground Coffee 250g; House Blend Beans 1kg; Oat Milk Barista 12x1L
S00285,Invoice posted,2026-02-06T08:14:21+00:00,Julie Martin,INV/2026/00034,,history,2026-03-08,Café Parvis,Belgium,Sophie Lambert,Brussels DC,496.00,EUR,Ground Coffee 250g; House Blend Beans 1kg; Oat Milk Barista 12x1L
S00285,Payment received,2026-03-03T07:39:46+00:00,Julie Martin,INV/2026/00034,,history,,Café Parvis,Belgium,Sophie Lambert,Brussels DC,496.00,EUR,Ground Coffee 250g; House Blend Beans 1kg; Oat Milk Barista 12x1L
S00286,Quotation created,2026-02-04T08:32:04+00:00,Kasia Nowak,S00286,,history,,Coworking Praga,Poland,Kasia Nowak,Warsaw DC,300.00,EUR,Earl Grey Tea 500g; Espresso Beans Brazil 1kg; Espresso Beans Ethiopia 1kg
S00286,Quotation sent,2026-02-04T11:05:30+00:00,Kasia Nowak,S00286,,history,,Coworking Praga,Poland,Kasia Nowak,Warsaw DC,300.00,EUR,Earl Grey Tea 500g; Espresso Beans Brazil 1kg; Espresso Beans Ethiopia 1kg
S00286,Order confirmed,2026-02-06T07:27:22+00:00,Kasia Nowak,S00286,,history,,Coworking Praga,Poland,Kasia Nowak,Warsaw DC,300.00,EUR,Earl Grey Tea 500g; Espresso Beans Brazil 1kg; Espresso Beans Ethiopia 1kg
S00286,Invoice posted,2026-02-06T12:13:23+00:00,Anna Kowalczyk,INV/2026/00035,,history,2026-03-08,Coworking Praga,Poland,Kasia Nowak,Warsaw DC,300.00,EUR,Earl Grey Tea 500g; Espresso Beans Brazil 1kg; Espresso Beans Ethiopia 1kg
S00286,Goods shipped,2026-02-10T13:16:00+00:00,Ola Wiśniewska,WAW/OUT/00111,,history,,Coworking Praga,Poland,Kasia Nowak,Warsaw DC,300.00,EUR,Earl Grey Tea 500g; Espresso Beans Brazil 1kg; Espresso Beans Ethiopia 1kg
S00286,Payment received,2026-05-05T09:11:28+00:00,Anna Kowalczyk,INV/2026/00035,,history,,Coworking Praga,Poland,Kasia Nowak,Warsaw DC,300.00,EUR,Earl Grey Tea 500g; Espresso Beans Brazil 1kg; Espresso Beans Ethiopia 1kg
S00287,Quotation created,2026-02-04T08:46:12+00:00,Tom Peeters,S00287,,history,,Hotel Atelier Bruges,Belgium,Tom Peeters,Brussels DC,2848.00,EUR,Espresso Machine Pro; Green Tea Sencha 500g; Oat Milk Barista 12x1L
S00287,Quotation sent,2026-02-04T13:18:48+00:00,Tom Peeters,S00287,,history,,Hotel Atelier Bruges,Belgium,Tom Peeters,Brussels DC,2848.00,EUR,Espresso Machine Pro; Green Tea Sencha 500g; Oat Milk Barista 12x1L
S00287,Order confirmed,2026-02-05T07:17:46+00:00,Tom Peeters,S00287,,history,,Hotel Atelier Bruges,Belgium,Tom Peeters,Brussels DC,2848.00,EUR,Espresso Machine Pro; Green Tea Sencha 500g; Oat Milk Barista 12x1L
S00287,Delivery rescheduled,2026-02-09T07:53:12+00:00,Marc Dubois,BRU/OUT/00123,+5.0 days,history,,Hotel Atelier Bruges,Belgium,Tom Peeters,Brussels DC,2848.00,EUR,Espresso Machine Pro; Green Tea Sencha 500g; Oat Milk Barista 12x1L
S00287,Delivery rescheduled,2026-02-11T07:11:19+00:00,Marc Dubois,BRU/OUT/00123,+3.0 days,history,,Hotel Atelier Bruges,Belgium,Tom Peeters,Brussels DC,2848.00,EUR,Espresso Machine Pro; Green Tea Sencha 500g; Oat Milk Barista 12x1L
S00287,Goods shipped,2026-02-16T07:08:17+00:00,Marc Dubois,BRU/OUT/00123,,history,,Hotel Atelier Bruges,Belgium,Tom Peeters,Brussels DC,2848.00,EUR,Espresso Machine Pro; Green Tea Sencha 500g; Oat Milk Barista 12x1L
S00287,Invoice posted,2026-02-17T09:45:31+00:00,Julie Martin,INV/2026/00040,,history,2026-03-19,Hotel Atelier Bruges,Belgium,Tom Peeters,Brussels DC,2848.00,EUR,Espresso Machine Pro; Green Tea Sencha 500g; Oat Milk Barista 12x1L
S00288,Quotation created,2026-02-05T12:49:33+00:00,Tom Peeters,S00288,,history,,Hotel Lindenhof,Belgium,Tom Peeters,Brussels DC,240.00,EUR,Chai Latte Mix 1kg; Espresso Beans Brazil 1kg; Vanilla Syrup 1L
S00288,Quotation sent,2026-02-06T07:59:39+00:00,Tom Peeters,S00288,,history,,Hotel Lindenhof,Belgium,Tom Peeters,Brussels DC,240.00,EUR,Chai Latte Mix 1kg; Espresso Beans Brazil 1kg; Vanilla Syrup 1L
S00288,Order confirmed,2026-02-09T07:12:49+00:00,Tom Peeters,S00288,,history,,Hotel Lindenhof,Belgium,Tom Peeters,Brussels DC,240.00,EUR,Chai Latte Mix 1kg; Espresso Beans Brazil 1kg; Vanilla Syrup 1L
S00288,Order changed after confirmation,2026-02-10T07:30:41+00:00,Tom Peeters,S00288,amount 221.00 -> 240.00,history,,Hotel Lindenhof,Belgium,Tom Peeters,Brussels DC,240.00,EUR,Chai Latte Mix 1kg; Espresso Beans Brazil 1kg; Vanilla Syrup 1L
S00288,Goods shipped,2026-02-10T07:42:10+00:00,Marc Dubois,BRU/OUT/00124,,history,,Hotel Lindenhof,Belgium,Tom Peeters,Brussels DC,240.00,EUR,Chai Latte Mix 1kg; Espresso Beans Brazil 1kg; Vanilla Syrup 1L
S00288,Invoice posted,2026-02-11T09:38:14+00:00,Julie Martin,INV/2026/00036,,history,2026-03-13,Hotel Lindenhof,Belgium,Tom Peeters,Brussels DC,240.00,EUR,Chai Latte Mix 1kg; Espresso Beans Brazil 1kg; Vanilla Syrup 1L
S00288,Payment received,2026-03-09T07:54:53+00:00,Julie Martin,INV/2026/00036,,history,,Hotel Lindenhof,Belgium,Tom Peeters,Brussels DC,240.00,EUR,Chai Latte Mix 1kg; Espresso Beans Brazil 1kg; Vanilla Syrup 1L
S00289,Quotation created,2026-02-06T09:55:21+00:00,Kasia Nowak,S00289,,history,,Café Nowa Huta,Poland,Kasia Nowak,Warsaw DC,176.00,EUR,Espresso Beans Brazil 1kg; Green Tea Sencha 500g
S00289,Quotation sent,2026-02-06T15:37:24+00:00,Kasia Nowak,S00289,,history,,Café Nowa Huta,Poland,Kasia Nowak,Warsaw DC,176.00,EUR,Espresso Beans Brazil 1kg; Green Tea Sencha 500g
S00289,Order confirmed,2026-02-09T07:48:10+00:00,Kasia Nowak,S00289,,history,,Café Nowa Huta,Poland,Kasia Nowak,Warsaw DC,176.00,EUR,Espresso Beans Brazil 1kg; Green Tea Sencha 500g
S00289,Goods shipped,2026-02-10T08:39:50+00:00,Ola Wiśniewska,WAW/OUT/00112,,history,,Café Nowa Huta,Poland,Kasia Nowak,Warsaw DC,176.00,EUR,Espresso Beans Brazil 1kg; Green Tea Sencha 500g
S00289,Invoice posted,2026-02-11T14:57:00+00:00,Anna Kowalczyk,INV/2026/00037,,history,2026-03-13,Café Nowa Huta,Poland,Kasia Nowak,Warsaw DC,176.00,EUR,Espresso Beans Brazil 1kg; Green Tea Sencha 500g
S00289,Payment received,2026-03-20T07:54:00+00:00,Anna Kowalczyk,INV/2026/00037,,history,,Café Nowa Huta,Poland,Kasia Nowak,Warsaw DC,176.00,EUR,Espresso Beans Brazil 1kg; Green Tea Sencha 500g
S00290,Quotation created,2026-02-12T08:25:21+00:00,Piotr Zieliński,S00290,,history,,Kawiarnia Mokotów,Poland,Piotr Zieliński,Warsaw DC,4960.00,EUR,Espresso Machine Pro; House Blend Beans 1kg
S00290,Order confirmed,2026-02-16T07:17:48+00:00,Piotr Zieliński,S00290,,history,,Kawiarnia Mokotów,Poland,Piotr Zieliński,Warsaw DC,4960.00,EUR,Espresso Machine Pro; House Blend Beans 1kg
S00290,Invoice posted,2026-02-16T14:01:59+00:00,Anna Kowalczyk,INV/2026/00038,,history,2026-03-18,Kawiarnia Mokotów,Poland,Piotr Zieliński,Warsaw DC,4960.00,EUR,Espresso Machine Pro; House Blend Beans 1kg
S00290,Order changed after confirmation,2026-02-17T07:25:54+00:00,Piotr Zieliński,S00290,"amount 2,560.00 -> 4,960.00",history,,Kawiarnia Mokotów,Poland,Piotr Zieliński,Warsaw DC,4960.00,EUR,Espresso Machine Pro; House Blend Beans 1kg
S00290,Delivery rescheduled,2026-02-18T12:52:27+00:00,Ola Wiśniewska,WAW/OUT/00113,+5.0 days,history,,Kawiarnia Mokotów,Poland,Piotr Zieliński,Warsaw DC,4960.00,EUR,Espresso Machine Pro; House Blend Beans 1kg
S00290,Goods shipped,2026-02-23T07:55:12+00:00,Ola Wiśniewska,WAW/OUT/00113,,history,,Kawiarnia Mokotów,Poland,Piotr Zieliński,Warsaw DC,4960.00,EUR,Espresso Machine Pro; House Blend Beans 1kg
S00290,Payment received,2026-03-18T08:55:48+00:00,Anna Kowalczyk,INV/2026/00038,,history,,Kawiarnia Mokotów,Poland,Piotr Zieliński,Warsaw DC,4960.00,EUR,Espresso Machine Pro; House Blend Beans 1kg
S00291,Quotation created,2026-02-12T09:57:06+00:00,Piotr Zieliński,S00291,,history,,Biuro Centrum Wola,Poland,Piotr Zieliński,Warsaw DC,60.00,EUR,Earl Grey Tea 500g
S00291,Quotation sent,2026-02-12T10:17:00+00:00,Piotr Zieliński,S00291,,history,,Biuro Centrum Wola,Poland,Piotr Zieliński,Warsaw DC,60.00,EUR,Earl Grey Tea 500g
S00291,Order confirmed,2026-02-23T09:15:07+00:00,Piotr Zieliński,S00291,,history,,Biuro Centrum Wola,Poland,Piotr Zieliński,Warsaw DC,60.00,EUR,Earl Grey Tea 500g
S00291,Goods shipped,2026-02-23T15:14:34+00:00,Ola Wiśniewska,WAW/OUT/00118,,history,,Biuro Centrum Wola,Poland,Piotr Zieliński,Warsaw DC,60.00,EUR,Earl Grey Tea 500g
S00291,Invoice posted,2026-02-27T09:57:18+00:00,Anna Kowalczyk,INV/2026/00052,,history,2026-03-29,Biuro Centrum Wola,Poland,Piotr Zieliński,Warsaw DC,60.00,EUR,Earl Grey Tea 500g
S00291,Payment received,2026-03-23T07:58:47+00:00,Anna Kowalczyk,INV/2026/00052,,history,,Biuro Centrum Wola,Poland,Piotr Zieliński,Warsaw DC,60.00,EUR,Earl Grey Tea 500g
S00292,Quotation created,2026-02-12T11:32:43+00:00,Sophie Lambert,S00292,,history,,Bakkerij Zuid,Belgium,Sophie Lambert,Brussels DC,240.00,EUR,Chai Latte Mix 1kg; Espresso Beans Brazil 1kg; Vanilla Syrup 1L
S00292,Quotation sent,2026-02-12T12:09:23+00:00,Sophie Lambert,S00292,,history,,Bakkerij Zuid,Belgium,Sophie Lambert,Brussels DC,240.00,EUR,Chai Latte Mix 1kg; Espresso Beans Brazil 1kg; Vanilla Syrup 1L
S00292,Order confirmed,2026-02-16T07:30:45+00:00,Sophie Lambert,S00292,,history,,Bakkerij Zuid,Belgium,Sophie Lambert,Brussels DC,240.00,EUR,Chai Latte Mix 1kg; Espresso Beans Brazil 1kg; Vanilla Syrup 1L
S00292,Goods shipped,2026-02-18T07:28:39+00:00,Marc Dubois,BRU/OUT/00127,,history,,Bakkerij Zuid,Belgium,Sophie Lambert,Brussels DC,240.00,EUR,Chai Latte Mix 1kg; Espresso Beans Brazil 1kg; Vanilla Syrup 1L
S00292,Invoice posted,2026-02-19T10:41:56+00:00,Julie Martin,INV/2026/00043,,history,2026-03-21,Bakkerij Zuid,Belgium,Sophie Lambert,Brussels DC,240.00,EUR,Chai Latte Mix 1kg; Espresso Beans Brazil 1kg; Vanilla Syrup 1L
S00292,Payment received,2026-03-23T11:20:57+00:00,Julie Martin,INV/2026/00043,,history,,Bakkerij Zuid,Belgium,Sophie Lambert,Brussels DC,240.00,EUR,Chai Latte Mix 1kg; Espresso Beans Brazil 1kg; Vanilla Syrup 1L
S00293,Quotation created,2026-02-12T15:39:24+00:00,Sophie Lambert,S00293,,history,,Campus Kitchen Louvain,Belgium,Sophie Lambert,Brussels DC,684.00,EUR,Decaf Colombia Beans 1kg; Espresso Beans Brazil 1kg
S00293,Order confirmed,2026-02-13T08:22:38+00:00,Sophie Lambert,S00293,,history,,Campus Kitchen Louvain,Belgium,Sophie Lambert,Brussels DC,684.00,EUR,Decaf Colombia Beans 1kg; Espresso Beans Brazil 1kg
S00293,Goods shipped,2026-02-16T07:13:13+00:00,Marc Dubois,BRU/OUT/00125,,history,,Campus Kitchen Louvain,Belgium,Sophie Lambert,Brussels DC,684.00,EUR,Decaf Colombia Beans 1kg; Espresso Beans Brazil 1kg
S00293,Invoice posted,2026-02-17T08:11:14+00:00,Julie Martin,INV/2026/00039,,history,2026-03-19,Campus Kitchen Louvain,Belgium,Sophie Lambert,Brussels DC,684.00,EUR,Decaf Colombia Beans 1kg; Espresso Beans Brazil 1kg
S00293,Payment received,2026-03-09T07:01:43+00:00,Julie Martin,INV/2026/00039,,history,,Campus Kitchen Louvain,Belgium,Sophie Lambert,Brussels DC,684.00,EUR,Decaf Colombia Beans 1kg; Espresso Beans Brazil 1kg
S00294,Quotation created,2026-02-13T11:54:14+00:00,Sophie Lambert,S00294,,history,,Lunchbar Kouter,Belgium,Sophie Lambert,Brussels DC,504.00,EUR,Chai Latte Mix 1kg; Green Tea Sencha 500g; House Blend Beans 1kg
S00294,Quotation sent,2026-02-16T07:29:41+00:00,Sophie Lambert,S00294,,history,,Lunchbar Kouter,Belgium,Sophie Lambert,Brussels DC,504.00,EUR,Chai Latte Mix 1kg; Green Tea Sencha 500g; House Blend Beans 1kg
S00294,Order confirmed,2026-02-20T07:22:57+00:00,Sophie Lambert,S00294,,history,,Lunchbar Kouter,Belgium,Sophie Lambert,Brussels DC,504.00,EUR,Chai Latte Mix 1kg; Green Tea Sencha 500g; House Blend Beans 1kg
S00294,Goods shipped,2026-02-23T07:09:13+00:00,Marc Dubois,BRU/OUT/00131,,history,,Lunchbar Kouter,Belgium,Sophie Lambert,Brussels DC,504.00,EUR,Chai Latte Mix 1kg; Green Tea Sencha 500g; House Blend Beans 1kg
S00294,Invoice posted,2026-02-23T11:53:54+00:00,Julie Martin,INV/2026/00046,,history,2026-03-25,Lunchbar Kouter,Belgium,Sophie Lambert,Brussels DC,504.00,EUR,Chai Latte Mix 1kg; Green Tea Sencha 500g; House Blend Beans 1kg
S00294,Payment received,2026-03-30T06:22:04+00:00,Julie Martin,INV/2026/00046,,history,,Lunchbar Kouter,Belgium,Sophie Lambert,Brussels DC,504.00,EUR,Chai Latte Mix 1kg; Green Tea Sencha 500g; House Blend Beans 1kg
S00295,Quotation created,2026-02-13T13:17:07+00:00,Tom Peeters,S00295,,history,,Espresso Point Wavre,Belgium,Tom Peeters,Brussels DC,105.00,EUR,Descaler Tablets x10
S00295,Quotation sent,2026-02-13T16:14:23+00:00,Tom Peeters,S00295,,history,,Espresso Point Wavre,Belgium,Tom Peeters,Brussels DC,105.00,EUR,Descaler Tablets x10
S00295,Order confirmed,2026-02-16T07:25:12+00:00,Tom Peeters,S00295,,history,,Espresso Point Wavre,Belgium,Tom Peeters,Brussels DC,105.00,EUR,Descaler Tablets x10
S00295,Order changed after confirmation,2026-02-17T07:04:58+00:00,Tom Peeters,S00295,amount 70.00 -> 105.00,history,,Espresso Point Wavre,Belgium,Tom Peeters,Brussels DC,105.00,EUR,Descaler Tablets x10
S00295,Goods shipped,2026-02-17T15:21:47+00:00,Marc Dubois,BRU/OUT/00126,,history,,Espresso Point Wavre,Belgium,Tom Peeters,Brussels DC,105.00,EUR,Descaler Tablets x10
S00295,Invoice posted,2026-02-18T08:09:40+00:00,Julie Martin,INV/2026/00041,,history,2026-03-20,Espresso Point Wavre,Belgium,Tom Peeters,Brussels DC,105.00,EUR,Descaler Tablets x10
S00296,Quotation created,2026-02-13T15:40:53+00:00,Kasia Nowak,S00296,,history,,Café Nowa Huta,Poland,Kasia Nowak,Warsaw DC,2400.00,EUR,Espresso Machine Pro
S00296,Quotation sent,2026-02-16T07:34:36+00:00,Kasia Nowak,S00296,,history,,Café Nowa Huta,Poland,Kasia Nowak,Warsaw DC,2400.00,EUR,Espresso Machine Pro
S00296,Order confirmed,2026-02-18T07:41:57+00:00,Kasia Nowak,S00296,,history,,Café Nowa Huta,Poland,Kasia Nowak,Warsaw DC,2400.00,EUR,Espresso Machine Pro
S00296,Invoice posted,2026-02-18T11:30:07+00:00,Anna Kowalczyk,INV/2026/00042,,history,2026-03-20,Café Nowa Huta,Poland,Kasia Nowak,Warsaw DC,2400.00,EUR,Espresso Machine Pro
S00296,Delivery rescheduled,2026-02-23T07:14:33+00:00,Ola Wiśniewska,WAW/OUT/00114,+6.0 days,history,,Café Nowa Huta,Poland,Kasia Nowak,Warsaw DC,2400.00,EUR,Espresso Machine Pro
S00296,Delivery rescheduled,2026-02-25T07:55:22+00:00,Ola Wiśniewska,WAW/OUT/00114,+6.0 days,history,,Café Nowa Huta,Poland,Kasia Nowak,Warsaw DC,2400.00,EUR,Espresso Machine Pro
S00296,Delivery rescheduled,2026-03-02T07:38:00+00:00,Ola Wiśniewska,WAW/OUT/00114,+7.0 days,history,,Café Nowa Huta,Poland,Kasia Nowak,Warsaw DC,2400.00,EUR,Espresso Machine Pro
S00296,Goods shipped,2026-03-09T07:28:10+00:00,Ola Wiśniewska,WAW/OUT/00114,,history,,Café Nowa Huta,Poland,Kasia Nowak,Warsaw DC,2400.00,EUR,Espresso Machine Pro
S00296,Payment received,2026-03-16T07:30:13+00:00,Anna Kowalczyk,INV/2026/00042,,history,,Café Nowa Huta,Poland,Kasia Nowak,Warsaw DC,2400.00,EUR,Espresso Machine Pro
S00297,Quotation created,2026-02-16T07:13:59+00:00,Sophie Lambert,S00297,,history,,Salon Mosan,Belgium,Sophie Lambert,Brussels DC,84.00,EUR,Decaf Colombia Beans 1kg
S00297,Quotation sent,2026-02-16T12:53:07+00:00,Sophie Lambert,S00297,,history,,Salon Mosan,Belgium,Sophie Lambert,Brussels DC,84.00,EUR,Decaf Colombia Beans 1kg
S00297,Order confirmed,2026-02-17T07:00:25+00:00,Sophie Lambert,S00297,,history,,Salon Mosan,Belgium,Sophie Lambert,Brussels DC,84.00,EUR,Decaf Colombia Beans 1kg
S00297,Delivery rescheduled,2026-02-18T07:14:04+00:00,Marc Dubois,BRU/OUT/00128,+3.0 days,history,,Salon Mosan,Belgium,Sophie Lambert,Brussels DC,84.00,EUR,Decaf Colombia Beans 1kg
S00297,Goods shipped,2026-02-20T07:41:39+00:00,Marc Dubois,BRU/OUT/00128,,history,,Salon Mosan,Belgium,Sophie Lambert,Brussels DC,84.00,EUR,Decaf Colombia Beans 1kg
S00297,Invoice posted,2026-02-23T07:45:34+00:00,Julie Martin,INV/2026/00045,,history,2026-03-25,Salon Mosan,Belgium,Sophie Lambert,Brussels DC,84.00,EUR,Decaf Colombia Beans 1kg
S00297,Payment received,2026-04-23T13:46:36+00:00,Julie Martin,INV/2026/00045,,history,,Salon Mosan,Belgium,Sophie Lambert,Brussels DC,84.00,EUR,Decaf Colombia Beans 1kg
S00298,Quotation created,2026-02-16T07:29:04+00:00,Tom Peeters,S00298,,history,,Hotel Horizon Namur,Belgium,Tom Peeters,Brussels DC,162.00,EUR,Espresso Beans Brazil 1kg; Espresso Beans Ethiopia 1kg
S00298,Quotation sent,2026-02-16T11:31:45+00:00,Tom Peeters,S00298,,history,,Hotel Horizon Namur,Belgium,Tom Peeters,Brussels DC,162.00,EUR,Espresso Beans Brazil 1kg; Espresso Beans Ethiopia 1kg
S00298,Order confirmed,2026-02-19T07:01:38+00:00,Tom Peeters,S00298,,history,,Hotel Horizon Namur,Belgium,Tom Peeters,Brussels DC,162.00,EUR,Espresso Beans Brazil 1kg; Espresso Beans Ethiopia 1kg
S00298,Order changed after confirmation,2026-02-19T19:13:24+00:00,Tom Peeters,S00298,amount 138.00 -> 162.00,history,,Hotel Horizon Namur,Belgium,Tom Peeters,Brussels DC,162.00,EUR,Espresso Beans Brazil 1kg; Espresso Beans Ethiopia 1kg
S00298,Goods shipped,2026-02-20T07:25:10+00:00,Marc Dubois,BRU/OUT/00129,,history,,Hotel Horizon Namur,Belgium,Tom Peeters,Brussels DC,162.00,EUR,Espresso Beans Brazil 1kg; Espresso Beans Ethiopia 1kg
S00298,Invoice posted,2026-02-20T12:26:45+00:00,Julie Martin,INV/2026/00044,,history,2026-03-22,Hotel Horizon Namur,Belgium,Tom Peeters,Brussels DC,162.00,EUR,Espresso Beans Brazil 1kg; Espresso Beans Ethiopia 1kg
S00298,Payment received,2026-03-16T07:14:53+00:00,Julie Martin,INV/2026/00044,,history,,Hotel Horizon Namur,Belgium,Tom Peeters,Brussels DC,162.00,EUR,Espresso Beans Brazil 1kg; Espresso Beans Ethiopia 1kg
S00299,Quotation created,2026-02-18T10:04:49+00:00,Tom Peeters,S00299,,history,,Hotel Horizon Namur,Belgium,Tom Peeters,Brussels DC,188.00,EUR,Barista Apron; House Blend Beans 1kg
S00299,Quotation sent,2026-02-18T12:52:06+00:00,Tom Peeters,S00299,,history,,Hotel Horizon Namur,Belgium,Tom Peeters,Brussels DC,188.00,EUR,Barista Apron; House Blend Beans 1kg
S00299,Order confirmed,2026-02-20T07:03:58+00:00,Tom Peeters,S00299,,history,,Hotel Horizon Namur,Belgium,Tom Peeters,Brussels DC,188.00,EUR,Barista Apron; House Blend Beans 1kg
S00299,Order changed after confirmation,2026-02-21T19:04:24+00:00,Tom Peeters,S00299,amount 140.00 -> 188.00,history,,Hotel Horizon Namur,Belgium,Tom Peeters,Brussels DC,188.00,EUR,Barista Apron; House Blend Beans 1kg
S00299,Goods shipped,2026-02-23T07:04:50+00:00,Marc Dubois,BRU/OUT/00130,,history,,Hotel Horizon Namur,Belgium,Tom Peeters,Brussels DC,188.00,EUR,Barista Apron; House Blend Beans 1kg
S00299,Invoice posted,2026-02-24T07:06:43+00:00,Julie Martin,INV/2026/00048,,history,2026-03-26,Hotel Horizon Namur,Belgium,Tom Peeters,Brussels DC,188.00,EUR,Barista Apron; House Blend Beans 1kg
S00299,Payment received,2026-03-23T14:14:54+00:00,Julie Martin,INV/2026/00048,,history,,Hotel Horizon Namur,Belgium,Tom Peeters,Brussels DC,188.00,EUR,Barista Apron; House Blend Beans 1kg
S00300,Quotation created,2026-02-18T10:38:25+00:00,Piotr Zieliński,S00300,,history,,Biurowiec Mokotowska,Poland,Piotr Zieliński,Warsaw DC,86.00,EUR,Ground Coffee 250g; House Blend Beans 1kg
S00300,Quotation sent,2026-02-18T15:33:28+00:00,Piotr Zieliński,S00300,,history,,Biurowiec Mokotowska,Poland,Piotr Zieliński,Warsaw DC,86.00,EUR,Ground Coffee 250g; House Blend Beans 1kg
S00300,Order confirmed,2026-02-20T07:22:37+00:00,Piotr Zieliński,S00300,,history,,Biurowiec Mokotowska,Poland,Piotr Zieliński,Warsaw DC,86.00,EUR,Ground Coffee 250g; House Blend Beans 1kg
S00300,Order changed after confirmation,2026-02-23T07:25:26+00:00,Piotr Zieliński,S00300,amount 68.00 -> 86.00,history,,Biurowiec Mokotowska,Poland,Piotr Zieliński,Warsaw DC,86.00,EUR,Ground Coffee 250g; House Blend Beans 1kg
S00300,Goods shipped,2026-02-24T15:01:00+00:00,Ola Wiśniewska,WAW/OUT/00115,,history,,Biurowiec Mokotowska,Poland,Piotr Zieliński,Warsaw DC,86.00,EUR,Ground Coffee 250g; House Blend Beans 1kg
S00300,Invoice posted,2026-02-26T09:09:48+00:00,Anna Kowalczyk,INV/2026/00049,,history,2026-03-28,Biurowiec Mokotowska,Poland,Piotr Zieliński,Warsaw DC,86.00,EUR,Ground Coffee 250g; House Blend Beans 1kg
S00300,Payment received,2026-03-30T06:29:07+00:00,Anna Kowalczyk,INV/2026/00049,,history,,Biurowiec Mokotowska,Poland,Piotr Zieliński,Warsaw DC,86.00,EUR,Ground Coffee 250g; House Blend Beans 1kg
S00301,Quotation created,2026-02-18T14:16:46+00:00,Kasia Nowak,S00301,,history,,Kawiarnia Mokotów,Poland,Kasia Nowak,Warsaw DC,424.00,EUR,Espresso Beans Brazil 1kg; Green Tea Sencha 500g; Vanilla Syrup 1L
S00301,Quotation sent,2026-02-19T07:07:46+00:00,Kasia Nowak,S00301,,history,,Kawiarnia Mokotów,Poland,Kasia Nowak,Warsaw DC,424.00,EUR,Espresso Beans Brazil 1kg; Green Tea Sencha 500g; Vanilla Syrup 1L
S00301,Order confirmed,2026-02-23T07:39:50+00:00,Kasia Nowak,S00301,,history,,Kawiarnia Mokotów,Poland,Kasia Nowak,Warsaw DC,424.00,EUR,Espresso Beans Brazil 1kg; Green Tea Sencha 500g; Vanilla Syrup 1L
S00301,Invoice posted,2026-02-23T12:32:06+00:00,Anna Kowalczyk,INV/2026/00047,,history,2026-03-25,Kawiarnia Mokotów,Poland,Kasia Nowak,Warsaw DC,424.00,EUR,Espresso Beans Brazil 1kg; Green Tea Sencha 500g; Vanilla Syrup 1L
S00301,Goods shipped,2026-02-23T15:01:38+00:00,Ola Wiśniewska,WAW/OUT/00117,,history,,Kawiarnia Mokotów,Poland,Kasia Nowak,Warsaw DC,424.00,EUR,Espresso Beans Brazil 1kg; Green Tea Sencha 500g; Vanilla Syrup 1L
S00301,Payment received,2026-03-23T07:30:21+00:00,Anna Kowalczyk,INV/2026/00047,,history,,Kawiarnia Mokotów,Poland,Kasia Nowak,Warsaw DC,424.00,EUR,Espresso Beans Brazil 1kg; Green Tea Sencha 500g; Vanilla Syrup 1L
S00302,Quotation created,2026-02-19T16:28:24+00:00,Piotr Zieliński,S00302,,history,,Cukiernia Stare Miasto,Poland,Piotr Zieliński,Warsaw DC,2828.00,EUR,Espresso Beans Ethiopia 1kg; Espresso Machine Pro; Oat Milk Barista 12x1L
S00302,Quotation sent,2026-02-20T07:32:37+00:00,Piotr Zieliński,S00302,,history,,Cukiernia Stare Miasto,Poland,Piotr Zieliński,Warsaw DC,2828.00,EUR,Espresso Beans Ethiopia 1kg; Espresso Machine Pro; Oat Milk Barista 12x1L
S00302,Order confirmed,2026-02-23T07:15:47+00:00,Piotr Zieliński,S00302,,history,,Cukiernia Stare Miasto,Poland,Piotr Zieliński,Warsaw DC,2828.00,EUR,Espresso Beans Ethiopia 1kg; Espresso Machine Pro; Oat Milk Barista 12x1L
S00302,Delivery rescheduled,2026-02-24T10:08:23+00:00,Ola Wiśniewska,WAW/OUT/00116,+6.0 days,history,,Cukiernia Stare Miasto,Poland,Piotr Zieliński,Warsaw DC,2828.00,EUR,Espresso Beans Ethiopia 1kg; Espresso Machine Pro; Oat Milk Barista 12x1L
S00302,Goods shipped,2026-02-27T07:29:09+00:00,Ola Wiśniewska,WAW/OUT/00116,,history,,Cukiernia Stare Miasto,Poland,Piotr Zieliński,Warsaw DC,2828.00,EUR,Espresso Beans Ethiopia 1kg; Espresso Machine Pro; Oat Milk Barista 12x1L
S00302,Invoice posted,2026-03-03T10:07:08+00:00,Anna Kowalczyk,INV/2026/00054,,history,2026-04-02,Cukiernia Stare Miasto,Poland,Piotr Zieliński,Warsaw DC,2828.00,EUR,Espresso Beans Ethiopia 1kg; Espresso Machine Pro; Oat Milk Barista 12x1L
S00302,Payment received,2026-03-23T07:26:41+00:00,Anna Kowalczyk,INV/2026/00054,,history,,Cukiernia Stare Miasto,Poland,Piotr Zieliński,Warsaw DC,2828.00,EUR,Espresso Beans Ethiopia 1kg; Espresso Machine Pro; Oat Milk Barista 12x1L
S00303,Quotation created,2026-02-20T16:06:46+00:00,Sophie Lambert,S00303,,history,,Brasserie du Canal,Belgium,Sophie Lambert,Brussels DC,508.00,EUR,Cup Lids x1000; House Blend Beans 1kg; Oat Milk Barista 12x1L
S00303,Quotation sent,2026-02-23T07:28:58+00:00,Sophie Lambert,S00303,,history,,Brasserie du Canal,Belgium,Sophie Lambert,Brussels DC,508.00,EUR,Cup Lids x1000; House Blend Beans 1kg; Oat Milk Barista 12x1L
S00303,Order confirmed,2026-02-24T07:18:48+00:00,Sophie Lambert,S00303,,history,,Brasserie du Canal,Belgium,Sophie Lambert,Brussels DC,508.00,EUR,Cup Lids x1000; House Blend Beans 1kg; Oat Milk Barista 12x1L
S00303,Goods shipped,2026-02-25T07:49:37+00:00,Marc Dubois,BRU/OUT/00132,,history,,Brasserie du Canal,Belgium,Sophie Lambert,Brussels DC,508.00,EUR,Cup Lids x1000; House Blend Beans 1kg; Oat Milk Barista 12x1L
S00303,Invoice posted,2026-02-26T11:19:00+00:00,Julie Martin,INV/2026/00050,,history,2026-03-28,Brasserie du Canal,Belgium,Sophie Lambert,Brussels DC,508.00,EUR,Cup Lids x1000; House Blend Beans 1kg; Oat Milk Barista 12x1L
S00303,Payment received,2026-04-21T13:34:28+00:00,Julie Martin,INV/2026/00050,,history,,Brasserie du Canal,Belgium,Sophie Lambert,Brussels DC,508.00,EUR,Cup Lids x1000; House Blend Beans 1kg; Oat Milk Barista 12x1L
S00304,Quotation created,2026-02-23T07:09:36+00:00,Sophie Lambert,S00304,,history,,Business Park Diegem,Belgium,Sophie Lambert,Brussels DC,440.00,EUR,House Blend Beans 1kg; Oat Milk Barista 12x1L
S00304,Quotation sent,2026-02-23T07:51:47+00:00,Sophie Lambert,S00304,,history,,Business Park Diegem,Belgium,Sophie Lambert,Brussels DC,440.00,EUR,House Blend Beans 1kg; Oat Milk Barista 12x1L
S00304,Order confirmed,2026-02-24T07:21:10+00:00,Sophie Lambert,S00304,,history,,Business Park Diegem,Belgium,Sophie Lambert,Brussels DC,440.00,EUR,House Blend Beans 1kg; Oat Milk Barista 12x1L
S00304,Goods shipped,2026-02-25T14:15:36+00:00,Marc Dubois,BRU/OUT/00133,,history,,Business Park Diegem,Belgium,Sophie Lambert,Brussels DC,440.00,EUR,House Blend Beans 1kg; Oat Milk Barista 12x1L
S00304,Invoice posted,2026-02-26T16:14:39+00:00,Julie Martin,INV/2026/00051,,history,2026-03-28,Business Park Diegem,Belgium,Sophie Lambert,Brussels DC,440.00,EUR,House Blend Beans 1kg; Oat Milk Barista 12x1L
S00304,Payment received,2026-03-31T06:38:28+00:00,Julie Martin,INV/2026/00051,,history,,Business Park Diegem,Belgium,Sophie Lambert,Brussels DC,440.00,EUR,House Blend Beans 1kg; Oat Milk Barista 12x1L
S00305,Quotation created,2026-02-23T07:43:43+00:00,Piotr Zieliński,S00305,,history,,Kawiarnia Rynek,Poland,Piotr Zieliński,Warsaw DC,476.00,EUR,Cup Lids x1000; Green Tea Sencha 500g; Paper Cups 12oz x1000
S00305,Order confirmed,2026-03-02T07:59:30+00:00,Piotr Zieliński,S00305,,history,,Kawiarnia Rynek,Poland,Piotr Zieliński,Warsaw DC,476.00,EUR,Cup Lids x1000; Green Tea Sencha 500g; Paper Cups 12oz x1000
S00305,Goods shipped,2026-03-03T07:36:10+00:00,Ola Wiśniewska,WAW/OUT/00120,,history,,Kawiarnia Rynek,Poland,Piotr Zieliński,Warsaw DC,476.00,EUR,Cup Lids x1000; Green Tea Sencha 500g; Paper Cups 12oz x1000
S00305,Invoice posted,2026-03-06T11:12:38+00:00,Anna Kowalczyk,INV/2026/00058,,history,2026-04-05,Kawiarnia Rynek,Poland,Piotr Zieliński,Warsaw DC,476.00,EUR,Cup Lids x1000; Green Tea Sencha 500g; Paper Cups 12oz x1000
S00305,Payment received,2026-03-30T06:32:06+00:00,Anna Kowalczyk,INV/2026/00058,,history,,Kawiarnia Rynek,Poland,Piotr Zieliński,Warsaw DC,476.00,EUR,Cup Lids x1000; Green Tea Sencha 500g; Paper Cups 12oz x1000
S00306,Quotation created,2026-02-23T07:48:25+00:00,Tom Peeters,S00306,,history,,Office Hub Leuven,Belgium,Tom Peeters,Brussels DC,72.00,EUR,Ground Coffee 250g
S00306,Order confirmed,2026-02-24T07:36:50+00:00,Tom Peeters,S00306,,history,,Office Hub Leuven,Belgium,Tom Peeters,Brussels DC,72.00,EUR,Ground Coffee 250g
S00306,Goods shipped,2026-02-26T07:21:36+00:00,Marc Dubois,BRU/OUT/00134,,history,,Office Hub Leuven,Belgium,Tom Peeters,Brussels DC,72.00,EUR,Ground Coffee 250g
S00306,Invoice posted,2026-02-27T10:15:24+00:00,Julie Martin,INV/2026/00053,,history,2026-03-29,Office Hub Leuven,Belgium,Tom Peeters,Brussels DC,72.00,EUR,Ground Coffee 250g
S00306,Payment received,2026-03-19T07:06:21+00:00,Julie Martin,INV/2026/00053,,history,,Office Hub Leuven,Belgium,Tom Peeters,Brussels DC,72.00,EUR,Ground Coffee 250g
S00307,Quotation created,2026-02-25T09:04:43+00:00,Kasia Nowak,S00307,,history,,Biurowiec Mokotowska,Poland,Kasia Nowak,Warsaw DC,412.00,EUR,Green Tea Sencha 500g; House Blend Beans 1kg
S00307,Quotation sent,2026-02-25T14:49:17+00:00,Kasia Nowak,S00307,,history,,Biurowiec Mokotowska,Poland,Kasia Nowak,Warsaw DC,412.00,EUR,Green Tea Sencha 500g; House Blend Beans 1kg
S00307,Order confirmed,2026-03-02T07:45:48+00:00,Kasia Nowak,S00307,,history,,Biurowiec Mokotowska,Poland,Kasia Nowak,Warsaw DC,412.00,EUR,Green Tea Sencha 500g; House Blend Beans 1kg
S00307,Goods shipped,2026-03-03T07:28:19+00:00,Ola Wiśniewska,WAW/OUT/00119,,history,,Biurowiec Mokotowska,Poland,Kasia Nowak,Warsaw DC,412.00,EUR,Green Tea Sencha 500g; House Blend Beans 1kg
S00307,Invoice posted,2026-03-05T10:15:26+00:00,Anna Kowalczyk,INV/2026/00057,,history,2026-04-04,Biurowiec Mokotowska,Poland,Kasia Nowak,Warsaw DC,412.00,EUR,Green Tea Sencha 500g; House Blend Beans 1kg
S00307,Payment received,2026-04-06T06:43:37+00:00,Anna Kowalczyk,INV/2026/00057,,history,,Biurowiec Mokotowska,Poland,Kasia Nowak,Warsaw DC,412.00,EUR,Green Tea Sencha 500g; House Blend Beans 1kg
S00308,Quotation created,2026-02-26T12:08:52+00:00,Sophie Lambert,S00308,,history,,Business Park Diegem,Belgium,Sophie Lambert,Brussels DC,944.00,EUR,Descaler Tablets x10; Ground Coffee 250g; House Blend Beans 1kg
S00308,Quotation sent,2026-02-27T07:33:48+00:00,Sophie Lambert,S00308,,history,,Business Park Diegem,Belgium,Sophie Lambert,Brussels DC,944.00,EUR,Descaler Tablets x10; Ground Coffee 250g; House Blend Beans 1kg
S00308,Order confirmed,2026-03-02T07:47:52+00:00,Sophie Lambert,S00308,,history,,Business Park Diegem,Belgium,Sophie Lambert,Brussels DC,944.00,EUR,Descaler Tablets x10; Ground Coffee 250g; House Blend Beans 1kg
S00308,Goods shipped,2026-03-03T11:55:44+00:00,Marc Dubois,BRU/OUT/00135,,history,,Business Park Diegem,Belgium,Sophie Lambert,Brussels DC,944.00,EUR,Descaler Tablets x10; Ground Coffee 250g; House Blend Beans 1kg
S00308,Invoice posted,2026-03-04T07:27:44+00:00,Julie Martin,INV/2026/00055,,history,2026-04-03,Business Park Diegem,Belgium,Sophie Lambert,Brussels DC,944.00,EUR,Descaler Tablets x10; Ground Coffee 250g; House Blend Beans 1kg
S00308,Payment received,2026-03-31T07:27:27+00:00,Julie Martin,INV/2026/00055,,history,,Business Park Diegem,Belgium,Sophie Lambert,Brussels DC,944.00,EUR,Descaler Tablets x10; Ground Coffee 250g; House Blend Beans 1kg
S00309,Quotation created,2026-02-27T14:39:09+00:00,Piotr Zieliński,S00309,,history,,Piekarnia Żoliborz,Poland,Piotr Zieliński,Warsaw DC,81.00,EUR,Espresso Beans Brazil 1kg; Vanilla Syrup 1L
S00309,Quotation sent,2026-03-02T07:12:43+00:00,Piotr Zieliński,S00309,,history,,Piekarnia Żoliborz,Poland,Piotr Zieliński,Warsaw DC,81.00,EUR,Espresso Beans Brazil 1kg; Vanilla Syrup 1L
S00309,Order confirmed,2026-03-03T07:01:21+00:00,Piotr Zieliński,S00309,,history,,Piekarnia Żoliborz,Poland,Piotr Zieliński,Warsaw DC,81.00,EUR,Espresso Beans Brazil 1kg; Vanilla Syrup 1L
S00309,Goods shipped,2026-03-04T07:33:48+00:00,Ola Wiśniewska,WAW/OUT/00121,,history,,Piekarnia Żoliborz,Poland,Piotr Zieliński,Warsaw DC,81.00,EUR,Espresso Beans Brazil 1kg; Vanilla Syrup 1L
S00309,Invoice posted,2026-03-09T09:17:01+00:00,Anna Kowalczyk,INV/2026/00060,,history,2026-04-08,Piekarnia Żoliborz,Poland,Piotr Zieliński,Warsaw DC,81.00,EUR,Espresso Beans Brazil 1kg; Vanilla Syrup 1L
S00309,Payment received,2026-04-13T06:03:18+00:00,Anna Kowalczyk,INV/2026/00060,,history,,Piekarnia Żoliborz,Poland,Piotr Zieliński,Warsaw DC,81.00,EUR,Espresso Beans Brazil 1kg; Vanilla Syrup 1L
S00310,Quotation created,2026-03-02T09:52:55+00:00,Kasia Nowak,S00310,,history,,Coworking Praga,Poland,Kasia Nowak,Warsaw DC,984.00,EUR,Barista Apron; Espresso Beans Brazil 1kg; Green Tea Sencha 500g; House Blend Beans 1kg
S00310,Order cancelled,2026-03-18T07:27:07+00:00,Kasia Nowak,S00310,,history,,Coworking Praga,Poland,Kasia Nowak,Warsaw DC,984.00,EUR,Barista Apron; Espresso Beans Brazil 1kg; Green Tea Sencha 500g; House Blend Beans 1kg
S00311,Quotation created,2026-03-02T15:44:10+00:00,Piotr Zieliński,S00311,,history,,Bistro Kazimierz,Poland,Piotr Zieliński,Warsaw DC,252.00,EUR,Decaf Colombia Beans 1kg
S00311,Quotation sent,2026-03-03T07:40:36+00:00,Piotr Zieliński,S00311,,history,,Bistro Kazimierz,Poland,Piotr Zieliński,Warsaw DC,252.00,EUR,Decaf Colombia Beans 1kg
S00312,Quotation created,2026-03-03T09:12:22+00:00,Kasia Nowak,S00312,,history,,Café Nowa Huta,Poland,Kasia Nowak,Warsaw DC,420.00,EUR,Descaler Tablets x10
S00312,Order confirmed,2026-03-04T07:29:00+00:00,Kasia Nowak,S00312,,history,,Café Nowa Huta,Poland,Kasia Nowak,Warsaw DC,420.00,EUR,Descaler Tablets x10
S00312,Invoice posted,2026-03-04T12:16:15+00:00,Anna Kowalczyk,INV/2026/00056,,history,2026-04-03,Café Nowa Huta,Poland,Kasia Nowak,Warsaw DC,420.00,EUR,Descaler Tablets x10
S00312,Goods shipped,2026-03-06T07:43:06+00:00,Ola Wiśniewska,WAW/OUT/00122,,history,,Café Nowa Huta,Poland,Kasia Nowak,Warsaw DC,420.00,EUR,Descaler Tablets x10
S00312,Payment received,2026-04-06T06:29:31+00:00,Anna Kowalczyk,INV/2026/00056,,history,,Café Nowa Huta,Poland,Kasia Nowak,Warsaw DC,420.00,EUR,Descaler Tablets x10
S00313,Quotation created,2026-03-04T08:12:58+00:00,Sophie Lambert,S00313,,history,,Café Parvis,Belgium,Sophie Lambert,Brussels DC,633.00,EUR,Espresso Beans Brazil 1kg; Espresso Beans Ethiopia 1kg; Paper Cups 12oz x1000
S00313,Order confirmed,2026-03-04T13:09:33+00:00,Sophie Lambert,S00313,,history,,Café Parvis,Belgium,Sophie Lambert,Brussels DC,633.00,EUR,Espresso Beans Brazil 1kg; Espresso Beans Ethiopia 1kg; Paper Cups 12oz x1000
S00313,Goods shipped,2026-03-05T07:21:25+00:00,Marc Dubois,BRU/OUT/00136,,history,,Café Parvis,Belgium,Sophie Lambert,Brussels DC,633.00,EUR,Espresso Beans Brazil 1kg; Espresso Beans Ethiopia 1kg; Paper Cups 12oz x1000
S00313,Invoice posted,2026-03-06T11:33:02+00:00,Julie Martin,INV/2026/00059,,history,2026-04-05,Café Parvis,Belgium,Sophie Lambert,Brussels DC,633.00,EUR,Espresso Beans Brazil 1kg; Espresso Beans Ethiopia 1kg; Paper Cups 12oz x1000
S00313,Payment received,2026-03-30T06:50:29+00:00,Julie Martin,INV/2026/00059,,history,,Café Parvis,Belgium,Sophie Lambert,Brussels DC,633.00,EUR,Espresso Beans Brazil 1kg; Espresso Beans Ethiopia 1kg; Paper Cups 12oz x1000
S00314,Quotation created,2026-03-04T16:05:52+00:00,Sophie Lambert,S00314,,history,,Koffiebar Meir,Belgium,Sophie Lambert,Brussels DC,36.00,EUR,Ground Coffee 250g
S00314,Order cancelled,2026-03-23T07:29:04+00:00,Sophie Lambert,S00314,,history,,Koffiebar Meir,Belgium,Sophie Lambert,Brussels DC,36.00,EUR,Ground Coffee 250g
S00315,Quotation created,2026-03-04T16:26:52+00:00,Kasia Nowak,S00315,,history,,Cukiernia Stare Miasto,Poland,Kasia Nowak,Warsaw DC,96.00,EUR,House Blend Beans 1kg
S00315,Quotation sent,2026-03-05T07:22:41+00:00,Kasia Nowak,S00315,,history,,Cukiernia Stare Miasto,Poland,Kasia Nowak,Warsaw DC,96.00,EUR,House Blend Beans 1kg
S00315,Order confirmed,2026-03-10T07:33:02+00:00,Kasia Nowak,S00315,,history,,Cukiernia Stare Miasto,Poland,Kasia Nowak,Warsaw DC,96.00,EUR,House Blend Beans 1kg
S00315,Goods shipped,2026-03-11T09:27:49+00:00,Ola Wiśniewska,WAW/OUT/00123,,history,,Cukiernia Stare Miasto,Poland,Kasia Nowak,Warsaw DC,96.00,EUR,House Blend Beans 1kg
S00315,Invoice posted,2026-03-12T13:10:21+00:00,Anna Kowalczyk,INV/2026/00062,,history,2026-04-11,Cukiernia Stare Miasto,Poland,Kasia Nowak,Warsaw DC,96.00,EUR,House Blend Beans 1kg
S00315,Payment received,2026-04-06T06:01:46+00:00,Anna Kowalczyk,INV/2026/00062,,history,,Cukiernia Stare Miasto,Poland,Kasia Nowak,Warsaw DC,96.00,EUR,House Blend Beans 1kg
S00316,Quotation created,2026-03-05T14:53:44+00:00,Piotr Zieliński,S00316,,history,,Restauracja Odra,Poland,Piotr Zieliński,Warsaw DC,2424.00,EUR,Espresso Machine Pro; Ground Coffee 250g
S00316,Order confirmed,2026-03-12T07:17:53+00:00,Piotr Zieliński,S00316,,history,,Restauracja Odra,Poland,Piotr Zieliński,Warsaw DC,2424.00,EUR,Espresso Machine Pro; Ground Coffee 250g
S00316,Delivery rescheduled,2026-03-16T07:21:26+00:00,Ola Wiśniewska,WAW/OUT/00124,+5.0 days,history,,Restauracja Odra,Poland,Piotr Zieliński,Warsaw DC,2424.00,EUR,Espresso Machine Pro; Ground Coffee 250g
S00316,Delivery rescheduled,2026-03-19T07:05:00+00:00,Ola Wiśniewska,WAW/OUT/00124,+3.0 days,history,,Restauracja Odra,Poland,Piotr Zieliński,Warsaw DC,2424.00,EUR,Espresso Machine Pro; Ground Coffee 250g
S00316,Goods shipped,2026-03-23T10:25:31+00:00,Ola Wiśniewska,WAW/OUT/00124,,history,,Restauracja Odra,Poland,Piotr Zieliński,Warsaw DC,2424.00,EUR,Espresso Machine Pro; Ground Coffee 250g
S00316,Invoice posted,2026-03-24T09:58:35+00:00,Anna Kowalczyk,INV/2026/00069,,history,2026-04-23,Restauracja Odra,Poland,Piotr Zieliński,Warsaw DC,2424.00,EUR,Espresso Machine Pro; Ground Coffee 250g
S00316,Payment received,2026-05-14T06:42:24+00:00,Anna Kowalczyk,INV/2026/00069,,history,,Restauracja Odra,Poland,Piotr Zieliński,Warsaw DC,2424.00,EUR,Espresso Machine Pro; Ground Coffee 250g
S00317,Quotation created,2026-03-06T10:22:04+00:00,Sophie Lambert,S00317,,history,,Hotel Horizon Namur,Belgium,Sophie Lambert,Brussels DC,344.00,EUR,Cup Lids x1000; Decaf Colombia Beans 1kg; Descaler Tablets x10
S00317,Quotation sent,2026-03-06T15:27:51+00:00,Sophie Lambert,S00317,,history,,Hotel Horizon Namur,Belgium,Sophie Lambert,Brussels DC,344.00,EUR,Cup Lids x1000; Decaf Colombia Beans 1kg; Descaler Tablets x10
S00317,Order confirmed,2026-03-09T07:42:25+00:00,Sophie Lambert,S00317,,history,,Hotel Horizon Namur,Belgium,Sophie Lambert,Brussels DC,344.00,EUR,Cup Lids x1000; Decaf Colombia Beans 1kg; Descaler Tablets x10
S00317,Goods shipped,2026-03-10T07:52:20+00:00,Marc Dubois,BRU/OUT/00137,,history,,Hotel Horizon Namur,Belgium,Sophie Lambert,Brussels DC,344.00,EUR,Cup Lids x1000; Decaf Colombia Beans 1kg; Descaler Tablets x10
S00317,Invoice posted,2026-03-11T10:34:48+00:00,Julie Martin,INV/2026/00061,,history,2026-04-10,Hotel Horizon Namur,Belgium,Sophie Lambert,Brussels DC,344.00,EUR,Cup Lids x1000; Decaf Colombia Beans 1kg; Descaler Tablets x10
S00317,Payment received,2026-04-06T06:16:26+00:00,Julie Martin,INV/2026/00061,,history,,Hotel Horizon Namur,Belgium,Sophie Lambert,Brussels DC,344.00,EUR,Cup Lids x1000; Decaf Colombia Beans 1kg; Descaler Tablets x10
S00318,Quotation created,2026-03-09T07:19:47+00:00,Tom Peeters,S00318,,history,,Café Sint-Pieters,Belgium,Tom Peeters,Brussels DC,42.00,EUR,Green Tea Sencha 500g
S00318,Quotation sent,2026-03-09T10:16:37+00:00,Tom Peeters,S00318,,history,,Café Sint-Pieters,Belgium,Tom Peeters,Brussels DC,42.00,EUR,Green Tea Sencha 500g
S00318,Order confirmed,2026-03-12T09:46:50+00:00,Tom Peeters,S00318,,history,,Café Sint-Pieters,Belgium,Tom Peeters,Brussels DC,42.00,EUR,Green Tea Sencha 500g
S00318,Delivery rescheduled,2026-03-13T07:14:34+00:00,Marc Dubois,BRU/OUT/00138,+2.0 days,history,,Café Sint-Pieters,Belgium,Tom Peeters,Brussels DC,42.00,EUR,Green Tea Sencha 500g
S00318,Order changed after confirmation,2026-03-13T07:54:47+00:00,Tom Peeters,S00318,amount 28.00 -> 42.00,history,,Café Sint-Pieters,Belgium,Tom Peeters,Brussels DC,42.00,EUR,Green Tea Sencha 500g
S00318,Goods shipped,2026-03-16T07:44:56+00:00,Marc Dubois,BRU/OUT/00138,,history,,Café Sint-Pieters,Belgium,Tom Peeters,Brussels DC,42.00,EUR,Green Tea Sencha 500g
S00318,Invoice posted,2026-03-17T08:43:15+00:00,Julie Martin,INV/2026/00063,,history,2026-04-16,Café Sint-Pieters,Belgium,Tom Peeters,Brussels DC,42.00,EUR,Green Tea Sencha 500g
S00318,Payment received,2026-04-14T08:07:09+00:00,Julie Martin,INV/2026/00063,,history,,Café Sint-Pieters,Belgium,Tom Peeters,Brussels DC,42.00,EUR,Green Tea Sencha 500g
S00319,Quotation created,2026-03-10T13:41:01+00:00,Tom Peeters,S00319,,history,,Café Parvis,Belgium,Tom Peeters,Brussels DC,1070.00,EUR,Coffee Grinder Compact; Espresso Beans Brazil 1kg; Espresso Beans Ethiopia 1kg; House Blend Beans 1kg
S00319,Quotation sent,2026-03-10T14:10:07+00:00,Tom Peeters,S00319,,history,,Café Parvis,Belgium,Tom Peeters,Brussels DC,1070.00,EUR,Coffee Grinder Compact; Espresso Beans Brazil 1kg; Espresso Beans Ethiopia 1kg; House Blend Beans 1kg
S00319,Order confirmed,2026-03-16T07:01:56+00:00,Tom Peeters,S00319,,history,,Café Parvis,Belgium,Tom Peeters,Brussels DC,1070.00,EUR,Coffee Grinder Compact; Espresso Beans Brazil 1kg; Espresso Beans Ethiopia 1kg; House Blend Beans 1kg
S00319,Goods shipped,2026-03-16T12:18:05+00:00,Marc Dubois,BRU/OUT/00140,,history,,Café Parvis,Belgium,Tom Peeters,Brussels DC,1070.00,EUR,Coffee Grinder Compact; Espresso Beans Brazil 1kg; Espresso Beans Ethiopia 1kg; House Blend Beans 1kg
S00319,Invoice posted,2026-03-17T10:03:17+00:00,Julie Martin,INV/2026/00064,,history,2026-04-16,Café Parvis,Belgium,Tom Peeters,Brussels DC,1070.00,EUR,Coffee Grinder Compact; Espresso Beans Brazil 1kg; Espresso Beans Ethiopia 1kg; House Blend Beans 1kg
S00319,Payment received,2026-04-10T06:09:13+00:00,Julie Martin,INV/2026/00064,,history,,Café Parvis,Belgium,Tom Peeters,Brussels DC,1070.00,EUR,Coffee Grinder Compact; Espresso Beans Brazil 1kg; Espresso Beans Ethiopia 1kg; House Blend Beans 1kg
S00320,Quotation created,2026-03-12T07:10:33+00:00,Sophie Lambert,S00320,,history,,Hotel Atelier Bruges,Belgium,Sophie Lambert,Brussels DC,84.00,EUR,Decaf Colombia Beans 1kg
S00320,Quotation sent,2026-03-12T08:25:28+00:00,Sophie Lambert,S00320,,history,,Hotel Atelier Bruges,Belgium,Sophie Lambert,Brussels DC,84.00,EUR,Decaf Colombia Beans 1kg
S00320,Order confirmed,2026-03-13T16:10:33+00:00,Sophie Lambert,S00320,,history,,Hotel Atelier Bruges,Belgium,Sophie Lambert,Brussels DC,84.00,EUR,Decaf Colombia Beans 1kg
S00320,Goods shipped,2026-03-16T07:25:00+00:00,Marc Dubois,BRU/OUT/00139,,history,,Hotel Atelier Bruges,Belgium,Sophie Lambert,Brussels DC,84.00,EUR,Decaf Colombia Beans 1kg
S00320,Invoice posted,2026-03-17T10:05:43+00:00,Julie Martin,INV/2026/00065,,history,2026-04-16,Hotel Atelier Bruges,Belgium,Sophie Lambert,Brussels DC,84.00,EUR,Decaf Colombia Beans 1kg
S00320,Payment received,2026-04-13T06:56:23+00:00,Julie Martin,INV/2026/00065,,history,,Hotel Atelier Bruges,Belgium,Sophie Lambert,Brussels DC,84.00,EUR,Decaf Colombia Beans 1kg
S00321,Quotation created,2026-03-12T07:30:42+00:00,Sophie Lambert,S00321,,history,,Koffiebar Meir,Belgium,Sophie Lambert,Brussels DC,384.00,EUR,House Blend Beans 1kg
S00321,Quotation sent,2026-03-12T07:50:35+00:00,Sophie Lambert,S00321,,history,,Koffiebar Meir,Belgium,Sophie Lambert,Brussels DC,384.00,EUR,House Blend Beans 1kg
S00321,Order confirmed,2026-03-16T07:52:44+00:00,Sophie Lambert,S00321,,history,,Koffiebar Meir,Belgium,Sophie Lambert,Brussels DC,384.00,EUR,House Blend Beans 1kg
S00321,Goods shipped,2026-03-18T07:06:58+00:00,Marc Dubois,BRU/OUT/00142,,history,,Koffiebar Meir,Belgium,Sophie Lambert,Brussels DC,384.00,EUR,House Blend Beans 1kg
S00321,Invoice posted,2026-03-18T13:17:16+00:00,Julie Martin,INV/2026/00068,,history,2026-04-17,Koffiebar Meir,Belgium,Sophie Lambert,Brussels DC,384.00,EUR,House Blend Beans 1kg
S00321,Payment received,2026-04-13T06:05:23+00:00,Julie Martin,INV/2026/00068,,history,,Koffiebar Meir,Belgium,Sophie Lambert,Brussels DC,384.00,EUR,House Blend Beans 1kg
S00322,Quotation created,2026-03-12T08:14:26+00:00,Tom Peeters,S00322,,history,,Café Sint-Pieters,Belgium,Tom Peeters,Brussels DC,198.00,EUR,Espresso Beans Brazil 1kg; Ground Coffee 250g
S00322,Quotation sent,2026-03-12T11:17:58+00:00,Tom Peeters,S00322,,history,,Café Sint-Pieters,Belgium,Tom Peeters,Brussels DC,198.00,EUR,Espresso Beans Brazil 1kg; Ground Coffee 250g
S00322,Order confirmed,2026-03-16T07:46:25+00:00,Tom Peeters,S00322,,history,,Café Sint-Pieters,Belgium,Tom Peeters,Brussels DC,198.00,EUR,Espresso Beans Brazil 1kg; Ground Coffee 250g
S00322,Order changed after confirmation,2026-03-16T22:10:56+00:00,Tom Peeters,S00322,amount 192.00 -> 198.00,history,,Café Sint-Pieters,Belgium,Tom Peeters,Brussels DC,198.00,EUR,Espresso Beans Brazil 1kg; Ground Coffee 250g
S00322,Goods shipped,2026-03-17T12:35:28+00:00,Marc Dubois,BRU/OUT/00141,,history,,Café Sint-Pieters,Belgium,Tom Peeters,Brussels DC,198.00,EUR,Espresso Beans Brazil 1kg; Ground Coffee 250g
S00322,Invoice posted,2026-03-18T11:58:36+00:00,Julie Martin,INV/2026/00067,,history,2026-04-17,Café Sint-Pieters,Belgium,Tom Peeters,Brussels DC,198.00,EUR,Espresso Beans Brazil 1kg; Ground Coffee 250g
S00322,Payment received,2026-04-13T06:09:51+00:00,Julie Martin,INV/2026/00067,,history,,Café Sint-Pieters,Belgium,Tom Peeters,Brussels DC,198.00,EUR,Espresso Beans Brazil 1kg; Ground Coffee 250g
S00323,Quotation created,2026-03-13T16:15:08+00:00,Sophie Lambert,S00323,,history,,Hotel Atelier Bruges,Belgium,Sophie Lambert,Brussels DC,1832.00,EUR,Espresso Beans Brazil 1kg; House Blend Beans 1kg; Paper Cups 12oz x1000
S00323,Quotation sent,2026-03-16T07:56:44+00:00,Sophie Lambert,S00323,,history,,Hotel Atelier Bruges,Belgium,Sophie Lambert,Brussels DC,1832.00,EUR,Espresso Beans Brazil 1kg; House Blend Beans 1kg; Paper Cups 12oz x1000
S00323,Order confirmed,2026-03-16T15:32:40+00:00,Sophie Lambert,S00323,,history,,Hotel Atelier Bruges,Belgium,Sophie Lambert,Brussels DC,1832.00,EUR,Espresso Beans Brazil 1kg; House Blend Beans 1kg; Paper Cups 12oz x1000
S00323,Goods shipped,2026-03-18T07:24:00+00:00,Marc Dubois,BRU/OUT/00143,,history,,Hotel Atelier Bruges,Belgium,Sophie Lambert,Brussels DC,1832.00,EUR,Espresso Beans Brazil 1kg; House Blend Beans 1kg; Paper Cups 12oz x1000
S00323,Invoice posted,2026-03-18T09:45:57+00:00,Julie Martin,INV/2026/00066,,history,2026-04-17,Hotel Atelier Bruges,Belgium,Sophie Lambert,Brussels DC,1832.00,EUR,Espresso Beans Brazil 1kg; House Blend Beans 1kg; Paper Cups 12oz x1000
S00323,Payment received,2026-04-13T06:04:50+00:00,Julie Martin,INV/2026/00066,,history,,Hotel Atelier Bruges,Belgium,Sophie Lambert,Brussels DC,1832.00,EUR,Espresso Beans Brazil 1kg; House Blend Beans 1kg; Paper Cups 12oz x1000
S00324,Quotation created,2026-03-16T13:19:36+00:00,Piotr Zieliński,S00324,,history,,Restauracja Odra,Poland,Piotr Zieliński,Warsaw DC,225.00,EUR,Paper Cups 12oz x1000
S00324,Quotation sent,2026-03-16T15:28:45+00:00,Piotr Zieliński,S00324,,history,,Restauracja Odra,Poland,Piotr Zieliński,Warsaw DC,225.00,EUR,Paper Cups 12oz x1000
S00324,Order confirmed,2026-03-19T07:52:44+00:00,Piotr Zieliński,S00324,,history,,Restauracja Odra,Poland,Piotr Zieliński,Warsaw DC,225.00,EUR,Paper Cups 12oz x1000
S00324,Order cancelled,2026-03-23T07:34:50+00:00,Piotr Zieliński,S00324,,history,,Restauracja Odra,Poland,Piotr Zieliński,Warsaw DC,225.00,EUR,Paper Cups 12oz x1000
S00325,Quotation created,2026-03-18T09:27:44+00:00,Tom Peeters,S00325,,history,,Espresso Point Wavre,Belgium,Tom Peeters,Brussels DC,28.00,EUR,Green Tea Sencha 500g
S00325,Quotation sent,2026-03-18T10:32:28+00:00,Tom Peeters,S00325,,history,,Espresso Point Wavre,Belgium,Tom Peeters,Brussels DC,28.00,EUR,Green Tea Sencha 500g
S00325,Order cancelled,2026-04-17T09:42:57+00:00,Tom Peeters,S00325,,history,,Espresso Point Wavre,Belgium,Tom Peeters,Brussels DC,28.00,EUR,Green Tea Sencha 500g
S00326,Quotation created,2026-03-18T13:01:32+00:00,Sophie Lambert,S00326,,history,,Koffiebar Meir,Belgium,Sophie Lambert,Brussels DC,248.00,EUR,Barista Apron; Ground Coffee 250g
S00326,Order confirmed,2026-03-23T07:35:04+00:00,Sophie Lambert,S00326,,history,,Koffiebar Meir,Belgium,Sophie Lambert,Brussels DC,248.00,EUR,Barista Apron; Ground Coffee 250g
S00326,Order changed after confirmation,2026-03-23T19:36:17+00:00,Sophie Lambert,S00326,amount 182.00 -> 248.00,history,,Koffiebar Meir,Belgium,Sophie Lambert,Brussels DC,248.00,EUR,Barista Apron; Ground Coffee 250g
S00326,Goods shipped,2026-03-24T07:37:31+00:00,Marc Dubois,BRU/OUT/00144,,history,,Koffiebar Meir,Belgium,Sophie Lambert,Brussels DC,248.00,EUR,Barista Apron; Ground Coffee 250g
S00326,Invoice posted,2026-03-25T08:31:13+00:00,Julie Martin,INV/2026/00072,,history,2026-04-24,Koffiebar Meir,Belgium,Sophie Lambert,Brussels DC,248.00,EUR,Barista Apron; Ground Coffee 250g
S00327,Quotation created,2026-03-19T08:55:55+00:00,Kasia Nowak,S00327,,history,,Hotel Tatry View,Poland,Kasia Nowak,Warsaw DC,890.00,EUR,Descaler Tablets x10; Paper Cups 12oz x1000
S00327,Quotation sent,2026-03-19T10:52:34+00:00,Kasia Nowak,S00327,,history,,Hotel Tatry View,Poland,Kasia Nowak,Warsaw DC,890.00,EUR,Descaler Tablets x10; Paper Cups 12oz x1000
S00327,Order confirmed,2026-03-23T07:34:44+00:00,Kasia Nowak,S00327,,history,,Hotel Tatry View,Poland,Kasia Nowak,Warsaw DC,890.00,EUR,Descaler Tablets x10; Paper Cups 12oz x1000
S00327,Order changed after confirmation,2026-03-24T07:16:12+00:00,Kasia Nowak,S00327,amount 800.00 -> 890.00,history,,Hotel Tatry View,Poland,Kasia Nowak,Warsaw DC,890.00,EUR,Descaler Tablets x10; Paper Cups 12oz x1000
S00327,Goods shipped,2026-03-25T07:16:41+00:00,Ola Wiśniewska,WAW/OUT/00127,,history,,Hotel Tatry View,Poland,Kasia Nowak,Warsaw DC,890.00,EUR,Descaler Tablets x10; Paper Cups 12oz x1000
S00327,Invoice posted,2026-03-30T07:48:46+00:00,Anna Kowalczyk,INV/2026/00078,,history,2026-04-29,Hotel Tatry View,Poland,Kasia Nowak,Warsaw DC,890.00,EUR,Descaler Tablets x10; Paper Cups 12oz x1000
S00327,Payment received,2026-04-27T06:31:04+00:00,Anna Kowalczyk,INV/2026/00078,,history,,Hotel Tatry View,Poland,Kasia Nowak,Warsaw DC,890.00,EUR,Descaler Tablets x10; Paper Cups 12oz x1000
S00328,Quotation created,2026-03-19T09:26:57+00:00,Kasia Nowak,S00328,,history,,Hotel Tatry View,Poland,Kasia Nowak,Warsaw DC,280.00,EUR,Oat Milk Barista 12x1L
S00328,Quotation sent,2026-03-19T11:53:52+00:00,Kasia Nowak,S00328,,history,,Hotel Tatry View,Poland,Kasia Nowak,Warsaw DC,280.00,EUR,Oat Milk Barista 12x1L
S00328,Order confirmed,2026-03-20T07:38:37+00:00,Kasia Nowak,S00328,,history,,Hotel Tatry View,Poland,Kasia Nowak,Warsaw DC,280.00,EUR,Oat Milk Barista 12x1L
S00328,Goods shipped,2026-03-25T14:07:00+00:00,Ola Wiśniewska,WAW/OUT/00126,,history,,Hotel Tatry View,Poland,Kasia Nowak,Warsaw DC,280.00,EUR,Oat Milk Barista 12x1L
S00328,Invoice posted,2026-03-30T07:46:14+00:00,Anna Kowalczyk,INV/2026/00077,,history,2026-04-29,Hotel Tatry View,Poland,Kasia Nowak,Warsaw DC,280.00,EUR,Oat Milk Barista 12x1L
S00328,Payment received,2026-05-04T06:06:15+00:00,Anna Kowalczyk,INV/2026/00077,,history,,Hotel Tatry View,Poland,Kasia Nowak,Warsaw DC,280.00,EUR,Oat Milk Barista 12x1L
S00329,Quotation created,2026-03-20T10:47:58+00:00,Sophie Lambert,S00329,,history,,Lunchbar Kouter,Belgium,Sophie Lambert,Brussels DC,426.00,EUR,Espresso Beans Brazil 1kg; House Blend Beans 1kg; Vanilla Syrup 1L
S00329,Quotation sent,2026-03-20T14:36:50+00:00,Sophie Lambert,S00329,,history,,Lunchbar Kouter,Belgium,Sophie Lambert,Brussels DC,426.00,EUR,Espresso Beans Brazil 1kg; House Blend Beans 1kg; Vanilla Syrup 1L
S00329,Order confirmed,2026-03-23T07:40:10+00:00,Sophie Lambert,S00329,,history,,Lunchbar Kouter,Belgium,Sophie Lambert,Brussels DC,426.00,EUR,Espresso Beans Brazil 1kg; House Blend Beans 1kg; Vanilla Syrup 1L
S00329,Goods shipped,2026-03-24T07:04:27+00:00,Marc Dubois,BRU/OUT/00145,,history,,Lunchbar Kouter,Belgium,Sophie Lambert,Brussels DC,426.00,EUR,Espresso Beans Brazil 1kg; House Blend Beans 1kg; Vanilla Syrup 1L
S00329,Invoice posted,2026-03-25T09:43:49+00:00,Julie Martin,INV/2026/00073,,history,2026-04-24,Lunchbar Kouter,Belgium,Sophie Lambert,Brussels DC,426.00,EUR,Espresso Beans Brazil 1kg; House Blend Beans 1kg; Vanilla Syrup 1L
S00329,Payment received,2026-04-16T06:29:41+00:00,Julie Martin,INV/2026/00073,,history,,Lunchbar Kouter,Belgium,Sophie Lambert,Brussels DC,426.00,EUR,Espresso Beans Brazil 1kg; House Blend Beans 1kg; Vanilla Syrup 1L
S00330,Quotation created,2026-03-20T14:56:08+00:00,Kasia Nowak,S00330,,history,,Piekarnia Żoliborz,Poland,Kasia Nowak,Warsaw DC,642.00,EUR,Decaf Colombia Beans 1kg; Espresso Beans Brazil 1kg
S00330,Quotation sent,2026-03-23T07:42:08+00:00,Kasia Nowak,S00330,,history,,Piekarnia Żoliborz,Poland,Kasia Nowak,Warsaw DC,642.00,EUR,Decaf Colombia Beans 1kg; Espresso Beans Brazil 1kg
S00330,Order confirmed,2026-03-24T07:05:47+00:00,Kasia Nowak,S00330,,history,,Piekarnia Żoliborz,Poland,Kasia Nowak,Warsaw DC,642.00,EUR,Decaf Colombia Beans 1kg; Espresso Beans Brazil 1kg
S00330,Invoice posted,2026-03-24T11:32:04+00:00,Anna Kowalczyk,INV/2026/00070,,history,2026-04-23,Piekarnia Żoliborz,Poland,Kasia Nowak,Warsaw DC,642.00,EUR,Decaf Colombia Beans 1kg; Espresso Beans Brazil 1kg
S00330,Goods shipped,2026-03-25T15:39:59+00:00,Ola Wiśniewska,WAW/OUT/00128,,history,,Piekarnia Żoliborz,Poland,Kasia Nowak,Warsaw DC,642.00,EUR,Decaf Colombia Beans 1kg; Espresso Beans Brazil 1kg
S00330,Payment received,2026-04-13T06:04:12+00:00,Anna Kowalczyk,INV/2026/00070,,history,,Piekarnia Żoliborz,Poland,Kasia Nowak,Warsaw DC,642.00,EUR,Decaf Colombia Beans 1kg; Espresso Beans Brazil 1kg
S00331,Quotation created,2026-03-20T15:30:18+00:00,Tom Peeters,S00331,,history,,Business Park Diegem,Belgium,Tom Peeters,Brussels DC,526.00,EUR,Chai Latte Mix 1kg; Green Tea Sencha 500g
S00331,Quotation sent,2026-03-20T16:26:56+00:00,Tom Peeters,S00331,,history,,Business Park Diegem,Belgium,Tom Peeters,Brussels DC,526.00,EUR,Chai Latte Mix 1kg; Green Tea Sencha 500g
S00331,Order confirmed,2026-03-23T09:49:28+00:00,Tom Peeters,S00331,,history,,Business Park Diegem,Belgium,Tom Peeters,Brussels DC,526.00,EUR,Chai Latte Mix 1kg; Green Tea Sencha 500g
S00331,Goods shipped,2026-03-24T07:29:20+00:00,Marc Dubois,BRU/OUT/00146,,history,,Business Park Diegem,Belgium,Tom Peeters,Brussels DC,526.00,EUR,Chai Latte Mix 1kg; Green Tea Sencha 500g
S00331,Invoice posted,2026-03-25T07:53:56+00:00,Julie Martin,INV/2026/00071,,history,2026-04-24,Business Park Diegem,Belgium,Tom Peeters,Brussels DC,526.00,EUR,Chai Latte Mix 1kg; Green Tea Sencha 500g
S00331,Payment received,2026-04-23T06:15:01+00:00,Julie Martin,INV/2026/00071,,history,,Business Park Diegem,Belgium,Tom Peeters,Brussels DC,526.00,EUR,Chai Latte Mix 1kg; Green Tea Sencha 500g
S00332,Quotation created,2026-03-23T07:09:04+00:00,Tom Peeters,S00332,,history,,Bakkerij Zuid,Belgium,Tom Peeters,Brussels DC,128.00,EUR,Chai Latte Mix 1kg; Espresso Beans Brazil 1kg
S00332,Quotation sent,2026-03-23T10:02:41+00:00,Tom Peeters,S00332,,history,,Bakkerij Zuid,Belgium,Tom Peeters,Brussels DC,128.00,EUR,Chai Latte Mix 1kg; Espresso Beans Brazil 1kg
S00332,Order confirmed,2026-03-24T07:46:48+00:00,Tom Peeters,S00332,,history,,Bakkerij Zuid,Belgium,Tom Peeters,Brussels DC,128.00,EUR,Chai Latte Mix 1kg; Espresso Beans Brazil 1kg
S00332,Goods shipped,2026-03-25T07:01:07+00:00,Marc Dubois,BRU/OUT/00147,,history,,Bakkerij Zuid,Belgium,Tom Peeters,Brussels DC,128.00,EUR,Chai Latte Mix 1kg; Espresso Beans Brazil 1kg
S00332,Invoice posted,2026-03-26T07:54:15+00:00,Julie Martin,INV/2026/00074,,history,2026-04-25,Bakkerij Zuid,Belgium,Tom Peeters,Brussels DC,128.00,EUR,Chai Latte Mix 1kg; Espresso Beans Brazil 1kg
S00332,Payment received,2026-04-20T06:40:38+00:00,Julie Martin,INV/2026/00074,,history,,Bakkerij Zuid,Belgium,Tom Peeters,Brussels DC,128.00,EUR,Chai Latte Mix 1kg; Espresso Beans Brazil 1kg
S00333,Quotation created,2026-03-23T08:33:58+00:00,Tom Peeters,S00333,,history,,Office Hub Leuven,Belgium,Tom Peeters,Brussels DC,644.00,EUR,Barista Apron; Chai Latte Mix 1kg; Espresso Beans Brazil 1kg; House Blend Beans 1kg
S00333,Quotation sent,2026-03-23T11:16:53+00:00,Tom Peeters,S00333,,history,,Office Hub Leuven,Belgium,Tom Peeters,Brussels DC,644.00,EUR,Barista Apron; Chai Latte Mix 1kg; Espresso Beans Brazil 1kg; House Blend Beans 1kg
S00333,Order confirmed,2026-03-26T07:34:42+00:00,Tom Peeters,S00333,,history,,Office Hub Leuven,Belgium,Tom Peeters,Brussels DC,644.00,EUR,Barista Apron; Chai Latte Mix 1kg; Espresso Beans Brazil 1kg; House Blend Beans 1kg
S00333,Goods shipped,2026-03-27T13:02:48+00:00,Marc Dubois,BRU/OUT/00149,,history,,Office Hub Leuven,Belgium,Tom Peeters,Brussels DC,644.00,EUR,Barista Apron; Chai Latte Mix 1kg; Espresso Beans Brazil 1kg; House Blend Beans 1kg
S00333,Invoice posted,2026-03-30T08:01:49+00:00,Julie Martin,INV/2026/00079,,history,2026-04-29,Office Hub Leuven,Belgium,Tom Peeters,Brussels DC,644.00,EUR,Barista Apron; Chai Latte Mix 1kg; Espresso Beans Brazil 1kg; House Blend Beans 1kg
S00333,Payment received,2026-04-27T12:15:47+00:00,Julie Martin,INV/2026/00079,,history,,Office Hub Leuven,Belgium,Tom Peeters,Brussels DC,644.00,EUR,Barista Apron; Chai Latte Mix 1kg; Espresso Beans Brazil 1kg; House Blend Beans 1kg
S00334,Quotation created,2026-03-23T16:08:03+00:00,Tom Peeters,S00334,,history,,Tearoom Duinen,Belgium,Tom Peeters,Brussels DC,5150.00,EUR,Descaler Tablets x10; Espresso Machine Pro
S00334,Quotation sent,2026-03-24T07:34:02+00:00,Tom Peeters,S00334,,history,,Tearoom Duinen,Belgium,Tom Peeters,Brussels DC,5150.00,EUR,Descaler Tablets x10; Espresso Machine Pro
S00334,Order confirmed,2026-03-25T07:11:29+00:00,Tom Peeters,S00334,,history,,Tearoom Duinen,Belgium,Tom Peeters,Brussels DC,5150.00,EUR,Descaler Tablets x10; Espresso Machine Pro
S00334,Order changed after confirmation,2026-03-26T07:13:26+00:00,Tom Peeters,S00334,"amount 2,750.00 -> 5,150.00",history,,Tearoom Duinen,Belgium,Tom Peeters,Brussels DC,5150.00,EUR,Descaler Tablets x10; Espresso Machine Pro
S00334,Delivery rescheduled,2026-03-27T07:00:00+00:00,Marc Dubois,BRU/OUT/00148,+4.0 days,history,,Tearoom Duinen,Belgium,Tom Peeters,Brussels DC,5150.00,EUR,Descaler Tablets x10; Espresso Machine Pro
S00334,Delivery rescheduled,2026-03-30T06:06:20+00:00,Marc Dubois,BRU/OUT/00148,+5.0 days,history,,Tearoom Duinen,Belgium,Tom Peeters,Brussels DC,5150.00,EUR,Descaler Tablets x10; Espresso Machine Pro
S00334,Delivery rescheduled,2026-04-01T11:31:16+00:00,Marc Dubois,BRU/OUT/00148,+4.0 days,history,,Tearoom Duinen,Belgium,Tom Peeters,Brussels DC,5150.00,EUR,Descaler Tablets x10; Espresso Machine Pro
S00334,Goods shipped,2026-04-06T06:15:17+00:00,Marc Dubois,BRU/OUT/00148,,history,,Tearoom Duinen,Belgium,Tom Peeters,Brussels DC,5150.00,EUR,Descaler Tablets x10; Espresso Machine Pro
S00334,Invoice posted,2026-04-07T08:57:17+00:00,Julie Martin,INV/2026/00087,,history,2026-05-07,Tearoom Duinen,Belgium,Tom Peeters,Brussels DC,5150.00,EUR,Descaler Tablets x10; Espresso Machine Pro
S00334,Payment received,2026-04-28T06:36:43+00:00,Julie Martin,INV/2026/00087,,history,,Tearoom Duinen,Belgium,Tom Peeters,Brussels DC,5150.00,EUR,Descaler Tablets x10; Espresso Machine Pro
S00335,Quotation created,2026-03-24T10:23:03+00:00,Piotr Zieliński,S00335,,history,,Kawiarnia Rynek,Poland,Piotr Zieliński,Warsaw DC,552.00,EUR,Ground Coffee 250g; Paper Cups 12oz x1000
S00335,Quotation sent,2026-03-24T15:43:42+00:00,Piotr Zieliński,S00335,,history,,Kawiarnia Rynek,Poland,Piotr Zieliński,Warsaw DC,552.00,EUR,Ground Coffee 250g; Paper Cups 12oz x1000
S00335,Order confirmed,2026-03-25T11:42:43+00:00,Piotr Zieliński,S00335,,history,,Kawiarnia Rynek,Poland,Piotr Zieliński,Warsaw DC,552.00,EUR,Ground Coffee 250g; Paper Cups 12oz x1000
S00335,Delivery rescheduled,2026-03-26T07:10:17+00:00,Ola Wiśniewska,WAW/OUT/00129,+3.0 days,history,,Kawiarnia Rynek,Poland,Piotr Zieliński,Warsaw DC,552.00,EUR,Ground Coffee 250g; Paper Cups 12oz x1000
S00335,Goods shipped,2026-03-27T11:23:47+00:00,Ola Wiśniewska,WAW/OUT/00129,,history,,Kawiarnia Rynek,Poland,Piotr Zieliński,Warsaw DC,552.00,EUR,Ground Coffee 250g; Paper Cups 12oz x1000
S00335,Invoice posted,2026-03-30T07:16:22+00:00,Anna Kowalczyk,INV/2026/00076,,history,2026-04-29,Kawiarnia Rynek,Poland,Piotr Zieliński,Warsaw DC,552.00,EUR,Ground Coffee 250g; Paper Cups 12oz x1000
S00335,Payment received,2026-04-22T06:11:40+00:00,Anna Kowalczyk,INV/2026/00076,,history,,Kawiarnia Rynek,Poland,Piotr Zieliński,Warsaw DC,552.00,EUR,Ground Coffee 250g; Paper Cups 12oz x1000
S00336,Quotation created,2026-03-25T08:27:31+00:00,Piotr Zieliński,S00336,,history,,Café Nowa Huta,Poland,Piotr Zieliński,Warsaw DC,120.00,EUR,Espresso Beans Ethiopia 1kg
S00336,Quotation sent,2026-03-25T11:46:57+00:00,Piotr Zieliński,S00336,,history,,Café Nowa Huta,Poland,Piotr Zieliński,Warsaw DC,120.00,EUR,Espresso Beans Ethiopia 1kg
S00336,Order cancelled,2026-04-13T06:31:00+00:00,Piotr Zieliński,S00336,,history,,Café Nowa Huta,Poland,Piotr Zieliński,Warsaw DC,120.00,EUR,Espresso Beans Ethiopia 1kg
S00337,Quotation created,2026-03-25T09:59:21+00:00,Kasia Nowak,S00337,,history,,Restauracja Odra,Poland,Kasia Nowak,Warsaw DC,684.00,EUR,Espresso Beans Ethiopia 1kg; Paper Cups 12oz x1000
S00337,Quotation sent,2026-03-25T15:29:49+00:00,Kasia Nowak,S00337,,history,,Restauracja Odra,Poland,Kasia Nowak,Warsaw DC,684.00,EUR,Espresso Beans Ethiopia 1kg; Paper Cups 12oz x1000
S00337,Order confirmed,2026-03-26T07:49:37+00:00,Kasia Nowak,S00337,,history,,Restauracja Odra,Poland,Kasia Nowak,Warsaw DC,684.00,EUR,Espresso Beans Ethiopia 1kg; Paper Cups 12oz x1000
S00337,Invoice posted,2026-03-26T12:21:47+00:00,Anna Kowalczyk,INV/2026/00075,,history,2026-04-25,Restauracja Odra,Poland,Kasia Nowak,Warsaw DC,684.00,EUR,Espresso Beans Ethiopia 1kg; Paper Cups 12oz x1000
S00337,Goods shipped,2026-03-27T07:28:17+00:00,Ola Wiśniewska,WAW/OUT/00130,,history,,Restauracja Odra,Poland,Kasia Nowak,Warsaw DC,684.00,EUR,Espresso Beans Ethiopia 1kg; Paper Cups 12oz x1000
S00337,Payment received,2026-05-25T06:46:37+00:00,Anna Kowalczyk,INV/2026/00075,,history,,Restauracja Odra,Poland,Kasia Nowak,Warsaw DC,684.00,EUR,Espresso Beans Ethiopia 1kg; Paper Cups 12oz x1000
S00338,Quotation created,2026-03-25T10:11:00+00:00,Sophie Lambert,S00338,,history,,Espresso Point Wavre,Belgium,Sophie Lambert,Brussels DC,700.00,EUR,Decaf Colombia Beans 1kg; Green Tea Sencha 500g
S00338,Quotation sent,2026-03-25T11:43:44+00:00,Sophie Lambert,S00338,,history,,Espresso Point Wavre,Belgium,Sophie Lambert,Brussels DC,700.00,EUR,Decaf Colombia Beans 1kg; Green Tea Sencha 500g
S00338,Order cancelled,2026-05-04T06:32:29+00:00,Sophie Lambert,S00338,,history,,Espresso Point Wavre,Belgium,Sophie Lambert,Brussels DC,700.00,EUR,Decaf Colombia Beans 1kg; Green Tea Sencha 500g
S00339,Quotation created,2026-03-25T15:13:48+00:00,Kasia Nowak,S00339,,history,,Biuro Centrum Wola,Poland,Kasia Nowak,Warsaw DC,42.00,EUR,Decaf Colombia Beans 1kg
S00340,Quotation created,2026-03-26T07:43:03+00:00,Piotr Zieliński,S00340,,history,,Restauracja Odra,Poland,Piotr Zieliński,Warsaw DC,496.00,EUR,Espresso Beans Brazil 1kg; House Blend Beans 1kg
S00340,Quotation sent,2026-03-26T12:38:19+00:00,Piotr Zieliński,S00340,,history,,Restauracja Odra,Poland,Piotr Zieliński,Warsaw DC,496.00,EUR,Espresso Beans Brazil 1kg; House Blend Beans 1kg
S00340,Order cancelled,2026-04-16T06:35:48+00:00,Piotr Zieliński,S00340,,history,,Restauracja Odra,Poland,Piotr Zieliński,Warsaw DC,496.00,EUR,Espresso Beans Brazil 1kg; House Blend Beans 1kg
S00341,Quotation created,2026-03-26T10:56:34+00:00,Piotr Zieliński,S00341,,history,,Stołówka Politechnika,Poland,Piotr Zieliński,Warsaw DC,386.00,EUR,Cup Lids x1000; Oat Milk Barista 12x1L
S00341,Quotation sent,2026-03-26T14:45:28+00:00,Piotr Zieliński,S00341,,history,,Stołówka Politechnika,Poland,Piotr Zieliński,Warsaw DC,386.00,EUR,Cup Lids x1000; Oat Milk Barista 12x1L
S00341,Order confirmed,2026-03-30T06:05:02+00:00,Piotr Zieliński,S00341,,history,,Stołówka Politechnika,Poland,Piotr Zieliński,Warsaw DC,386.00,EUR,Cup Lids x1000; Oat Milk Barista 12x1L
S00341,Goods shipped,2026-03-31T11:02:56+00:00,Ola Wiśniewska,WAW/OUT/00131,,history,,Stołówka Politechnika,Poland,Piotr Zieliński,Warsaw DC,386.00,EUR,Cup Lids x1000; Oat Milk Barista 12x1L
S00341,Invoice posted,2026-04-02T07:47:33+00:00,Anna Kowalczyk,INV/2026/00082,,history,2026-05-02,Stołówka Politechnika,Poland,Piotr Zieliński,Warsaw DC,386.00,EUR,Cup Lids x1000; Oat Milk Barista 12x1L
S00341,Payment received,2026-04-27T07:43:34+00:00,Anna Kowalczyk,INV/2026/00082,,history,,Stołówka Politechnika,Poland,Piotr Zieliński,Warsaw DC,386.00,EUR,Cup Lids x1000; Oat Milk Barista 12x1L
S00342,Quotation created,2026-03-26T11:39:20+00:00,Sophie Lambert,S00342,,history,,Hotel Lindenhof,Belgium,Sophie Lambert,Brussels DC,60.00,EUR,Ground Coffee 250g
S00342,Quotation sent,2026-03-26T12:06:01+00:00,Sophie Lambert,S00342,,history,,Hotel Lindenhof,Belgium,Sophie Lambert,Brussels DC,60.00,EUR,Ground Coffee 250g
S00342,Order confirmed,2026-03-27T08:17:33+00:00,Sophie Lambert,S00342,,history,,Hotel Lindenhof,Belgium,Sophie Lambert,Brussels DC,60.00,EUR,Ground Coffee 250g
S00342,Goods shipped,2026-03-30T06:14:05+00:00,Marc Dubois,BRU/OUT/00150,,history,,Hotel Lindenhof,Belgium,Sophie Lambert,Brussels DC,60.00,EUR,Ground Coffee 250g
S00342,Invoice posted,2026-03-30T09:34:26+00:00,Julie Martin,INV/2026/00080,,history,2026-04-29,Hotel Lindenhof,Belgium,Sophie Lambert,Brussels DC,60.00,EUR,Ground Coffee 250g
S00342,Payment received,2026-04-22T06:40:00+00:00,Julie Martin,INV/2026/00080,,history,,Hotel Lindenhof,Belgium,Sophie Lambert,Brussels DC,60.00,EUR,Ground Coffee 250g
S00343,Quotation created,2026-03-26T16:05:40+00:00,Tom Peeters,S00343,,history,,Café Parvis,Belgium,Tom Peeters,Brussels DC,474.00,EUR,Espresso Beans Brazil 1kg; House Blend Beans 1kg
S00343,Quotation sent,2026-03-27T07:05:13+00:00,Tom Peeters,S00343,,history,,Café Parvis,Belgium,Tom Peeters,Brussels DC,474.00,EUR,Espresso Beans Brazil 1kg; House Blend Beans 1kg
S00343,Order confirmed,2026-03-30T06:48:20+00:00,Tom Peeters,S00343,,history,,Café Parvis,Belgium,Tom Peeters,Brussels DC,474.00,EUR,Espresso Beans Brazil 1kg; House Blend Beans 1kg
S00343,Goods shipped,2026-03-31T06:37:10+00:00,Marc Dubois,BRU/OUT/00151,,history,,Café Parvis,Belgium,Tom Peeters,Brussels DC,474.00,EUR,Espresso Beans Brazil 1kg; House Blend Beans 1kg
S00343,Invoice posted,2026-04-01T06:35:18+00:00,Julie Martin,INV/2026/00081,,history,2026-05-01,Café Parvis,Belgium,Tom Peeters,Brussels DC,474.00,EUR,Espresso Beans Brazil 1kg; House Blend Beans 1kg
S00343,Payment received,2026-04-22T06:08:24+00:00,Julie Martin,INV/2026/00081,,history,,Café Parvis,Belgium,Tom Peeters,Brussels DC,474.00,EUR,Espresso Beans Brazil 1kg; House Blend Beans 1kg
S00344,Quotation created,2026-03-30T06:11:45+00:00,Piotr Zieliński,S00344,,history,,Kawiarnia Rynek,Poland,Piotr Zieliński,Warsaw DC,1406.00,EUR,Coffee Grinder Compact; Espresso Beans Ethiopia 1kg; Paper Cups 12oz x1000
S00344,Quotation sent,2026-03-30T07:16:33+00:00,Piotr Zieliński,S00344,,history,,Kawiarnia Rynek,Poland,Piotr Zieliński,Warsaw DC,1406.00,EUR,Coffee Grinder Compact; Espresso Beans Ethiopia 1kg; Paper Cups 12oz x1000
S00344,Order confirmed,2026-04-02T11:11:06+00:00,Piotr Zieliński,S00344,,history,,Kawiarnia Rynek,Poland,Piotr Zieliński,Warsaw DC,1406.00,EUR,Coffee Grinder Compact; Espresso Beans Ethiopia 1kg; Paper Cups 12oz x1000
S00344,Goods shipped,2026-04-07T08:11:00+00:00,Ola Wiśniewska,WAW/OUT/00134,,history,,Kawiarnia Rynek,Poland,Piotr Zieliński,Warsaw DC,1406.00,EUR,Coffee Grinder Compact; Espresso Beans Ethiopia 1kg; Paper Cups 12oz x1000
S00344,Invoice posted,2026-04-08T07:02:48+00:00,Anna Kowalczyk,INV/2026/00092,,history,2026-05-08,Kawiarnia Rynek,Poland,Piotr Zieliński,Warsaw DC,1406.00,EUR,Coffee Grinder Compact; Espresso Beans Ethiopia 1kg; Paper Cups 12oz x1000
S00344,Payment received,2026-05-11T06:54:05+00:00,Anna Kowalczyk,INV/2026/00092,,history,,Kawiarnia Rynek,Poland,Piotr Zieliński,Warsaw DC,1406.00,EUR,Coffee Grinder Compact; Espresso Beans Ethiopia 1kg; Paper Cups 12oz x1000
S00345,Quotation created,2026-03-30T06:46:16+00:00,Piotr Zieliński,S00345,,history,,Restauracja Odra,Poland,Piotr Zieliński,Warsaw DC,976.00,EUR,Espresso Beans Ethiopia 1kg; House Blend Beans 1kg; Oat Milk Barista 12x1L
S00345,Quotation sent,2026-03-30T09:51:17+00:00,Piotr Zieliński,S00345,,history,,Restauracja Odra,Poland,Piotr Zieliński,Warsaw DC,976.00,EUR,Espresso Beans Ethiopia 1kg; House Blend Beans 1kg; Oat Milk Barista 12x1L
S00346,Quotation created,2026-03-30T06:55:40+00:00,Sophie Lambert,S00346,,history,,Salon Mosan,Belgium,Sophie Lambert,Brussels DC,54.00,EUR,Vanilla Syrup 1L
S00346,Quotation sent,2026-03-30T08:53:24+00:00,Sophie Lambert,S00346,,history,,Salon Mosan,Belgium,Sophie Lambert,Brussels DC,54.00,EUR,Vanilla Syrup 1L
S00346,Order cancelled,2026-04-15T06:01:37+00:00,Sophie Lambert,S00346,,history,,Salon Mosan,Belgium,Sophie Lambert,Brussels DC,54.00,EUR,Vanilla Syrup 1L
S00347,Quotation created,2026-03-30T06:56:26+00:00,Kasia Nowak,S00347,,history,,Kawiarnia Rynek,Poland,Kasia Nowak,Warsaw DC,280.00,EUR,Oat Milk Barista 12x1L
S00347,Order cancelled,2026-05-04T06:54:33+00:00,Kasia Nowak,S00347,,history,,Kawiarnia Rynek,Poland,Kasia Nowak,Warsaw DC,280.00,EUR,Oat Milk Barista 12x1L
S00348,Quotation created,2026-03-30T10:09:49+00:00,Sophie Lambert,S00348,,history,,Hotel Lindenhof,Belgium,Sophie Lambert,Brussels DC,1061.00,EUR,Cup Lids x1000; Oat Milk Barista 12x1L; Paper Cups 12oz x1000
S00348,Quotation sent,2026-03-30T11:12:01+00:00,Sophie Lambert,S00348,,history,,Hotel Lindenhof,Belgium,Sophie Lambert,Brussels DC,1061.00,EUR,Cup Lids x1000; Oat Milk Barista 12x1L; Paper Cups 12oz x1000
S00348,Order confirmed,2026-04-01T06:36:39+00:00,Sophie Lambert,S00348,,history,,Hotel Lindenhof,Belgium,Sophie Lambert,Brussels DC,1061.00,EUR,Cup Lids x1000; Oat Milk Barista 12x1L; Paper Cups 12oz x1000
S00348,Goods shipped,2026-04-02T10:30:22+00:00,Marc Dubois,BRU/OUT/00153,,history,,Hotel Lindenhof,Belgium,Sophie Lambert,Brussels DC,1061.00,EUR,Cup Lids x1000; Oat Milk Barista 12x1L; Paper Cups 12oz x1000
S00348,Invoice posted,2026-04-03T10:30:38+00:00,Julie Martin,INV/2026/00084,,history,2026-05-03,Hotel Lindenhof,Belgium,Sophie Lambert,Brussels DC,1061.00,EUR,Cup Lids x1000; Oat Milk Barista 12x1L; Paper Cups 12oz x1000
S00348,Payment received,2026-04-23T06:11:54+00:00,Julie Martin,INV/2026/00084,,history,,Hotel Lindenhof,Belgium,Sophie Lambert,Brussels DC,1061.00,EUR,Cup Lids x1000; Oat Milk Barista 12x1L; Paper Cups 12oz x1000
S00349,Quotation created,2026-03-30T13:27:25+00:00,Piotr Zieliński,S00349,,history,,Coworking Praga,Poland,Piotr Zieliński,Warsaw DC,168.00,EUR,Green Tea Sencha 500g
S00349,Quotation sent,2026-03-30T14:04:31+00:00,Piotr Zieliński,S00349,,history,,Coworking Praga,Poland,Piotr Zieliński,Warsaw DC,168.00,EUR,Green Tea Sencha 500g
S00349,Order confirmed,2026-03-31T06:19:28+00:00,Piotr Zieliński,S00349,,history,,Coworking Praga,Poland,Piotr Zieliński,Warsaw DC,168.00,EUR,Green Tea Sencha 500g
S00349,Goods shipped,2026-04-01T06:13:49+00:00,Ola Wiśniewska,WAW/OUT/00132,,history,,Coworking Praga,Poland,Piotr Zieliński,Warsaw DC,168.00,EUR,Green Tea Sencha 500g
S00349,Invoice posted,2026-04-03T14:50:34+00:00,Anna Kowalczyk,INV/2026/00085,,history,2026-05-03,Coworking Praga,Poland,Piotr Zieliński,Warsaw DC,168.00,EUR,Green Tea Sencha 500g
S00349,Credit note posted,2026-04-15T07:42:49+00:00,Anna Kowalczyk,RINV/2026/00004,,history,,Coworking Praga,Poland,Piotr Zieliński,Warsaw DC,168.00,EUR,Green Tea Sencha 500g
S00349,Payment received,2026-05-26T08:11:58+00:00,Anna Kowalczyk,INV/2026/00085,,history,,Coworking Praga,Poland,Piotr Zieliński,Warsaw DC,168.00,EUR,Green Tea Sencha 500g
S00350,Quotation created,2026-03-31T06:36:57+00:00,Kasia Nowak,S00350,,history,,Kawiarnia Ogród,Poland,Kasia Nowak,Warsaw DC,144.00,EUR,Ground Coffee 250g
S00350,Quotation sent,2026-03-31T07:16:49+00:00,Kasia Nowak,S00350,,history,,Kawiarnia Ogród,Poland,Kasia Nowak,Warsaw DC,144.00,EUR,Ground Coffee 250g
S00350,Order confirmed,2026-04-06T06:12:51+00:00,Kasia Nowak,S00350,,history,,Kawiarnia Ogród,Poland,Kasia Nowak,Warsaw DC,144.00,EUR,Ground Coffee 250g
S00350,Goods shipped,2026-04-08T06:12:15+00:00,Ola Wiśniewska,WAW/OUT/00136,,history,,Kawiarnia Ogród,Poland,Kasia Nowak,Warsaw DC,144.00,EUR,Ground Coffee 250g
S00350,Invoice posted,2026-04-13T07:46:54+00:00,Anna Kowalczyk,INV/2026/00102,,history,2026-05-13,Kawiarnia Ogród,Poland,Kasia Nowak,Warsaw DC,144.00,EUR,Ground Coffee 250g
S00350,Payment received,2026-05-04T06:50:14+00:00,Anna Kowalczyk,INV/2026/00102,,history,,Kawiarnia Ogród,Poland,Kasia Nowak,Warsaw DC,144.00,EUR,Ground Coffee 250g
S00351,Quotation created,2026-03-31T07:28:25+00:00,Kasia Nowak,S00351,,history,,Hotel Nad Wisłą,Poland,Kasia Nowak,Warsaw DC,32.00,EUR,House Blend Beans 1kg
S00351,Quotation sent,2026-03-31T13:08:31+00:00,Kasia Nowak,S00351,,history,,Hotel Nad Wisłą,Poland,Kasia Nowak,Warsaw DC,32.00,EUR,House Blend Beans 1kg
S00351,Order cancelled,2026-04-28T06:34:00+00:00,Kasia Nowak,S00351,,history,,Hotel Nad Wisłą,Poland,Kasia Nowak,Warsaw DC,32.00,EUR,House Blend Beans 1kg
S00352,Quotation created,2026-03-31T07:33:33+00:00,Sophie Lambert,S00352,,history,,Tearoom Duinen,Belgium,Sophie Lambert,Brussels DC,128.00,EUR,Earl Grey Tea 500g; House Blend Beans 1kg
S00352,Quotation sent,2026-03-31T10:35:31+00:00,Sophie Lambert,S00352,,history,,Tearoom Duinen,Belgium,Sophie Lambert,Brussels DC,128.00,EUR,Earl Grey Tea 500g; House Blend Beans 1kg
S00352,Order confirmed,2026-04-01T06:14:05+00:00,Sophie Lambert,S00352,,history,,Tearoom Duinen,Belgium,Sophie Lambert,Brussels DC,128.00,EUR,Earl Grey Tea 500g; House Blend Beans 1kg
S00352,Goods shipped,2026-04-01T13:48:35+00:00,Marc Dubois,BRU/OUT/00152,,history,,Tearoom Duinen,Belgium,Sophie Lambert,Brussels DC,128.00,EUR,Earl Grey Tea 500g; House Blend Beans 1kg
S00352,Invoice posted,2026-04-02T09:16:44+00:00,Julie Martin,INV/2026/00083,,history,2026-05-02,Tearoom Duinen,Belgium,Sophie Lambert,Brussels DC,128.00,EUR,Earl Grey Tea 500g; House Blend Beans 1kg
S00352,Payment received,2026-05-04T06:03:13+00:00,Julie Martin,INV/2026/00083,,history,,Tearoom Duinen,Belgium,Sophie Lambert,Brussels DC,128.00,EUR,Earl Grey Tea 500g; House Blend Beans 1kg
S00353,Quotation created,2026-03-31T08:58:15+00:00,Kasia Nowak,S00353,,history,,Cukiernia Stare Miasto,Poland,Kasia Nowak,Warsaw DC,516.00,EUR,Oat Milk Barista 12x1L; Paper Cups 12oz x1000
S00353,Order confirmed,2026-03-31T14:40:04+00:00,Kasia Nowak,S00353,,history,,Cukiernia Stare Miasto,Poland,Kasia Nowak,Warsaw DC,516.00,EUR,Oat Milk Barista 12x1L; Paper Cups 12oz x1000
S00353,Goods shipped,2026-04-02T06:48:16+00:00,Ola Wiśniewska,WAW/OUT/00133,,history,,Cukiernia Stare Miasto,Poland,Kasia Nowak,Warsaw DC,516.00,EUR,Oat Milk Barista 12x1L; Paper Cups 12oz x1000
S00353,Invoice posted,2026-04-06T08:28:38+00:00,Anna Kowalczyk,INV/2026/00086,,history,2026-05-06,Cukiernia Stare Miasto,Poland,Kasia Nowak,Warsaw DC,516.00,EUR,Oat Milk Barista 12x1L; Paper Cups 12oz x1000
S00354,Quotation created,2026-04-01T13:48:34+00:00,Sophie Lambert,S00354,,history,,Bistro Flagey Corner,Belgium,Sophie Lambert,Brussels DC,720.00,EUR,Barista Apron; House Blend Beans 1kg
S00354,Order confirmed,2026-04-06T08:34:38+00:00,Sophie Lambert,S00354,,history,,Bistro Flagey Corner,Belgium,Sophie Lambert,Brussels DC,720.00,EUR,Barista Apron; House Blend Beans 1kg
S00354,Goods shipped,2026-04-07T06:45:23+00:00,Marc Dubois,BRU/OUT/00159,,history,,Bistro Flagey Corner,Belgium,Sophie Lambert,Brussels DC,720.00,EUR,Barista Apron; House Blend Beans 1kg
S00354,Invoice posted,2026-04-08T07:44:32+00:00,Julie Martin,INV/2026/00093,,history,2026-05-08,Bistro Flagey Corner,Belgium,Sophie Lambert,Brussels DC,720.00,EUR,Barista Apron; House Blend Beans 1kg
S00354,Payment received,2026-04-28T12:52:10+00:00,Julie Martin,INV/2026/00093,,history,,Bistro Flagey Corner,Belgium,Sophie Lambert,Brussels DC,720.00,EUR,Barista Apron; House Blend Beans 1kg
S00355,Quotation created,2026-04-02T06:38:30+00:00,Tom Peeters,S00355,,history,,Kantine Noord,Belgium,Tom Peeters,Brussels DC,108.00,EUR,Espresso Beans Ethiopia 1kg; Ground Coffee 250g
S00355,Quotation sent,2026-04-02T10:40:49+00:00,Tom Peeters,S00355,,history,,Kantine Noord,Belgium,Tom Peeters,Brussels DC,108.00,EUR,Espresso Beans Ethiopia 1kg; Ground Coffee 250g
S00355,Order confirmed,2026-04-06T06:39:49+00:00,Tom Peeters,S00355,,history,,Kantine Noord,Belgium,Tom Peeters,Brussels DC,108.00,EUR,Espresso Beans Ethiopia 1kg; Ground Coffee 250g
S00355,Goods shipped,2026-04-07T10:20:02+00:00,Marc Dubois,BRU/OUT/00157,,history,,Kantine Noord,Belgium,Tom Peeters,Brussels DC,108.00,EUR,Espresso Beans Ethiopia 1kg; Ground Coffee 250g
S00355,Invoice posted,2026-04-08T06:38:20+00:00,Julie Martin,INV/2026/00089,,history,2026-05-08,Kantine Noord,Belgium,Tom Peeters,Brussels DC,108.00,EUR,Espresso Beans Ethiopia 1kg; Ground Coffee 250g
S00355,Payment received,2026-04-30T06:39:58+00:00,Julie Martin,INV/2026/00089,,history,,Kantine Noord,Belgium,Tom Peeters,Brussels DC,108.00,EUR,Espresso Beans Ethiopia 1kg; Ground Coffee 250g
S00356,Quotation created,2026-04-02T08:27:19+00:00,Sophie Lambert,S00356,,history,,Co-Work Ixelles,Belgium,Sophie Lambert,Brussels DC,481.00,EUR,Cup Lids x1000; Ground Coffee 250g; House Blend Beans 1kg
S00356,Order confirmed,2026-04-06T06:37:34+00:00,Sophie Lambert,S00356,,history,,Co-Work Ixelles,Belgium,Sophie Lambert,Brussels DC,481.00,EUR,Cup Lids x1000; Ground Coffee 250g; House Blend Beans 1kg
S00356,Goods shipped,2026-04-07T06:44:45+00:00,Marc Dubois,BRU/OUT/00155,,history,,Co-Work Ixelles,Belgium,Sophie Lambert,Brussels DC,481.00,EUR,Cup Lids x1000; Ground Coffee 250g; House Blend Beans 1kg
S00356,Invoice posted,2026-04-08T11:55:49+00:00,Julie Martin,INV/2026/00094,,history,2026-05-08,Co-Work Ixelles,Belgium,Sophie Lambert,Brussels DC,481.00,EUR,Cup Lids x1000; Ground Coffee 250g; House Blend Beans 1kg
S00356,Payment received,2026-05-19T06:35:34+00:00,Julie Martin,INV/2026/00094,,history,,Co-Work Ixelles,Belgium,Sophie Lambert,Brussels DC,481.00,EUR,Cup Lids x1000; Ground Coffee 250g; House Blend Beans 1kg
S00357,Quotation created,2026-04-02T09:01:07+00:00,Piotr Zieliński,S00357,,history,,Stołówka Politechnika,Poland,Piotr Zieliński,Warsaw DC,724.00,EUR,Barista Apron; Espresso Beans Brazil 1kg; House Blend Beans 1kg
S00357,Order confirmed,2026-04-03T06:30:27+00:00,Piotr Zieliński,S00357,,history,,Stołówka Politechnika,Poland,Piotr Zieliński,Warsaw DC,724.00,EUR,Barista Apron; Espresso Beans Brazil 1kg; House Blend Beans 1kg
S00357,Goods shipped,2026-04-07T08:23:00+00:00,Ola Wiśniewska,WAW/OUT/00135,,history,,Stołówka Politechnika,Poland,Piotr Zieliński,Warsaw DC,724.00,EUR,Barista Apron; Espresso Beans Brazil 1kg; House Blend Beans 1kg
S00357,Invoice posted,2026-04-10T11:00:09+00:00,Anna Kowalczyk,INV/2026/00099,,history,2026-05-10,Stołówka Politechnika,Poland,Piotr Zieliński,Warsaw DC,724.00,EUR,Barista Apron; Espresso Beans Brazil 1kg; House Blend Beans 1kg
S00357,Payment received,2026-05-11T06:17:23+00:00,Anna Kowalczyk,INV/2026/00099,,history,,Stołówka Politechnika,Poland,Piotr Zieliński,Warsaw DC,724.00,EUR,Barista Apron; Espresso Beans Brazil 1kg; House Blend Beans 1kg
S00358,Quotation created,2026-04-03T06:39:14+00:00,Piotr Zieliński,S00358,,history,,Hotel Tatry View,Poland,Piotr Zieliński,Warsaw DC,592.00,EUR,Espresso Beans Ethiopia 1kg; Oat Milk Barista 12x1L
S00358,Quotation sent,2026-04-03T10:29:05+00:00,Piotr Zieliński,S00358,,history,,Hotel Tatry View,Poland,Piotr Zieliński,Warsaw DC,592.00,EUR,Espresso Beans Ethiopia 1kg; Oat Milk Barista 12x1L
S00358,Order confirmed,2026-04-06T06:36:40+00:00,Piotr Zieliński,S00358,,history,,Hotel Tatry View,Poland,Piotr Zieliński,Warsaw DC,592.00,EUR,Espresso Beans Ethiopia 1kg; Oat Milk Barista 12x1L
S00358,Goods shipped,2026-04-07T06:47:38+00:00,Ola Wiśniewska,WAW/OUT/00137,,history,,Hotel Tatry View,Poland,Piotr Zieliński,Warsaw DC,592.00,EUR,Espresso Beans Ethiopia 1kg; Oat Milk Barista 12x1L
S00358,Invoice posted,2026-04-09T11:11:58+00:00,Anna Kowalczyk,INV/2026/00096,,history,2026-05-09,Hotel Tatry View,Poland,Piotr Zieliński,Warsaw DC,592.00,EUR,Espresso Beans Ethiopia 1kg; Oat Milk Barista 12x1L
S00358,Payment received,2026-04-27T06:59:45+00:00,Anna Kowalczyk,INV/2026/00096,,history,,Hotel Tatry View,Poland,Piotr Zieliński,Warsaw DC,592.00,EUR,Espresso Beans Ethiopia 1kg; Oat Milk Barista 12x1L
S00359,Quotation created,2026-04-03T08:01:18+00:00,Tom Peeters,S00359,,history,,Tearoom Duinen,Belgium,Tom Peeters,Brussels DC,3474.00,EUR,Espresso Beans Brazil 1kg; Espresso Beans Ethiopia 1kg; Espresso Machine Pro; Paper Cups 12oz x1000
S00359,Order confirmed,2026-04-06T06:37:43+00:00,Tom Peeters,S00359,,history,,Tearoom Duinen,Belgium,Tom Peeters,Brussels DC,3474.00,EUR,Espresso Beans Brazil 1kg; Espresso Beans Ethiopia 1kg; Espresso Machine Pro; Paper Cups 12oz x1000
S00359,Order changed after confirmation,2026-04-07T06:42:51+00:00,Tom Peeters,S00359,"amount 3,258.00 -> 3,474.00",history,,Tearoom Duinen,Belgium,Tom Peeters,Brussels DC,3474.00,EUR,Espresso Beans Brazil 1kg; Espresso Beans Ethiopia 1kg; Espresso Machine Pro; Paper Cups 12oz x1000
S00359,Delivery rescheduled,2026-04-07T13:01:20+00:00,Marc Dubois,BRU/OUT/00156,+6.0 days,history,,Tearoom Duinen,Belgium,Tom Peeters,Brussels DC,3474.00,EUR,Espresso Beans Brazil 1kg; Espresso Beans Ethiopia 1kg; Espresso Machine Pro; Paper Cups 12oz x1000
S00359,Delivery rescheduled,2026-04-10T06:45:24+00:00,Marc Dubois,BRU/OUT/00156,+6.0 days,history,,Tearoom Duinen,Belgium,Tom Peeters,Brussels DC,3474.00,EUR,Espresso Beans Brazil 1kg; Espresso Beans Ethiopia 1kg; Espresso Machine Pro; Paper Cups 12oz x1000
S00359,Delivery rescheduled,2026-04-13T06:16:04+00:00,Marc Dubois,BRU/OUT/00156,+3.0 days,history,,Tearoom Duinen,Belgium,Tom Peeters,Brussels DC,3474.00,EUR,Espresso Beans Brazil 1kg; Espresso Beans Ethiopia 1kg; Espresso Machine Pro; Paper Cups 12oz x1000
S00359,Goods shipped,2026-04-17T06:03:21+00:00,Marc Dubois,BRU/OUT/00156,,history,,Tearoom Duinen,Belgium,Tom Peeters,Brussels DC,3474.00,EUR,Espresso Beans Brazil 1kg; Espresso Beans Ethiopia 1kg; Espresso Machine Pro; Paper Cups 12oz x1000
S00359,Invoice posted,2026-04-20T07:00:16+00:00,Julie Martin,INV/2026/00109,,history,2026-05-20,Tearoom Duinen,Belgium,Tom Peeters,Brussels DC,3474.00,EUR,Espresso Beans Brazil 1kg; Espresso Beans Ethiopia 1kg; Espresso Machine Pro; Paper Cups 12oz x1000
S00359,Payment received,2026-05-13T06:25:42+00:00,Julie Martin,INV/2026/00109,,history,,Tearoom Duinen,Belgium,Tom Peeters,Brussels DC,3474.00,EUR,Espresso Beans Brazil 1kg; Espresso Beans Ethiopia 1kg; Espresso Machine Pro; Paper Cups 12oz x1000
S00360,Quotation created,2026-04-03T08:28:22+00:00,Sophie Lambert,S00360,,history,,Office Hub Leuven,Belgium,Sophie Lambert,Brussels DC,432.00,EUR,Espresso Beans Ethiopia 1kg; House Blend Beans 1kg
S00360,Order confirmed,2026-04-06T06:45:56+00:00,Sophie Lambert,S00360,,history,,Office Hub Leuven,Belgium,Sophie Lambert,Brussels DC,432.00,EUR,Espresso Beans Ethiopia 1kg; House Blend Beans 1kg
S00360,Goods shipped,2026-04-07T08:55:05+00:00,Marc Dubois,BRU/OUT/00158,,history,,Office Hub Leuven,Belgium,Sophie Lambert,Brussels DC,432.00,EUR,Espresso Beans Ethiopia 1kg; House Blend Beans 1kg
S00360,Invoice posted,2026-04-08T06:41:05+00:00,Julie Martin,INV/2026/00090,,history,2026-05-08,Office Hub Leuven,Belgium,Sophie Lambert,Brussels DC,432.00,EUR,Espresso Beans Ethiopia 1kg; House Blend Beans 1kg
S00360,Payment received,2026-05-04T11:20:05+00:00,Julie Martin,INV/2026/00090,,history,,Office Hub Leuven,Belgium,Sophie Lambert,Brussels DC,432.00,EUR,Espresso Beans Ethiopia 1kg; House Blend Beans 1kg
S00361,Quotation created,2026-04-03T14:51:38+00:00,Tom Peeters,S00361,,history,,Campus Kitchen Louvain,Belgium,Tom Peeters,Brussels DC,220.00,EUR,Barista Apron
S00361,Order confirmed,2026-04-06T06:24:21+00:00,Tom Peeters,S00361,,history,,Campus Kitchen Louvain,Belgium,Tom Peeters,Brussels DC,220.00,EUR,Barista Apron
S00361,Goods shipped,2026-04-07T11:32:53+00:00,Marc Dubois,BRU/OUT/00154,,history,,Campus Kitchen Louvain,Belgium,Tom Peeters,Brussels DC,220.00,EUR,Barista Apron
S00361,Invoice posted,2026-04-08T06:58:25+00:00,Julie Martin,INV/2026/00091,,history,2026-05-08,Campus Kitchen Louvain,Belgium,Tom Peeters,Brussels DC,220.00,EUR,Barista Apron
S00361,Payment received,2026-05-04T06:55:29+00:00,Julie Martin,INV/2026/00091,,history,,Campus Kitchen Louvain,Belgium,Tom Peeters,Brussels DC,220.00,EUR,Barista Apron
S00362,Quotation created,2026-04-06T06:07:21+00:00,Sophie Lambert,S00362,,history,,Kantine Noord,Belgium,Sophie Lambert,Brussels DC,92.00,EUR,Ground Coffee 250g; House Blend Beans 1kg
S00362,Order confirmed,2026-04-08T06:07:18+00:00,Sophie Lambert,S00362,,history,,Kantine Noord,Belgium,Sophie Lambert,Brussels DC,92.00,EUR,Ground Coffee 250g; House Blend Beans 1kg
S00362,Goods shipped,2026-04-09T06:47:40+00:00,Marc Dubois,BRU/OUT/00161,,history,,Kantine Noord,Belgium,Sophie Lambert,Brussels DC,92.00,EUR,Ground Coffee 250g; House Blend Beans 1kg
S00362,Invoice posted,2026-04-10T06:41:32+00:00,Julie Martin,INV/2026/00098,,history,2026-05-10,Kantine Noord,Belgium,Sophie Lambert,Brussels DC,92.00,EUR,Ground Coffee 250g; House Blend Beans 1kg
S00362,Payment received,2026-05-14T06:31:03+00:00,Julie Martin,INV/2026/00098,,history,,Kantine Noord,Belgium,Sophie Lambert,Brussels DC,92.00,EUR,Ground Coffee 250g; House Blend Beans 1kg
S00363,Quotation created,2026-04-06T06:10:17+00:00,Kasia Nowak,S00363,,history,,Cukiernia Stare Miasto,Poland,Kasia Nowak,Warsaw DC,280.00,EUR,Ground Coffee 250g; House Blend Beans 1kg
S00363,Quotation sent,2026-04-06T07:56:51+00:00,Kasia Nowak,S00363,,history,,Cukiernia Stare Miasto,Poland,Kasia Nowak,Warsaw DC,280.00,EUR,Ground Coffee 250g; House Blend Beans 1kg
S00363,Order confirmed,2026-04-08T06:02:46+00:00,Kasia Nowak,S00363,,history,,Cukiernia Stare Miasto,Poland,Kasia Nowak,Warsaw DC,280.00,EUR,Ground Coffee 250g; House Blend Beans 1kg
S00363,Delivery rescheduled,2026-04-09T06:05:20+00:00,Ola Wiśniewska,WAW/OUT/00140,+3.0 days,history,,Cukiernia Stare Miasto,Poland,Kasia Nowak,Warsaw DC,280.00,EUR,Ground Coffee 250g; House Blend Beans 1kg
S00363,Goods shipped,2026-04-10T13:14:04+00:00,Ola Wiśniewska,WAW/OUT/00140,,history,,Cukiernia Stare Miasto,Poland,Kasia Nowak,Warsaw DC,280.00,EUR,Ground Coffee 250g; House Blend Beans 1kg
S00363,Invoice posted,2026-04-13T09:26:15+00:00,Anna Kowalczyk,INV/2026/00104,,history,2026-05-13,Cukiernia Stare Miasto,Poland,Kasia Nowak,Warsaw DC,280.00,EUR,Ground Coffee 250g; House Blend Beans 1kg
S00363,Payment received,2026-05-15T06:59:07+00:00,Anna Kowalczyk,INV/2026/00104,,history,,Cukiernia Stare Miasto,Poland,Kasia Nowak,Warsaw DC,280.00,EUR,Ground Coffee 250g; House Blend Beans 1kg
S00364,Quotation created,2026-04-06T06:13:17+00:00,Tom Peeters,S00364,,history,,Café des Arts Mons,Belgium,Tom Peeters,Brussels DC,1044.00,EUR,Cup Lids x1000; Earl Grey Tea 500g; Espresso Beans Ethiopia 1kg; Paper Cups 12oz x1000
S00364,Quotation sent,2026-04-06T07:58:37+00:00,Tom Peeters,S00364,,history,,Café des Arts Mons,Belgium,Tom Peeters,Brussels DC,1044.00,EUR,Cup Lids x1000; Earl Grey Tea 500g; Espresso Beans Ethiopia 1kg; Paper Cups 12oz x1000
S00364,Order cancelled,2026-05-04T06:44:07+00:00,Tom Peeters,S00364,,history,,Café des Arts Mons,Belgium,Tom Peeters,Brussels DC,1044.00,EUR,Cup Lids x1000; Earl Grey Tea 500g; Espresso Beans Ethiopia 1kg; Paper Cups 12oz x1000
S00365,Quotation created,2026-04-06T06:20:39+00:00,Kasia Nowak,S00365,,history,,Kawiarnia Ogród,Poland,Kasia Nowak,Warsaw DC,624.00,EUR,Barista Apron; House Blend Beans 1kg
S00365,Quotation sent,2026-04-06T08:49:12+00:00,Kasia Nowak,S00365,,history,,Kawiarnia Ogród,Poland,Kasia Nowak,Warsaw DC,624.00,EUR,Barista Apron; House Blend Beans 1kg
S00365,Order confirmed,2026-04-07T06:04:28+00:00,Kasia Nowak,S00365,,history,,Kawiarnia Ogród,Poland,Kasia Nowak,Warsaw DC,624.00,EUR,Barista Apron; House Blend Beans 1kg
S00365,Invoice posted,2026-04-07T12:41:22+00:00,Anna Kowalczyk,INV/2026/00088,,history,2026-05-07,Kawiarnia Ogród,Poland,Kasia Nowak,Warsaw DC,624.00,EUR,Barista Apron; House Blend Beans 1kg
S00365,Delivery rescheduled,2026-04-08T06:37:26+00:00,Ola Wiśniewska,WAW/OUT/00138,+2.0 days,history,,Kawiarnia Ogród,Poland,Kasia Nowak,Warsaw DC,624.00,EUR,Barista Apron; House Blend Beans 1kg
S00365,Goods shipped,2026-04-10T06:56:41+00:00,Ola Wiśniewska,WAW/OUT/00138,,history,,Kawiarnia Ogród,Poland,Kasia Nowak,Warsaw DC,624.00,EUR,Barista Apron; House Blend Beans 1kg
S00365,Credit note posted,2026-04-16T06:49:20+00:00,Anna Kowalczyk,RINV/2026/00005,,history,,Kawiarnia Ogród,Poland,Kasia Nowak,Warsaw DC,624.00,EUR,Barista Apron; House Blend Beans 1kg
S00366,Quotation created,2026-04-06T06:22:43+00:00,Kasia Nowak,S00366,,history,,Restauracja Odra,Poland,Kasia Nowak,Warsaw DC,968.00,EUR,Cup Lids x1000; Espresso Beans Brazil 1kg; Vanilla Syrup 1L
S00366,Quotation sent,2026-04-06T06:50:02+00:00,Kasia Nowak,S00366,,history,,Restauracja Odra,Poland,Kasia Nowak,Warsaw DC,968.00,EUR,Cup Lids x1000; Espresso Beans Brazil 1kg; Vanilla Syrup 1L
S00366,Order confirmed,2026-04-08T09:02:16+00:00,Kasia Nowak,S00366,,history,,Restauracja Odra,Poland,Kasia Nowak,Warsaw DC,968.00,EUR,Cup Lids x1000; Espresso Beans Brazil 1kg; Vanilla Syrup 1L
S00366,Invoice posted,2026-04-08T12:20:30+00:00,Anna Kowalczyk,INV/2026/00095,,history,2026-05-08,Restauracja Odra,Poland,Kasia Nowak,Warsaw DC,968.00,EUR,Cup Lids x1000; Espresso Beans Brazil 1kg; Vanilla Syrup 1L
S00366,Goods shipped,2026-04-09T14:10:45+00:00,Ola Wiśniewska,WAW/OUT/00141,,history,,Restauracja Odra,Poland,Kasia Nowak,Warsaw DC,968.00,EUR,Cup Lids x1000; Espresso Beans Brazil 1kg; Vanilla Syrup 1L
S00366,Credit note posted,2026-04-16T08:52:28+00:00,Anna Kowalczyk,RINV/2026/00006,,history,,Restauracja Odra,Poland,Kasia Nowak,Warsaw DC,968.00,EUR,Cup Lids x1000; Espresso Beans Brazil 1kg; Vanilla Syrup 1L
S00366,Payment received,2026-06-23T15:03:26+00:00,Anna Kowalczyk,INV/2026/00095,,history,,Restauracja Odra,Poland,Kasia Nowak,Warsaw DC,968.00,EUR,Cup Lids x1000; Espresso Beans Brazil 1kg; Vanilla Syrup 1L
S00367,Quotation created,2026-04-06T06:38:20+00:00,Kasia Nowak,S00367,,history,,Hotel Tatry View,Poland,Kasia Nowak,Warsaw DC,444.00,EUR,Ground Coffee 250g; House Blend Beans 1kg
S00367,Quotation sent,2026-04-06T08:17:01+00:00,Kasia Nowak,S00367,,history,,Hotel Tatry View,Poland,Kasia Nowak,Warsaw DC,444.00,EUR,Ground Coffee 250g; House Blend Beans 1kg
S00367,Order confirmed,2026-04-13T06:00:58+00:00,Kasia Nowak,S00367,,history,,Hotel Tatry View,Poland,Kasia Nowak,Warsaw DC,444.00,EUR,Ground Coffee 250g; House Blend Beans 1kg
S00367,Goods shipped,2026-04-15T06:02:57+00:00,Ola Wiśniewska,WAW/OUT/00142,,history,,Hotel Tatry View,Poland,Kasia Nowak,Warsaw DC,444.00,EUR,Ground Coffee 250g; House Blend Beans 1kg
S00367,Invoice posted,2026-04-17T07:28:53+00:00,Anna Kowalczyk,INV/2026/00108,,history,2026-05-17,Hotel Tatry View,Poland,Kasia Nowak,Warsaw DC,444.00,EUR,Ground Coffee 250g; House Blend Beans 1kg
S00367,Payment received,2026-05-18T06:17:20+00:00,Anna Kowalczyk,INV/2026/00108,,history,,Hotel Tatry View,Poland,Kasia Nowak,Warsaw DC,444.00,EUR,Ground Coffee 250g; House Blend Beans 1kg
S00368,Quotation created,2026-04-06T06:47:03+00:00,Tom Peeters,S00368,,history,,Espresso Point Wavre,Belgium,Tom Peeters,Brussels DC,338.00,EUR,House Blend Beans 1kg; Vanilla Syrup 1L
S00368,Quotation sent,2026-04-06T07:37:37+00:00,Tom Peeters,S00368,,history,,Espresso Point Wavre,Belgium,Tom Peeters,Brussels DC,338.00,EUR,House Blend Beans 1kg; Vanilla Syrup 1L
S00368,Order cancelled,2026-05-13T11:51:02+00:00,Tom Peeters,S00368,,history,,Espresso Point Wavre,Belgium,Tom Peeters,Brussels DC,338.00,EUR,House Blend Beans 1kg; Vanilla Syrup 1L
S00369,Quotation created,2026-04-06T06:58:19+00:00,Piotr Zieliński,S00369,,history,,Café Nowa Huta,Poland,Piotr Zieliński,Warsaw DC,12.00,EUR,Ground Coffee 250g
S00369,Order confirmed,2026-04-07T06:57:36+00:00,Piotr Zieliński,S00369,,history,,Café Nowa Huta,Poland,Piotr Zieliński,Warsaw DC,12.00,EUR,Ground Coffee 250g
S00369,Goods shipped,2026-04-09T06:08:25+00:00,Ola Wiśniewska,WAW/OUT/00139,,history,,Café Nowa Huta,Poland,Piotr Zieliński,Warsaw DC,12.00,EUR,Ground Coffee 250g
S00369,Invoice posted,2026-04-13T09:05:05+00:00,Anna Kowalczyk,INV/2026/00103,,history,2026-05-13,Café Nowa Huta,Poland,Piotr Zieliński,Warsaw DC,12.00,EUR,Ground Coffee 250g
S00369,Payment received,2026-05-11T06:41:06+00:00,Anna Kowalczyk,INV/2026/00103,,history,,Café Nowa Huta,Poland,Piotr Zieliński,Warsaw DC,12.00,EUR,Ground Coffee 250g
S00370,Quotation created,2026-04-06T08:30:31+00:00,Tom Peeters,S00370,,history,,Espresso Point Wavre,Belgium,Tom Peeters,Brussels DC,650.00,EUR,Coffee Grinder Compact
S00370,Quotation sent,2026-04-06T14:29:56+00:00,Tom Peeters,S00370,,history,,Espresso Point Wavre,Belgium,Tom Peeters,Brussels DC,650.00,EUR,Coffee Grinder Compact
S00370,Order confirmed,2026-04-07T06:34:47+00:00,Tom Peeters,S00370,,history,,Espresso Point Wavre,Belgium,Tom Peeters,Brussels DC,650.00,EUR,Coffee Grinder Compact
S00370,Goods shipped,2026-04-08T09:35:58+00:00,Marc Dubois,BRU/OUT/00160,,history,,Espresso Point Wavre,Belgium,Tom Peeters,Brussels DC,650.00,EUR,Coffee Grinder Compact
S00370,Invoice posted,2026-04-09T13:02:02+00:00,Julie Martin,INV/2026/00097,,history,2026-05-09,Espresso Point Wavre,Belgium,Tom Peeters,Brussels DC,650.00,EUR,Coffee Grinder Compact
S00370,Payment received,2026-05-08T15:22:43+00:00,Julie Martin,INV/2026/00097,,history,,Espresso Point Wavre,Belgium,Tom Peeters,Brussels DC,650.00,EUR,Coffee Grinder Compact
S00371,Quotation created,2026-04-06T10:22:14+00:00,Sophie Lambert,S00371,,history,,Co-Work Ixelles,Belgium,Sophie Lambert,Brussels DC,248.00,EUR,Espresso Beans Ethiopia 1kg; Ground Coffee 250g; Oat Milk Barista 12x1L
S00371,Quotation sent,2026-04-07T06:16:30+00:00,Sophie Lambert,S00371,,history,,Co-Work Ixelles,Belgium,Sophie Lambert,Brussels DC,248.00,EUR,Espresso Beans Ethiopia 1kg; Ground Coffee 250g; Oat Milk Barista 12x1L
S00371,Order cancelled,2026-04-27T06:37:41+00:00,Sophie Lambert,S00371,,history,,Co-Work Ixelles,Belgium,Sophie Lambert,Brussels DC,248.00,EUR,Espresso Beans Ethiopia 1kg; Ground Coffee 250g; Oat Milk Barista 12x1L
S00372,Quotation created,2026-04-06T14:29:03+00:00,Tom Peeters,S00372,,history,,Hotel Atelier Bruges,Belgium,Tom Peeters,Brussels DC,132.00,EUR,Cup Lids x1000; House Blend Beans 1kg
S00372,Quotation sent,2026-04-07T06:07:29+00:00,Tom Peeters,S00372,,history,,Hotel Atelier Bruges,Belgium,Tom Peeters,Brussels DC,132.00,EUR,Cup Lids x1000; House Blend Beans 1kg
S00372,Order cancelled,2026-05-04T06:33:35+00:00,Tom Peeters,S00372,,history,,Hotel Atelier Bruges,Belgium,Tom Peeters,Brussels DC,132.00,EUR,Cup Lids x1000; House Blend Beans 1kg
S00373,Quotation created,2026-04-07T10:23:39+00:00,Tom Peeters,S00373,,history,,Co-Work Ixelles,Belgium,Tom Peeters,Brussels DC,350.00,EUR,Descaler Tablets x10
S00373,Order confirmed,2026-04-09T06:12:04+00:00,Tom Peeters,S00373,,history,,Co-Work Ixelles,Belgium,Tom Peeters,Brussels DC,350.00,EUR,Descaler Tablets x10
S00373,Goods shipped,2026-04-10T06:11:16+00:00,Marc Dubois,BRU/OUT/00162,,history,,Co-Work Ixelles,Belgium,Tom Peeters,Brussels DC,350.00,EUR,Descaler Tablets x10
S00373,Invoice posted,2026-04-10T11:38:49+00:00,Julie Martin,INV/2026/00100,,history,2026-05-10,Co-Work Ixelles,Belgium,Tom Peeters,Brussels DC,350.00,EUR,Descaler Tablets x10
S00373,Payment received,2026-04-30T06:54:37+00:00,Julie Martin,INV/2026/00100,,history,,Co-Work Ixelles,Belgium,Tom Peeters,Brussels DC,350.00,EUR,Descaler Tablets x10
S00374,Quotation created,2026-04-07T12:20:07+00:00,Kasia Nowak,S00374,,history,,Stołówka Politechnika,Poland,Kasia Nowak,Warsaw DC,324.00,EUR,Earl Grey Tea 500g; House Blend Beans 1kg; Paper Cups 12oz x1000
S00374,Order confirmed,2026-04-17T06:37:11+00:00,Kasia Nowak,S00374,,history,,Stołówka Politechnika,Poland,Kasia Nowak,Warsaw DC,324.00,EUR,Earl Grey Tea 500g; House Blend Beans 1kg; Paper Cups 12oz x1000
S00374,Goods shipped,2026-04-21T13:10:00+00:00,Ola Wiśniewska,WAW/OUT/00145,,history,,Stołówka Politechnika,Poland,Kasia Nowak,Warsaw DC,324.00,EUR,Earl Grey Tea 500g; House Blend Beans 1kg; Paper Cups 12oz x1000
S00374,Invoice posted,2026-04-23T10:32:08+00:00,Anna Kowalczyk,INV/2026/00115,,history,2026-05-23,Stołówka Politechnika,Poland,Kasia Nowak,Warsaw DC,324.00,EUR,Earl Grey Tea 500g; House Blend Beans 1kg; Paper Cups 12oz x1000
S00374,Payment received,2026-05-25T06:01:56+00:00,Anna Kowalczyk,INV/2026/00115,,history,,Stołówka Politechnika,Poland,Kasia Nowak,Warsaw DC,324.00,EUR,Earl Grey Tea 500g; House Blend Beans 1kg; Paper Cups 12oz x1000
S00375,Quotation created,2026-04-08T07:57:53+00:00,Tom Peeters,S00375,,history,,Café Sint-Pieters,Belgium,Tom Peeters,Brussels DC,2624.00,EUR,Espresso Machine Pro; Green Tea Sencha 500g
S00375,Order confirmed,2026-04-13T06:25:28+00:00,Tom Peeters,S00375,,history,,Café Sint-Pieters,Belgium,Tom Peeters,Brussels DC,2624.00,EUR,Espresso Machine Pro; Green Tea Sencha 500g
S00375,Order changed after confirmation,2026-04-13T13:11:12+00:00,Tom Peeters,S00375,"amount 2,540.00 -> 2,624.00",history,,Café Sint-Pieters,Belgium,Tom Peeters,Brussels DC,2624.00,EUR,Espresso Machine Pro; Green Tea Sencha 500g
S00375,Delivery rescheduled,2026-04-14T13:18:25+00:00,Marc Dubois,BRU/OUT/00164,+7.0 days,history,,Café Sint-Pieters,Belgium,Tom Peeters,Brussels DC,2624.00,EUR,Espresso Machine Pro; Green Tea Sencha 500g
S00375,Goods shipped,2026-04-20T06:47:59+00:00,Marc Dubois,BRU/OUT/00164,,history,,Café Sint-Pieters,Belgium,Tom Peeters,Brussels DC,2624.00,EUR,Espresso Machine Pro; Green Tea Sencha 500g
S00375,Invoice posted,2026-04-21T07:10:27+00:00,Julie Martin,INV/2026/00110,,history,2026-05-21,Café Sint-Pieters,Belgium,Tom Peeters,Brussels DC,2624.00,EUR,Espresso Machine Pro; Green Tea Sencha 500g
S00375,Payment received,2026-05-19T06:45:49+00:00,Julie Martin,INV/2026/00110,,history,,Café Sint-Pieters,Belgium,Tom Peeters,Brussels DC,2624.00,EUR,Espresso Machine Pro; Green Tea Sencha 500g
S00376,Quotation created,2026-04-08T12:57:29+00:00,Sophie Lambert,S00376,,history,,Bistro Flagey Corner,Belgium,Sophie Lambert,Brussels DC,45.00,EUR,Vanilla Syrup 1L
S00376,Order confirmed,2026-04-09T10:59:45+00:00,Sophie Lambert,S00376,,history,,Bistro Flagey Corner,Belgium,Sophie Lambert,Brussels DC,45.00,EUR,Vanilla Syrup 1L
S00376,Goods shipped,2026-04-10T06:20:25+00:00,Marc Dubois,BRU/OUT/00163,,history,,Bistro Flagey Corner,Belgium,Sophie Lambert,Brussels DC,45.00,EUR,Vanilla Syrup 1L
S00376,Invoice posted,2026-04-10T12:17:02+00:00,Julie Martin,INV/2026/00101,,history,2026-05-10,Bistro Flagey Corner,Belgium,Sophie Lambert,Brussels DC,45.00,EUR,Vanilla Syrup 1L
S00376,Payment received,2026-05-11T06:57:36+00:00,Julie Martin,INV/2026/00101,,history,,Bistro Flagey Corner,Belgium,Sophie Lambert,Brussels DC,45.00,EUR,Vanilla Syrup 1L
S00377,Quotation created,2026-04-10T10:57:43+00:00,Kasia Nowak,S00377,,history,,Coworking Praga,Poland,Kasia Nowak,Warsaw DC,569.00,EUR,Chai Latte Mix 1kg; House Blend Beans 1kg; Vanilla Syrup 1L
S00377,Quotation sent,2026-04-10T13:18:06+00:00,Kasia Nowak,S00377,,history,,Coworking Praga,Poland,Kasia Nowak,Warsaw DC,569.00,EUR,Chai Latte Mix 1kg; House Blend Beans 1kg; Vanilla Syrup 1L
S00377,Order confirmed,2026-04-13T06:56:24+00:00,Kasia Nowak,S00377,,history,,Coworking Praga,Poland,Kasia Nowak,Warsaw DC,569.00,EUR,Chai Latte Mix 1kg; House Blend Beans 1kg; Vanilla Syrup 1L
S00377,Goods shipped,2026-04-14T06:48:27+00:00,Ola Wiśniewska,WAW/OUT/00143,,history,,Coworking Praga,Poland,Kasia Nowak,Warsaw DC,569.00,EUR,Chai Latte Mix 1kg; House Blend Beans 1kg; Vanilla Syrup 1L
S00377,Invoice posted,2026-04-16T06:39:21+00:00,Anna Kowalczyk,INV/2026/00107,,history,2026-05-16,Coworking Praga,Poland,Kasia Nowak,Warsaw DC,569.00,EUR,Chai Latte Mix 1kg; House Blend Beans 1kg; Vanilla Syrup 1L
S00377,Payment received,2026-07-03T15:30:41+00:00,Anna Kowalczyk,INV/2026/00107,,history,,Coworking Praga,Poland,Kasia Nowak,Warsaw DC,569.00,EUR,Chai Latte Mix 1kg; House Blend Beans 1kg; Vanilla Syrup 1L
S00378,Quotation created,2026-04-10T14:51:20+00:00,Sophie Lambert,S00378,,history,,Café des Arts Mons,Belgium,Sophie Lambert,Brussels DC,514.00,EUR,House Blend Beans 1kg; Paper Cups 12oz x1000
S00378,Order confirmed,2026-04-13T06:42:20+00:00,Sophie Lambert,S00378,,history,,Café des Arts Mons,Belgium,Sophie Lambert,Brussels DC,514.00,EUR,House Blend Beans 1kg; Paper Cups 12oz x1000
S00378,Goods shipped,2026-04-14T07:38:01+00:00,Marc Dubois,BRU/OUT/00165,,history,,Café des Arts Mons,Belgium,Sophie Lambert,Brussels DC,514.00,EUR,House Blend Beans 1kg; Paper Cups 12oz x1000
S00378,Invoice posted,2026-04-14T11:35:30+00:00,Julie Martin,INV/2026/00105,,history,2026-05-14,Café des Arts Mons,Belgium,Sophie Lambert,Brussels DC,514.00,EUR,House Blend Beans 1kg; Paper Cups 12oz x1000
S00378,Credit note posted,2026-04-17T15:16:57+00:00,Julie Martin,RINV/2026/00007,,history,,Café des Arts Mons,Belgium,Sophie Lambert,Brussels DC,514.00,EUR,House Blend Beans 1kg; Paper Cups 12oz x1000
S00378,Payment received,2026-05-08T06:05:50+00:00,Julie Martin,INV/2026/00105,,history,,Café des Arts Mons,Belgium,Sophie Lambert,Brussels DC,514.00,EUR,House Blend Beans 1kg; Paper Cups 12oz x1000
S00379,Quotation created,2026-04-13T06:18:51+00:00,Piotr Zieliński,S00379,,history,,Biurowiec Mokotowska,Poland,Piotr Zieliński,Warsaw DC,56.00,EUR,Oat Milk Barista 12x1L
S00379,Quotation sent,2026-04-13T11:18:49+00:00,Piotr Zieliński,S00379,,history,,Biurowiec Mokotowska,Poland,Piotr Zieliński,Warsaw DC,56.00,EUR,Oat Milk Barista 12x1L
S00379,Order cancelled,2026-05-08T06:59:32+00:00,Piotr Zieliński,S00379,,history,,Biurowiec Mokotowska,Poland,Piotr Zieliński,Warsaw DC,56.00,EUR,Oat Milk Barista 12x1L
S00380,Quotation created,2026-04-13T06:28:22+00:00,Kasia Nowak,S00380,,history,,Hotel Nad Wisłą,Poland,Kasia Nowak,Warsaw DC,384.00,EUR,House Blend Beans 1kg
S00380,Order confirmed,2026-04-14T12:34:46+00:00,Kasia Nowak,S00380,,history,,Hotel Nad Wisłą,Poland,Kasia Nowak,Warsaw DC,384.00,EUR,House Blend Beans 1kg
S00380,Goods shipped,2026-04-15T06:55:18+00:00,Ola Wiśniewska,WAW/OUT/00144,,history,,Hotel Nad Wisłą,Poland,Kasia Nowak,Warsaw DC,384.00,EUR,House Blend Beans 1kg
S00380,Invoice posted,2026-04-15T08:58:37+00:00,Anna Kowalczyk,INV/2026/00106,,history,2026-05-15,Hotel Nad Wisłą,Poland,Kasia Nowak,Warsaw DC,384.00,EUR,House Blend Beans 1kg
S00380,Credit note posted,2026-04-30T09:31:36+00:00,Anna Kowalczyk,RINV/2026/00008,,history,,Hotel Nad Wisłą,Poland,Kasia Nowak,Warsaw DC,384.00,EUR,House Blend Beans 1kg
S00380,Payment received,2026-06-11T12:18:58+00:00,Anna Kowalczyk,INV/2026/00106,,history,,Hotel Nad Wisłą,Poland,Kasia Nowak,Warsaw DC,384.00,EUR,House Blend Beans 1kg
S00381,Quotation created,2026-04-13T06:35:24+00:00,Sophie Lambert,S00381,,history,,Hotel Horizon Namur,Belgium,Sophie Lambert,Brussels DC,358.00,EUR,Espresso Beans Ethiopia 1kg; Green Tea Sencha 500g
S00381,Quotation sent,2026-04-13T08:51:40+00:00,Sophie Lambert,S00381,,history,,Hotel Horizon Namur,Belgium,Sophie Lambert,Brussels DC,358.00,EUR,Espresso Beans Ethiopia 1kg; Green Tea Sencha 500g
S00381,Order cancelled,2026-05-19T06:00:35+00:00,Sophie Lambert,S00381,,history,,Hotel Horizon Namur,Belgium,Sophie Lambert,Brussels DC,358.00,EUR,Espresso Beans Ethiopia 1kg; Green Tea Sencha 500g
S00382,Quotation created,2026-04-13T06:47:41+00:00,Tom Peeters,S00382,,history,,Café Parvis,Belgium,Tom Peeters,Brussels DC,108.00,EUR,Earl Grey Tea 500g; Green Tea Sencha 500g
S00382,Quotation sent,2026-04-13T09:15:16+00:00,Tom Peeters,S00382,,history,,Café Parvis,Belgium,Tom Peeters,Brussels DC,108.00,EUR,Earl Grey Tea 500g; Green Tea Sencha 500g
S00383,Quotation created,2026-04-13T09:21:55+00:00,Sophie Lambert,S00383,,history,,Campus Kitchen Louvain,Belgium,Sophie Lambert,Brussels DC,376.00,EUR,Espresso Beans Brazil 1kg; House Blend Beans 1kg
S00383,Order confirmed,2026-04-20T06:47:27+00:00,Sophie Lambert,S00383,,history,,Campus Kitchen Louvain,Belgium,Sophie Lambert,Brussels DC,376.00,EUR,Espresso Beans Brazil 1kg; House Blend Beans 1kg
S00383,Goods shipped,2026-04-21T06:45:16+00:00,Marc Dubois,BRU/OUT/00168,,history,,Campus Kitchen Louvain,Belgium,Sophie Lambert,Brussels DC,376.00,EUR,Espresso Beans Brazil 1kg; House Blend Beans 1kg
S00383,Invoice posted,2026-04-22T10:12:19+00:00,Julie Martin,INV/2026/00112,,history,2026-05-22,Campus Kitchen Louvain,Belgium,Sophie Lambert,Brussels DC,376.00,EUR,Espresso Beans Brazil 1kg; House Blend Beans 1kg
S00383,Payment received,2026-06-01T06:14:24+00:00,Julie Martin,INV/2026/00112,,history,,Campus Kitchen Louvain,Belgium,Sophie Lambert,Brussels DC,376.00,EUR,Espresso Beans Brazil 1kg; House Blend Beans 1kg
S00384,Quotation created,2026-04-13T11:43:46+00:00,Sophie Lambert,S00384,,history,,Kantine Noord,Belgium,Sophie Lambert,Brussels DC,265.00,EUR,Cup Lids x1000; Earl Grey Tea 500g; House Blend Beans 1kg
S00384,Quotation sent,2026-04-13T14:33:18+00:00,Sophie Lambert,S00384,,history,,Kantine Noord,Belgium,Sophie Lambert,Brussels DC,265.00,EUR,Cup Lids x1000; Earl Grey Tea 500g; House Blend Beans 1kg
S00384,Order confirmed,2026-04-16T06:15:19+00:00,Sophie Lambert,S00384,,history,,Kantine Noord,Belgium,Sophie Lambert,Brussels DC,265.00,EUR,Cup Lids x1000; Earl Grey Tea 500g; House Blend Beans 1kg
S00384,Goods shipped,2026-04-20T06:23:43+00:00,Marc Dubois,BRU/OUT/00166,,history,,Kantine Noord,Belgium,Sophie Lambert,Brussels DC,265.00,EUR,Cup Lids x1000; Earl Grey Tea 500g; House Blend Beans 1kg
S00384,Invoice posted,2026-04-21T13:04:49+00:00,Julie Martin,INV/2026/00111,,history,2026-05-21,Kantine Noord,Belgium,Sophie Lambert,Brussels DC,265.00,EUR,Cup Lids x1000; Earl Grey Tea 500g; House Blend Beans 1kg
S00384,Payment received,2026-05-22T09:25:10+00:00,Julie Martin,INV/2026/00111,,history,,Kantine Noord,Belgium,Sophie Lambert,Brussels DC,265.00,EUR,Cup Lids x1000; Earl Grey Tea 500g; House Blend Beans 1kg
S00385,Quotation created,2026-04-14T13:00:46+00:00,Tom Peeters,S00385,,history,,Office Hub Leuven,Belgium,Tom Peeters,Brussels DC,272.00,EUR,House Blend Beans 1kg
S00385,Quotation sent,2026-04-15T06:09:04+00:00,Tom Peeters,S00385,,history,,Office Hub Leuven,Belgium,Tom Peeters,Brussels DC,272.00,EUR,House Blend Beans 1kg
S00385,Order confirmed,2026-04-20T06:44:25+00:00,Tom Peeters,S00385,,history,,Office Hub Leuven,Belgium,Tom Peeters,Brussels DC,272.00,EUR,House Blend Beans 1kg
S00385,Order changed after confirmation,2026-04-21T06:45:56+00:00,Tom Peeters,S00385,amount 192.00 -> 272.00,history,,Office Hub Leuven,Belgium,Tom Peeters,Brussels DC,272.00,EUR,House Blend Beans 1kg
S00385,Goods shipped,2026-04-22T06:54:34+00:00,Marc Dubois,BRU/OUT/00167,,history,,Office Hub Leuven,Belgium,Tom Peeters,Brussels DC,272.00,EUR,House Blend Beans 1kg
S00385,Invoice posted,2026-04-23T07:06:04+00:00,Julie Martin,INV/2026/00113,,history,2026-05-23,Office Hub Leuven,Belgium,Tom Peeters,Brussels DC,272.00,EUR,House Blend Beans 1kg
S00385,Payment received,2026-05-18T06:05:27+00:00,Julie Martin,INV/2026/00113,,history,,Office Hub Leuven,Belgium,Tom Peeters,Brussels DC,272.00,EUR,House Blend Beans 1kg
S00386,Quotation created,2026-04-15T07:46:30+00:00,Piotr Zieliński,S00386,,history,,Stołówka Politechnika,Poland,Piotr Zieliński,Warsaw DC,695.00,EUR,Coffee Grinder Compact; Vanilla Syrup 1L
S00386,Order cancelled,2026-05-14T06:19:01+00:00,Piotr Zieliński,S00386,,history,,Stołówka Politechnika,Poland,Piotr Zieliński,Warsaw DC,695.00,EUR,Coffee Grinder Compact; Vanilla Syrup 1L
S00387,Quotation created,2026-04-17T13:47:41+00:00,Tom Peeters,S00387,,history,,Campus Kitchen Louvain,Belgium,Tom Peeters,Brussels DC,1464.00,EUR,House Blend Beans 1kg; Paper Cups 12oz x1000
S00387,Quotation sent,2026-04-20T06:35:35+00:00,Tom Peeters,S00387,,history,,Campus Kitchen Louvain,Belgium,Tom Peeters,Brussels DC,1464.00,EUR,House Blend Beans 1kg; Paper Cups 12oz x1000
S00388,Quotation created,2026-04-20T06:03:04+00:00,Sophie Lambert,S00388,,history,,Hotel Horizon Namur,Belgium,Sophie Lambert,Brussels DC,562.00,EUR,Espresso Beans Brazil 1kg; Espresso Beans Ethiopia 1kg; Green Tea Sencha 500g; Paper Cups 12oz x1000
S00388,Order confirmed,2026-04-24T06:26:01+00:00,Sophie Lambert,S00388,,history,,Hotel Horizon Namur,Belgium,Sophie Lambert,Brussels DC,562.00,EUR,Espresso Beans Brazil 1kg; Espresso Beans Ethiopia 1kg; Green Tea Sencha 500g; Paper Cups 12oz x1000
S00388,Goods shipped,2026-04-27T06:40:50+00:00,Marc Dubois,BRU/OUT/00170,,history,,Hotel Horizon Namur,Belgium,Sophie Lambert,Brussels DC,562.00,EUR,Espresso Beans Brazil 1kg; Espresso Beans Ethiopia 1kg; Green Tea Sencha 500g; Paper Cups 12oz x1000
S00388,Invoice posted,2026-04-28T09:01:13+00:00,Julie Martin,INV/2026/00122,,history,2026-05-28,Hotel Horizon Namur,Belgium,Sophie Lambert,Brussels DC,562.00,EUR,Espresso Beans Brazil 1kg; Espresso Beans Ethiopia 1kg; Green Tea Sencha 500g; Paper Cups 12oz x1000
S00388,Payment received,2026-05-13T06:59:24+00:00,Julie Martin,INV/2026/00122,,history,,Hotel Horizon Namur,Belgium,Sophie Lambert,Brussels DC,562.00,EUR,Espresso Beans Brazil 1kg; Espresso Beans Ethiopia 1kg; Green Tea Sencha 500g; Paper Cups 12oz x1000
S00389,Quotation created,2026-04-20T06:38:52+00:00,Sophie Lambert,S00389,,history,,Espresso Point Wavre,Belgium,Sophie Lambert,Brussels DC,268.00,EUR,Chai Latte Mix 1kg; House Blend Beans 1kg
S00389,Quotation sent,2026-04-20T09:02:36+00:00,Sophie Lambert,S00389,,history,,Espresso Point Wavre,Belgium,Sophie Lambert,Brussels DC,268.00,EUR,Chai Latte Mix 1kg; House Blend Beans 1kg
S00389,Order confirmed,2026-04-21T06:36:11+00:00,Sophie Lambert,S00389,,history,,Espresso Point Wavre,Belgium,Sophie Lambert,Brussels DC,268.00,EUR,Chai Latte Mix 1kg; House Blend Beans 1kg
S00389,Goods shipped,2026-04-22T06:16:37+00:00,Marc Dubois,BRU/OUT/00169,,history,,Espresso Point Wavre,Belgium,Sophie Lambert,Brussels DC,268.00,EUR,Chai Latte Mix 1kg; House Blend Beans 1kg
S00389,Invoice posted,2026-04-23T08:23:40+00:00,Julie Martin,INV/2026/00114,,history,2026-05-23,Espresso Point Wavre,Belgium,Sophie Lambert,Brussels DC,268.00,EUR,Chai Latte Mix 1kg; House Blend Beans 1kg
S00389,Payment received,2026-05-11T06:42:18+00:00,Julie Martin,INV/2026/00114,,history,,Espresso Point Wavre,Belgium,Sophie Lambert,Brussels DC,268.00,EUR,Chai Latte Mix 1kg; House Blend Beans 1kg
S00390,Quotation created,2026-04-20T12:39:36+00:00,Piotr Zieliński,S00390,,history,,Kawiarnia Ogród,Poland,Piotr Zieliński,Warsaw DC,213.00,EUR,Chai Latte Mix 1kg; Cup Lids x1000; House Blend Beans 1kg; Vanilla Syrup 1L
S00390,Quotation sent,2026-04-20T14:07:56+00:00,Piotr Zieliński,S00390,,history,,Kawiarnia Ogród,Poland,Piotr Zieliński,Warsaw DC,213.00,EUR,Chai Latte Mix 1kg; Cup Lids x1000; House Blend Beans 1kg; Vanilla Syrup 1L
S00390,Order confirmed,2026-04-27T06:19:58+00:00,Piotr Zieliński,S00390,,history,,Kawiarnia Ogród,Poland,Piotr Zieliński,Warsaw DC,213.00,EUR,Chai Latte Mix 1kg; Cup Lids x1000; House Blend Beans 1kg; Vanilla Syrup 1L
S00390,Goods shipped,2026-04-29T06:22:05+00:00,Ola Wiśniewska,WAW/OUT/00150,,history,,Kawiarnia Ogród,Poland,Piotr Zieliński,Warsaw DC,213.00,EUR,Chai Latte Mix 1kg; Cup Lids x1000; House Blend Beans 1kg; Vanilla Syrup 1L
S00390,Invoice posted,2026-05-01T07:35:18+00:00,Anna Kowalczyk,INV/2026/00124,,history,2026-05-31,Kawiarnia Ogród,Poland,Piotr Zieliński,Warsaw DC,213.00,EUR,Chai Latte Mix 1kg; Cup Lids x1000; House Blend Beans 1kg; Vanilla Syrup 1L
S00391,Quotation created,2026-04-21T06:19:42+00:00,Tom Peeters,S00391,,history,,Brasserie du Canal,Belgium,Tom Peeters,Brussels DC,372.00,EUR,Descaler Tablets x10; House Blend Beans 1kg; Oat Milk Barista 12x1L
S00391,Quotation sent,2026-04-21T10:51:07+00:00,Tom Peeters,S00391,,history,,Brasserie du Canal,Belgium,Tom Peeters,Brussels DC,372.00,EUR,Descaler Tablets x10; House Blend Beans 1kg; Oat Milk Barista 12x1L
S00391,Order cancelled,2026-05-11T06:00:10+00:00,Tom Peeters,S00391,,history,,Brasserie du Canal,Belgium,Tom Peeters,Brussels DC,372.00,EUR,Descaler Tablets x10; House Blend Beans 1kg; Oat Milk Barista 12x1L
S00392,Quotation created,2026-04-21T06:42:36+00:00,Kasia Nowak,S00392,,history,,Biuro Centrum Wola,Poland,Kasia Nowak,Warsaw DC,452.00,EUR,Espresso Beans Brazil 1kg; House Blend Beans 1kg; Oat Milk Barista 12x1L
S00392,Quotation sent,2026-04-21T09:34:11+00:00,Kasia Nowak,S00392,,history,,Biuro Centrum Wola,Poland,Kasia Nowak,Warsaw DC,452.00,EUR,Espresso Beans Brazil 1kg; House Blend Beans 1kg; Oat Milk Barista 12x1L
S00392,Order confirmed,2026-04-24T06:16:38+00:00,Kasia Nowak,S00392,,history,,Biuro Centrum Wola,Poland,Kasia Nowak,Warsaw DC,452.00,EUR,Espresso Beans Brazil 1kg; House Blend Beans 1kg; Oat Milk Barista 12x1L
S00392,Goods shipped,2026-04-28T10:25:00+00:00,Ola Wiśniewska,WAW/OUT/00148,,history,,Biuro Centrum Wola,Poland,Kasia Nowak,Warsaw DC,452.00,EUR,Espresso Beans Brazil 1kg; House Blend Beans 1kg; Oat Milk Barista 12x1L
S00392,Invoice posted,2026-04-30T10:31:07+00:00,Anna Kowalczyk,INV/2026/00123,,history,2026-05-30,Biuro Centrum Wola,Poland,Kasia Nowak,Warsaw DC,452.00,EUR,Espresso Beans Brazil 1kg; House Blend Beans 1kg; Oat Milk Barista 12x1L
S00392,Payment received,2026-05-28T06:34:54+00:00,Anna Kowalczyk,INV/2026/00123,,history,,Biuro Centrum Wola,Poland,Kasia Nowak,Warsaw DC,452.00,EUR,Espresso Beans Brazil 1kg; House Blend Beans 1kg; Oat Milk Barista 12x1L
S00393,Quotation created,2026-04-21T10:31:31+00:00,Tom Peeters,S00393,,history,,Tearoom Duinen,Belgium,Tom Peeters,Brussels DC,2430.00,EUR,Espresso Machine Pro; Ground Coffee 250g
S00393,Quotation sent,2026-04-22T06:01:06+00:00,Tom Peeters,S00393,,history,,Tearoom Duinen,Belgium,Tom Peeters,Brussels DC,2430.00,EUR,Espresso Machine Pro; Ground Coffee 250g
S00393,Order confirmed,2026-04-27T06:01:11+00:00,Tom Peeters,S00393,,history,,Tearoom Duinen,Belgium,Tom Peeters,Brussels DC,2430.00,EUR,Espresso Machine Pro; Ground Coffee 250g
S00393,Delivery rescheduled,2026-04-29T06:39:06+00:00,Marc Dubois,BRU/OUT/00173,+3.0 days,history,,Tearoom Duinen,Belgium,Tom Peeters,Brussels DC,2430.00,EUR,Espresso Machine Pro; Ground Coffee 250g
S00393,Delivery rescheduled,2026-05-01T14:23:33+00:00,Marc Dubois,BRU/OUT/00173,+6.0 days,history,,Tearoom Duinen,Belgium,Tom Peeters,Brussels DC,2430.00,EUR,Espresso Machine Pro; Ground Coffee 250g
S00393,Goods shipped,2026-05-06T06:12:18+00:00,Marc Dubois,BRU/OUT/00173,,history,,Tearoom Duinen,Belgium,Tom Peeters,Brussels DC,2430.00,EUR,Espresso Machine Pro; Ground Coffee 250g
S00393,Invoice posted,2026-05-07T08:31:01+00:00,Julie Martin,INV/2026/00137,,history,2026-06-06,Tearoom Duinen,Belgium,Tom Peeters,Brussels DC,2430.00,EUR,Espresso Machine Pro; Ground Coffee 250g
S00393,Payment received,2026-06-09T15:15:24+00:00,Julie Martin,INV/2026/00137,,history,,Tearoom Duinen,Belgium,Tom Peeters,Brussels DC,2430.00,EUR,Espresso Machine Pro; Ground Coffee 250g
S00394,Quotation created,2026-04-21T11:14:09+00:00,Piotr Zieliński,S00394,,history,,Restauracja Odra,Poland,Piotr Zieliński,Warsaw DC,3031.00,EUR,Chai Latte Mix 1kg; Descaler Tablets x10; Espresso Machine Pro
S00394,Quotation sent,2026-04-22T06:24:16+00:00,Piotr Zieliński,S00394,,history,,Restauracja Odra,Poland,Piotr Zieliński,Warsaw DC,3031.00,EUR,Chai Latte Mix 1kg; Descaler Tablets x10; Espresso Machine Pro
S00394,Order confirmed,2026-04-23T08:42:51+00:00,Piotr Zieliński,S00394,,history,,Restauracja Odra,Poland,Piotr Zieliński,Warsaw DC,3031.00,EUR,Chai Latte Mix 1kg; Descaler Tablets x10; Espresso Machine Pro
S00394,Delivery rescheduled,2026-04-27T06:34:54+00:00,Ola Wiśniewska,WAW/OUT/00146,+4.0 days,history,,Restauracja Odra,Poland,Piotr Zieliński,Warsaw DC,3031.00,EUR,Chai Latte Mix 1kg; Descaler Tablets x10; Espresso Machine Pro
S00394,Delivery rescheduled,2026-04-30T06:08:53+00:00,Ola Wiśniewska,WAW/OUT/00146,+5.0 days,history,,Restauracja Odra,Poland,Piotr Zieliński,Warsaw DC,3031.00,EUR,Chai Latte Mix 1kg; Descaler Tablets x10; Espresso Machine Pro
S00394,Delivery rescheduled,2026-05-04T06:26:56+00:00,Ola Wiśniewska,WAW/OUT/00146,+6.0 days,history,,Restauracja Odra,Poland,Piotr Zieliński,Warsaw DC,3031.00,EUR,Chai Latte Mix 1kg; Descaler Tablets x10; Espresso Machine Pro
S00394,Goods shipped,2026-05-08T06:28:28+00:00,Ola Wiśniewska,WAW/OUT/00146,,history,,Restauracja Odra,Poland,Piotr Zieliński,Warsaw DC,3031.00,EUR,Chai Latte Mix 1kg; Descaler Tablets x10; Espresso Machine Pro
S00394,Invoice posted,2026-05-11T06:56:12+00:00,Anna Kowalczyk,INV/2026/00143,,history,2026-06-10,Restauracja Odra,Poland,Piotr Zieliński,Warsaw DC,3031.00,EUR,Chai Latte Mix 1kg; Descaler Tablets x10; Espresso Machine Pro
S00394,Payment received,2026-08-10T06:23:57+00:00,Anna Kowalczyk,INV/2026/00143,,history,,Restauracja Odra,Poland,Piotr Zieliński,Warsaw DC,3031.00,EUR,Chai Latte Mix 1kg; Descaler Tablets x10; Espresso Machine Pro
S00395,Quotation created,2026-04-21T12:06:50+00:00,Sophie Lambert,S00395,,history,,Brasserie du Canal,Belgium,Sophie Lambert,Brussels DC,468.00,EUR,Chai Latte Mix 1kg; Espresso Beans Ethiopia 1kg
S00395,Quotation sent,2026-04-22T06:41:56+00:00,Sophie Lambert,S00395,,history,,Brasserie du Canal,Belgium,Sophie Lambert,Brussels DC,468.00,EUR,Chai Latte Mix 1kg; Espresso Beans Ethiopia 1kg
S00395,Order confirmed,2026-04-24T08:43:28+00:00,Sophie Lambert,S00395,,history,,Brasserie du Canal,Belgium,Sophie Lambert,Brussels DC,468.00,EUR,Chai Latte Mix 1kg; Espresso Beans Ethiopia 1kg
S00395,Goods shipped,2026-04-27T06:25:26+00:00,Marc Dubois,BRU/OUT/00171,,history,,Brasserie du Canal,Belgium,Sophie Lambert,Brussels DC,468.00,EUR,Chai Latte Mix 1kg; Espresso Beans Ethiopia 1kg
S00395,Invoice posted,2026-04-28T06:23:09+00:00,Julie Martin,INV/2026/00119,,history,2026-05-28,Brasserie du Canal,Belgium,Sophie Lambert,Brussels DC,468.00,EUR,Chai Latte Mix 1kg; Espresso Beans Ethiopia 1kg
S00395,Payment received,2026-06-29T06:27:06+00:00,Julie Martin,INV/2026/00119,,history,,Brasserie du Canal,Belgium,Sophie Lambert,Brussels DC,468.00,EUR,Chai Latte Mix 1kg; Espresso Beans Ethiopia 1kg
S00396,Quotation created,2026-04-21T14:06:58+00:00,Piotr Zieliński,S00396,,history,,Coworking Praga,Poland,Piotr Zieliński,Warsaw DC,450.00,EUR,Espresso Beans Brazil 1kg; Espresso Beans Ethiopia 1kg; Vanilla Syrup 1L
S00396,Quotation sent,2026-04-22T06:24:28+00:00,Piotr Zieliński,S00396,,history,,Coworking Praga,Poland,Piotr Zieliński,Warsaw DC,450.00,EUR,Espresso Beans Brazil 1kg; Espresso Beans Ethiopia 1kg; Vanilla Syrup 1L
S00396,Order confirmed,2026-04-24T06:12:04+00:00,Piotr Zieliński,S00396,,history,,Coworking Praga,Poland,Piotr Zieliński,Warsaw DC,450.00,EUR,Espresso Beans Brazil 1kg; Espresso Beans Ethiopia 1kg; Vanilla Syrup 1L
S00396,Invoice posted,2026-04-24T10:19:11+00:00,Anna Kowalczyk,INV/2026/00116,,history,2026-05-24,Coworking Praga,Poland,Piotr Zieliński,Warsaw DC,450.00,EUR,Espresso Beans Brazil 1kg; Espresso Beans Ethiopia 1kg; Vanilla Syrup 1L
S00396,Goods shipped,2026-04-28T08:09:00+00:00,Ola Wiśniewska,WAW/OUT/00147,,history,,Coworking Praga,Poland,Piotr Zieliński,Warsaw DC,450.00,EUR,Espresso Beans Brazil 1kg; Espresso Beans Ethiopia 1kg; Vanilla Syrup 1L
S00396,Credit note posted,2026-05-07T07:22:07+00:00,Anna Kowalczyk,RINV/2026/00009,,history,,Coworking Praga,Poland,Piotr Zieliński,Warsaw DC,450.00,EUR,Espresso Beans Brazil 1kg; Espresso Beans Ethiopia 1kg; Vanilla Syrup 1L
S00396,Payment received,2026-07-07T06:09:25+00:00,Anna Kowalczyk,INV/2026/00116,,history,,Coworking Praga,Poland,Piotr Zieliński,Warsaw DC,450.00,EUR,Espresso Beans Brazil 1kg; Espresso Beans Ethiopia 1kg; Vanilla Syrup 1L
S00397,Quotation created,2026-04-23T08:35:38+00:00,Kasia Nowak,S00397,,history,,Stołówka Politechnika,Poland,Kasia Nowak,Warsaw DC,1260.00,EUR,Chai Latte Mix 1kg; Decaf Colombia Beans 1kg; Espresso Beans Ethiopia 1kg; Ground Coffee 250g
S00397,Quotation sent,2026-04-23T11:22:18+00:00,Kasia Nowak,S00397,,history,,Stołówka Politechnika,Poland,Kasia Nowak,Warsaw DC,1260.00,EUR,Chai Latte Mix 1kg; Decaf Colombia Beans 1kg; Espresso Beans Ethiopia 1kg; Ground Coffee 250g
S00397,Order confirmed,2026-04-27T06:18:44+00:00,Kasia Nowak,S00397,,history,,Stołówka Politechnika,Poland,Kasia Nowak,Warsaw DC,1260.00,EUR,Chai Latte Mix 1kg; Decaf Colombia Beans 1kg; Espresso Beans Ethiopia 1kg; Ground Coffee 250g
S00397,Invoice posted,2026-04-27T08:39:31+00:00,Anna Kowalczyk,INV/2026/00117,,history,2026-05-27,Stołówka Politechnika,Poland,Kasia Nowak,Warsaw DC,1260.00,EUR,Chai Latte Mix 1kg; Decaf Colombia Beans 1kg; Espresso Beans Ethiopia 1kg; Ground Coffee 250g
S00397,Goods shipped,2026-04-29T06:05:51+00:00,Ola Wiśniewska,WAW/OUT/00149,,history,,Stołówka Politechnika,Poland,Kasia Nowak,Warsaw DC,1260.00,EUR,Chai Latte Mix 1kg; Decaf Colombia Beans 1kg; Espresso Beans Ethiopia 1kg; Ground Coffee 250g
S00397,Payment received,2026-05-14T06:51:02+00:00,Anna Kowalczyk,INV/2026/00117,,history,,Stołówka Politechnika,Poland,Kasia Nowak,Warsaw DC,1260.00,EUR,Chai Latte Mix 1kg; Decaf Colombia Beans 1kg; Espresso Beans Ethiopia 1kg; Ground Coffee 250g
S00398,Quotation created,2026-04-23T09:26:07+00:00,Kasia Nowak,S00398,,history,,Coworking Praga,Poland,Kasia Nowak,Warsaw DC,302.00,EUR,Decaf Colombia Beans 1kg; Ground Coffee 250g; House Blend Beans 1kg
S00398,Order cancelled,2026-05-15T06:27:49+00:00,Kasia Nowak,S00398,,history,,Coworking Praga,Poland,Kasia Nowak,Warsaw DC,302.00,EUR,Decaf Colombia Beans 1kg; Ground Coffee 250g; House Blend Beans 1kg
S00399,Quotation created,2026-04-23T10:00:25+00:00,Piotr Zieliński,S00399,,history,,Biurowiec Mokotowska,Poland,Piotr Zieliński,Warsaw DC,960.00,EUR,Earl Grey Tea 500g; Espresso Beans Brazil 1kg; Oat Milk Barista 12x1L; Vanilla Syrup 1L
S00399,Quotation sent,2026-04-23T13:50:51+00:00,Piotr Zieliński,S00399,,history,,Biurowiec Mokotowska,Poland,Piotr Zieliński,Warsaw DC,960.00,EUR,Earl Grey Tea 500g; Espresso Beans Brazil 1kg; Oat Milk Barista 12x1L; Vanilla Syrup 1L
S00399,Order confirmed,2026-04-27T06:55:41+00:00,Piotr Zieliński,S00399,,history,,Biurowiec Mokotowska,Poland,Piotr Zieliński,Warsaw DC,960.00,EUR,Earl Grey Tea 500g; Espresso Beans Brazil 1kg; Oat Milk Barista 12x1L; Vanilla Syrup 1L
S00399,Invoice posted,2026-04-27T10:27:44+00:00,Anna Kowalczyk,INV/2026/00118,,history,2026-05-27,Biurowiec Mokotowska,Poland,Piotr Zieliński,Warsaw DC,960.00,EUR,Earl Grey Tea 500g; Espresso Beans Brazil 1kg; Oat Milk Barista 12x1L; Vanilla Syrup 1L
S00399,Goods shipped,2026-04-28T06:44:12+00:00,Ola Wiśniewska,WAW/OUT/00151,,history,,Biurowiec Mokotowska,Poland,Piotr Zieliński,Warsaw DC,960.00,EUR,Earl Grey Tea 500g; Espresso Beans Brazil 1kg; Oat Milk Barista 12x1L; Vanilla Syrup 1L
S00399,Payment received,2026-05-27T07:29:20+00:00,Anna Kowalczyk,INV/2026/00118,,history,,Biurowiec Mokotowska,Poland,Piotr Zieliński,Warsaw DC,960.00,EUR,Earl Grey Tea 500g; Espresso Beans Brazil 1kg; Oat Milk Barista 12x1L; Vanilla Syrup 1L
S00400,Quotation created,2026-04-23T14:08:31+00:00,Kasia Nowak,S00400,,history,,Café Nowa Huta,Poland,Kasia Nowak,Warsaw DC,280.00,EUR,House Blend Beans 1kg; Vanilla Syrup 1L
S00400,Quotation sent,2026-04-24T06:35:59+00:00,Kasia Nowak,S00400,,history,,Café Nowa Huta,Poland,Kasia Nowak,Warsaw DC,280.00,EUR,House Blend Beans 1kg; Vanilla Syrup 1L
S00400,Order confirmed,2026-05-04T06:49:58+00:00,Kasia Nowak,S00400,,history,,Café Nowa Huta,Poland,Kasia Nowak,Warsaw DC,280.00,EUR,House Blend Beans 1kg; Vanilla Syrup 1L
S00400,Goods shipped,2026-05-05T06:52:08+00:00,Ola Wiśniewska,WAW/OUT/00155,,history,,Café Nowa Huta,Poland,Kasia Nowak,Warsaw DC,280.00,EUR,House Blend Beans 1kg; Vanilla Syrup 1L
S00400,Invoice posted,2026-05-08T06:24:26+00:00,Anna Kowalczyk,INV/2026/00141,,history,2026-06-07,Café Nowa Huta,Poland,Kasia Nowak,Warsaw DC,280.00,EUR,House Blend Beans 1kg; Vanilla Syrup 1L
S00400,Payment received,2026-06-15T06:21:18+00:00,Anna Kowalczyk,INV/2026/00141,,history,,Café Nowa Huta,Poland,Kasia Nowak,Warsaw DC,280.00,EUR,House Blend Beans 1kg; Vanilla Syrup 1L
S00401,Quotation created,2026-04-24T08:17:50+00:00,Sophie Lambert,S00401,,history,,Kantine Noord,Belgium,Sophie Lambert,Brussels DC,228.00,EUR,Chai Latte Mix 1kg
S00401,Order confirmed,2026-04-24T12:53:41+00:00,Sophie Lambert,S00401,,history,,Kantine Noord,Belgium,Sophie Lambert,Brussels DC,228.00,EUR,Chai Latte Mix 1kg
S00401,Goods shipped,2026-04-27T06:11:36+00:00,Marc Dubois,BRU/OUT/00172,,history,,Kantine Noord,Belgium,Sophie Lambert,Brussels DC,228.00,EUR,Chai Latte Mix 1kg
S00401,Invoice posted,2026-04-28T07:32:44+00:00,Julie Martin,INV/2026/00120,,history,2026-05-28,Kantine Noord,Belgium,Sophie Lambert,Brussels DC,228.00,EUR,Chai Latte Mix 1kg
S00401,Payment received,2026-06-01T06:25:04+00:00,Julie Martin,INV/2026/00120,,history,,Kantine Noord,Belgium,Sophie Lambert,Brussels DC,228.00,EUR,Chai Latte Mix 1kg
S00402,Quotation created,2026-04-24T15:28:15+00:00,Sophie Lambert,S00402,,history,,Hotel Horizon Namur,Belgium,Sophie Lambert,Brussels DC,464.00,EUR,Espresso Beans Brazil 1kg; House Blend Beans 1kg
S00402,Order confirmed,2026-04-27T06:38:53+00:00,Sophie Lambert,S00402,,history,,Hotel Horizon Namur,Belgium,Sophie Lambert,Brussels DC,464.00,EUR,Espresso Beans Brazil 1kg; House Blend Beans 1kg
S00402,Goods shipped,2026-04-28T06:29:46+00:00,Marc Dubois,BRU/OUT/00174,,history,,Hotel Horizon Namur,Belgium,Sophie Lambert,Brussels DC,464.00,EUR,Espresso Beans Brazil 1kg; House Blend Beans 1kg
S00402,Invoice posted,2026-04-28T08:45:26+00:00,Julie Martin,INV/2026/00121,,history,2026-05-28,Hotel Horizon Namur,Belgium,Sophie Lambert,Brussels DC,464.00,EUR,Espresso Beans Brazil 1kg; House Blend Beans 1kg
S00402,Payment received,2026-06-04T06:55:24+00:00,Julie Martin,INV/2026/00121,,history,,Hotel Horizon Namur,Belgium,Sophie Lambert,Brussels DC,464.00,EUR,Espresso Beans Brazil 1kg; House Blend Beans 1kg
S00403,Quotation created,2026-04-27T06:58:01+00:00,Kasia Nowak,S00403,,history,,Hotel Poznań Park,Poland,Kasia Nowak,Warsaw DC,320.00,EUR,House Blend Beans 1kg
S00403,Quotation sent,2026-04-27T10:51:42+00:00,Kasia Nowak,S00403,,history,,Hotel Poznań Park,Poland,Kasia Nowak,Warsaw DC,320.00,EUR,House Blend Beans 1kg
S00403,Order confirmed,2026-04-29T10:07:35+00:00,Kasia Nowak,S00403,,history,,Hotel Poznań Park,Poland,Kasia Nowak,Warsaw DC,320.00,EUR,House Blend Beans 1kg
S00403,Goods shipped,2026-04-30T06:50:05+00:00,Ola Wiśniewska,WAW/OUT/00154,,history,,Hotel Poznań Park,Poland,Kasia Nowak,Warsaw DC,320.00,EUR,House Blend Beans 1kg
S00403,Invoice posted,2026-05-01T12:42:20+00:00,Anna Kowalczyk,INV/2026/00125,,history,2026-05-31,Hotel Poznań Park,Poland,Kasia Nowak,Warsaw DC,320.00,EUR,House Blend Beans 1kg
S00403,Payment received,2026-05-26T06:03:50+00:00,Anna Kowalczyk,INV/2026/00125,,history,,Hotel Poznań Park,Poland,Kasia Nowak,Warsaw DC,320.00,EUR,House Blend Beans 1kg
S00404,Quotation created,2026-04-27T09:32:30+00:00,Tom Peeters,S00404,,history,,Business Park Diegem,Belgium,Tom Peeters,Brussels DC,402.00,EUR,Decaf Colombia Beans 1kg; Espresso Beans Brazil 1kg; Green Tea Sencha 500g
S00404,Order confirmed,2026-05-01T07:47:18+00:00,Tom Peeters,S00404,,history,,Business Park Diegem,Belgium,Tom Peeters,Brussels DC,402.00,EUR,Decaf Colombia Beans 1kg; Espresso Beans Brazil 1kg; Green Tea Sencha 500g
S00404,Order changed after confirmation,2026-05-04T06:12:09+00:00,Tom Peeters,S00404,amount 388.00 -> 402.00,history,,Business Park Diegem,Belgium,Tom Peeters,Brussels DC,402.00,EUR,Decaf Colombia Beans 1kg; Espresso Beans Brazil 1kg; Green Tea Sencha 500g
S00404,Goods shipped,2026-05-04T06:52:48+00:00,Marc Dubois,BRU/OUT/00177,,history,,Business Park Diegem,Belgium,Tom Peeters,Brussels DC,402.00,EUR,Decaf Colombia Beans 1kg; Espresso Beans Brazil 1kg; Green Tea Sencha 500g
S00404,Invoice posted,2026-05-04T10:32:39+00:00,Julie Martin,INV/2026/00128,,history,2026-06-03,Business Park Diegem,Belgium,Tom Peeters,Brussels DC,402.00,EUR,Decaf Colombia Beans 1kg; Espresso Beans Brazil 1kg; Green Tea Sencha 500g
S00404,Payment received,2026-06-08T06:12:45+00:00,Julie Martin,INV/2026/00128,,history,,Business Park Diegem,Belgium,Tom Peeters,Brussels DC,402.00,EUR,Decaf Colombia Beans 1kg; Espresso Beans Brazil 1kg; Green Tea Sencha 500g
S00405,Quotation created,2026-04-27T11:10:38+00:00,Kasia Nowak,S00405,,history,,Kawiarnia Rynek,Poland,Kasia Nowak,Warsaw DC,108.00,EUR,Green Tea Sencha 500g; Ground Coffee 250g
S00405,Quotation sent,2026-04-28T06:07:49+00:00,Kasia Nowak,S00405,,history,,Kawiarnia Rynek,Poland,Kasia Nowak,Warsaw DC,108.00,EUR,Green Tea Sencha 500g; Ground Coffee 250g
S00405,Order confirmed,2026-04-29T06:43:58+00:00,Kasia Nowak,S00405,,history,,Kawiarnia Rynek,Poland,Kasia Nowak,Warsaw DC,108.00,EUR,Green Tea Sencha 500g; Ground Coffee 250g
S00405,Goods shipped,2026-04-30T11:33:04+00:00,Ola Wiśniewska,WAW/OUT/00153,,history,,Kawiarnia Rynek,Poland,Kasia Nowak,Warsaw DC,108.00,EUR,Green Tea Sencha 500g; Ground Coffee 250g
S00405,Invoice posted,2026-05-04T09:23:38+00:00,Anna Kowalczyk,INV/2026/00127,,history,2026-06-03,Kawiarnia Rynek,Poland,Kasia Nowak,Warsaw DC,108.00,EUR,Green Tea Sencha 500g; Ground Coffee 250g
S00405,Payment received,2026-05-28T06:36:50+00:00,Anna Kowalczyk,INV/2026/00127,,history,,Kawiarnia Rynek,Poland,Kasia Nowak,Warsaw DC,108.00,EUR,Green Tea Sencha 500g; Ground Coffee 250g
S00406,Quotation created,2026-04-27T14:57:52+00:00,Kasia Nowak,S00406,,history,,Kawiarnia Ogród,Poland,Kasia Nowak,Warsaw DC,1182.00,EUR,Espresso Beans Ethiopia 1kg; Oat Milk Barista 12x1L; Paper Cups 12oz x1000
S00406,Quotation sent,2026-04-28T06:46:06+00:00,Kasia Nowak,S00406,,history,,Kawiarnia Ogród,Poland,Kasia Nowak,Warsaw DC,1182.00,EUR,Espresso Beans Ethiopia 1kg; Oat Milk Barista 12x1L; Paper Cups 12oz x1000
S00406,Order confirmed,2026-04-29T06:20:21+00:00,Kasia Nowak,S00406,,history,,Kawiarnia Ogród,Poland,Kasia Nowak,Warsaw DC,1182.00,EUR,Espresso Beans Ethiopia 1kg; Oat Milk Barista 12x1L; Paper Cups 12oz x1000
S00406,Goods shipped,2026-04-30T10:44:30+00:00,Ola Wiśniewska,WAW/OUT/00152,,history,,Kawiarnia Ogród,Poland,Kasia Nowak,Warsaw DC,1182.00,EUR,Espresso Beans Ethiopia 1kg; Oat Milk Barista 12x1L; Paper Cups 12oz x1000
S00406,Invoice posted,2026-05-04T08:27:20+00:00,Anna Kowalczyk,INV/2026/00126,,history,2026-06-03,Kawiarnia Ogród,Poland,Kasia Nowak,Warsaw DC,1182.00,EUR,Espresso Beans Ethiopia 1kg; Oat Milk Barista 12x1L; Paper Cups 12oz x1000
S00406,Payment received,2026-05-20T06:49:24+00:00,Anna Kowalczyk,INV/2026/00126,,history,,Kawiarnia Ogród,Poland,Kasia Nowak,Warsaw DC,1182.00,EUR,Espresso Beans Ethiopia 1kg; Oat Milk Barista 12x1L; Paper Cups 12oz x1000
S00407,Quotation created,2026-04-29T10:50:17+00:00,Tom Peeters,S00407,,history,,Salon Mosan,Belgium,Tom Peeters,Brussels DC,916.00,EUR,Cup Lids x1000; House Blend Beans 1kg; Oat Milk Barista 12x1L; Vanilla Syrup 1L
S00407,Quotation sent,2026-04-29T13:08:04+00:00,Tom Peeters,S00407,,history,,Salon Mosan,Belgium,Tom Peeters,Brussels DC,916.00,EUR,Cup Lids x1000; House Blend Beans 1kg; Oat Milk Barista 12x1L; Vanilla Syrup 1L
S00407,Order confirmed,2026-05-01T06:53:18+00:00,Tom Peeters,S00407,,history,,Salon Mosan,Belgium,Tom Peeters,Brussels DC,916.00,EUR,Cup Lids x1000; House Blend Beans 1kg; Oat Milk Barista 12x1L; Vanilla Syrup 1L
S00407,Goods shipped,2026-05-04T06:39:38+00:00,Marc Dubois,BRU/OUT/00176,,history,,Salon Mosan,Belgium,Tom Peeters,Brussels DC,916.00,EUR,Cup Lids x1000; House Blend Beans 1kg; Oat Milk Barista 12x1L; Vanilla Syrup 1L
S00407,Invoice posted,2026-05-05T08:50:02+00:00,Julie Martin,INV/2026/00131,,history,2026-06-04,Salon Mosan,Belgium,Tom Peeters,Brussels DC,916.00,EUR,Cup Lids x1000; House Blend Beans 1kg; Oat Milk Barista 12x1L; Vanilla Syrup 1L
S00407,Payment received,2026-07-20T06:30:32+00:00,Julie Martin,INV/2026/00131,,history,,Salon Mosan,Belgium,Tom Peeters,Brussels DC,916.00,EUR,Cup Lids x1000; House Blend Beans 1kg; Oat Milk Barista 12x1L; Vanilla Syrup 1L
S00408,Quotation created,2026-04-29T13:21:34+00:00,Tom Peeters,S00408,,history,,Hotel Horizon Namur,Belgium,Tom Peeters,Brussels DC,1250.00,EUR,Descaler Tablets x10; Ground Coffee 250g; Vanilla Syrup 1L
S00408,Quotation sent,2026-04-30T06:16:40+00:00,Tom Peeters,S00408,,history,,Hotel Horizon Namur,Belgium,Tom Peeters,Brussels DC,1250.00,EUR,Descaler Tablets x10; Ground Coffee 250g; Vanilla Syrup 1L
S00408,Order confirmed,2026-05-01T06:32:14+00:00,Tom Peeters,S00408,,history,,Hotel Horizon Namur,Belgium,Tom Peeters,Brussels DC,1250.00,EUR,Descaler Tablets x10; Ground Coffee 250g; Vanilla Syrup 1L
S00408,Order changed after confirmation,2026-05-04T06:21:33+00:00,Tom Peeters,S00408,"amount 1,005.00 -> 1,250.00",history,,Hotel Horizon Namur,Belgium,Tom Peeters,Brussels DC,1250.00,EUR,Descaler Tablets x10; Ground Coffee 250g; Vanilla Syrup 1L
S00408,Goods shipped,2026-05-04T06:36:12+00:00,Marc Dubois,BRU/OUT/00175,,history,,Hotel Horizon Namur,Belgium,Tom Peeters,Brussels DC,1250.00,EUR,Descaler Tablets x10; Ground Coffee 250g; Vanilla Syrup 1L
S00408,Invoice posted,2026-05-05T08:06:42+00:00,Julie Martin,INV/2026/00130,,history,2026-06-04,Hotel Horizon Namur,Belgium,Tom Peeters,Brussels DC,1250.00,EUR,Descaler Tablets x10; Ground Coffee 250g; Vanilla Syrup 1L
S00408,Payment received,2026-05-26T06:56:50+00:00,Julie Martin,INV/2026/00130,,history,,Hotel Horizon Namur,Belgium,Tom Peeters,Brussels DC,1250.00,EUR,Descaler Tablets x10; Ground Coffee 250g; Vanilla Syrup 1L
S00409,Quotation created,2026-04-29T14:03:22+00:00,Piotr Zieliński,S00409,,history,,Kawiarnia Sopot Molo,Poland,Piotr Zieliński,Warsaw DC,840.00,EUR,Espresso Beans Brazil 1kg; Espresso Beans Ethiopia 1kg
S00409,Quotation sent,2026-04-29T14:44:41+00:00,Piotr Zieliński,S00409,,history,,Kawiarnia Sopot Molo,Poland,Piotr Zieliński,Warsaw DC,840.00,EUR,Espresso Beans Brazil 1kg; Espresso Beans Ethiopia 1kg
S00409,Order cancelled,2026-05-14T10:06:15+00:00,Piotr Zieliński,S00409,,history,,Kawiarnia Sopot Molo,Poland,Piotr Zieliński,Warsaw DC,840.00,EUR,Espresso Beans Brazil 1kg; Espresso Beans Ethiopia 1kg
S00410,Quotation created,2026-04-30T15:14:10+00:00,Tom Peeters,S00410,,history,,Bistro Flagey Corner,Belgium,Tom Peeters,Brussels DC,286.00,EUR,Espresso Beans Brazil 1kg; House Blend Beans 1kg
S00410,Quotation sent,2026-05-01T06:17:34+00:00,Tom Peeters,S00410,,history,,Bistro Flagey Corner,Belgium,Tom Peeters,Brussels DC,286.00,EUR,Espresso Beans Brazil 1kg; House Blend Beans 1kg
S00410,Order confirmed,2026-05-01T14:19:54+00:00,Tom Peeters,S00410,,history,,Bistro Flagey Corner,Belgium,Tom Peeters,Brussels DC,286.00,EUR,Espresso Beans Brazil 1kg; House Blend Beans 1kg
S00410,Order changed after confirmation,2026-05-04T06:45:44+00:00,Tom Peeters,S00410,amount 268.00 -> 286.00,history,,Bistro Flagey Corner,Belgium,Tom Peeters,Brussels DC,286.00,EUR,Espresso Beans Brazil 1kg; House Blend Beans 1kg
S00410,Goods shipped,2026-05-04T06:47:44+00:00,Marc Dubois,BRU/OUT/00178,,history,,Bistro Flagey Corner,Belgium,Tom Peeters,Brussels DC,286.00,EUR,Espresso Beans Brazil 1kg; House Blend Beans 1kg
S00410,Invoice posted,2026-05-05T07:06:12+00:00,Julie Martin,INV/2026/00129,,history,2026-06-04,Bistro Flagey Corner,Belgium,Tom Peeters,Brussels DC,286.00,EUR,Espresso Beans Brazil 1kg; House Blend Beans 1kg
S00410,Payment received,2026-06-01T06:31:34+00:00,Julie Martin,INV/2026/00129,,history,,Bistro Flagey Corner,Belgium,Tom Peeters,Brussels DC,286.00,EUR,Espresso Beans Brazil 1kg; House Blend Beans 1kg
S00411,Quotation created,2026-05-01T08:49:01+00:00,Sophie Lambert,S00411,,history,,Station Coffee Mechelen,Belgium,Sophie Lambert,Brussels DC,320.00,EUR,House Blend Beans 1kg
S00411,Quotation sent,2026-05-01T14:44:23+00:00,Sophie Lambert,S00411,,history,,Station Coffee Mechelen,Belgium,Sophie Lambert,Brussels DC,320.00,EUR,House Blend Beans 1kg
S00411,Order confirmed,2026-05-04T06:57:01+00:00,Sophie Lambert,S00411,,history,,Station Coffee Mechelen,Belgium,Sophie Lambert,Brussels DC,320.00,EUR,House Blend Beans 1kg
S00411,Goods shipped,2026-05-05T06:47:56+00:00,Marc Dubois,BRU/OUT/00180,,history,,Station Coffee Mechelen,Belgium,Sophie Lambert,Brussels DC,320.00,EUR,House Blend Beans 1kg
S00411,Invoice posted,2026-05-05T09:31:08+00:00,Julie Martin,INV/2026/00132,,history,2026-06-04,Station Coffee Mechelen,Belgium,Sophie Lambert,Brussels DC,320.00,EUR,House Blend Beans 1kg
S00411,Payment received,2026-06-15T06:58:09+00:00,Julie Martin,INV/2026/00132,,history,,Station Coffee Mechelen,Belgium,Sophie Lambert,Brussels DC,320.00,EUR,House Blend Beans 1kg
S00412,Quotation created,2026-05-01T10:51:34+00:00,Kasia Nowak,S00412,,history,,Restauracja Odra,Poland,Kasia Nowak,Warsaw DC,875.00,EUR,Coffee Grinder Compact; Paper Cups 12oz x1000
S00412,Quotation sent,2026-05-04T06:49:04+00:00,Kasia Nowak,S00412,,history,,Restauracja Odra,Poland,Kasia Nowak,Warsaw DC,875.00,EUR,Coffee Grinder Compact; Paper Cups 12oz x1000
S00413,Quotation created,2026-05-01T10:59:20+00:00,Sophie Lambert,S00413,,history,,Co-Work Ixelles,Belgium,Sophie Lambert,Brussels DC,36.00,EUR,Ground Coffee 250g
S00413,Quotation sent,2026-05-01T15:26:47+00:00,Sophie Lambert,S00413,,history,,Co-Work Ixelles,Belgium,Sophie Lambert,Brussels DC,36.00,EUR,Ground Coffee 250g
S00413,Order confirmed,2026-05-04T06:40:19+00:00,Sophie Lambert,S00413,,history,,Co-Work Ixelles,Belgium,Sophie Lambert,Brussels DC,36.00,EUR,Ground Coffee 250g
S00413,Goods shipped,2026-05-06T06:13:07+00:00,Marc Dubois,BRU/OUT/00179,,history,,Co-Work Ixelles,Belgium,Sophie Lambert,Brussels DC,36.00,EUR,Ground Coffee 250g
S00413,Invoice posted,2026-05-07T08:24:37+00:00,Julie Martin,INV/2026/00136,,history,2026-06-06,Co-Work Ixelles,Belgium,Sophie Lambert,Brussels DC,36.00,EUR,Ground Coffee 250g
S00413,Payment received,2026-06-04T06:00:02+00:00,Julie Martin,INV/2026/00136,,history,,Co-Work Ixelles,Belgium,Sophie Lambert,Brussels DC,36.00,EUR,Ground Coffee 250g
S00414,Quotation created,2026-05-04T06:02:37+00:00,Sophie Lambert,S00414,,history,,Brasserie du Canal,Belgium,Sophie Lambert,Brussels DC,1370.00,EUR,Green Tea Sencha 500g; Ground Coffee 250g; Oat Milk Barista 12x1L; Paper Cups 12oz x1000
S00414,Quotation sent,2026-05-04T10:24:16+00:00,Sophie Lambert,S00414,,history,,Brasserie du Canal,Belgium,Sophie Lambert,Brussels DC,1370.00,EUR,Green Tea Sencha 500g; Ground Coffee 250g; Oat Milk Barista 12x1L; Paper Cups 12oz x1000
S00414,Order confirmed,2026-05-05T06:07:22+00:00,Sophie Lambert,S00414,,history,,Brasserie du Canal,Belgium,Sophie Lambert,Brussels DC,1370.00,EUR,Green Tea Sencha 500g; Ground Coffee 250g; Oat Milk Barista 12x1L; Paper Cups 12oz x1000
S00414,Goods shipped,2026-05-06T06:15:11+00:00,Marc Dubois,BRU/OUT/00181,,history,,Brasserie du Canal,Belgium,Sophie Lambert,Brussels DC,1370.00,EUR,Green Tea Sencha 500g; Ground Coffee 250g; Oat Milk Barista 12x1L; Paper Cups 12oz x1000
S00414,Invoice posted,2026-05-07T08:33:14+00:00,Julie Martin,INV/2026/00138,,history,2026-06-06,Brasserie du Canal,Belgium,Sophie Lambert,Brussels DC,1370.00,EUR,Green Tea Sencha 500g; Ground Coffee 250g; Oat Milk Barista 12x1L; Paper Cups 12oz x1000
S00414,Payment received,2026-07-31T06:06:49+00:00,Julie Martin,INV/2026/00138,,history,,Brasserie du Canal,Belgium,Sophie Lambert,Brussels DC,1370.00,EUR,Green Tea Sencha 500g; Ground Coffee 250g; Oat Milk Barista 12x1L; Paper Cups 12oz x1000
S00415,Quotation created,2026-05-04T06:06:37+00:00,Kasia Nowak,S00415,,history,,Café Nowa Huta,Poland,Kasia Nowak,Warsaw DC,204.00,EUR,Espresso Beans Brazil 1kg; House Blend Beans 1kg
S00415,Quotation sent,2026-05-04T10:12:25+00:00,Kasia Nowak,S00415,,history,,Café Nowa Huta,Poland,Kasia Nowak,Warsaw DC,204.00,EUR,Espresso Beans Brazil 1kg; House Blend Beans 1kg
S00415,Order confirmed,2026-05-07T15:02:52+00:00,Kasia Nowak,S00415,,history,,Café Nowa Huta,Poland,Kasia Nowak,Warsaw DC,204.00,EUR,Espresso Beans Brazil 1kg; House Blend Beans 1kg
S00415,Delivery rescheduled,2026-05-08T06:36:24+00:00,Ola Wiśniewska,WAW/OUT/00158,+1.0 days,history,,Café Nowa Huta,Poland,Kasia Nowak,Warsaw DC,204.00,EUR,Espresso Beans Brazil 1kg; House Blend Beans 1kg
S00415,Goods shipped,2026-05-13T14:02:00+00:00,Ola Wiśniewska,WAW/OUT/00158,,history,,Café Nowa Huta,Poland,Kasia Nowak,Warsaw DC,204.00,EUR,Espresso Beans Brazil 1kg; House Blend Beans 1kg
S00415,Invoice posted,2026-05-14T14:15:17+00:00,Anna Kowalczyk,INV/2026/00155,,history,2026-06-13,Café Nowa Huta,Poland,Kasia Nowak,Warsaw DC,204.00,EUR,Espresso Beans Brazil 1kg; House Blend Beans 1kg
S00415,Credit note posted,2026-05-19T13:34:32+00:00,Anna Kowalczyk,RINV/2026/00010,,history,,Café Nowa Huta,Poland,Kasia Nowak,Warsaw DC,204.00,EUR,Espresso Beans Brazil 1kg; House Blend Beans 1kg
S00415,Payment received,2026-06-10T06:57:45+00:00,Anna Kowalczyk,INV/2026/00155,,history,,Café Nowa Huta,Poland,Kasia Nowak,Warsaw DC,204.00,EUR,Espresso Beans Brazil 1kg; House Blend Beans 1kg
S00416,Quotation created,2026-05-04T06:08:14+00:00,Piotr Zieliński,S00416,,history,,Restauracja Odra,Poland,Piotr Zieliński,Warsaw DC,304.00,EUR,Barista Apron; Espresso Beans Brazil 1kg
S00416,Quotation sent,2026-05-04T11:01:09+00:00,Piotr Zieliński,S00416,,history,,Restauracja Odra,Poland,Piotr Zieliński,Warsaw DC,304.00,EUR,Barista Apron; Espresso Beans Brazil 1kg
S00416,Order confirmed,2026-05-05T06:06:15+00:00,Piotr Zieliński,S00416,,history,,Restauracja Odra,Poland,Piotr Zieliński,Warsaw DC,304.00,EUR,Barista Apron; Espresso Beans Brazil 1kg
S00416,Goods shipped,2026-05-06T09:03:21+00:00,Ola Wiśniewska,WAW/OUT/00156,,history,,Restauracja Odra,Poland,Piotr Zieliński,Warsaw DC,304.00,EUR,Barista Apron; Espresso Beans Brazil 1kg
S00416,Invoice posted,2026-05-11T07:28:57+00:00,Anna Kowalczyk,INV/2026/00144,,history,2026-06-10,Restauracja Odra,Poland,Piotr Zieliński,Warsaw DC,304.00,EUR,Barista Apron; Espresso Beans Brazil 1kg
S00416,Payment received,2026-07-16T14:11:42+00:00,Anna Kowalczyk,INV/2026/00144,,history,,Restauracja Odra,Poland,Piotr Zieliński,Warsaw DC,304.00,EUR,Barista Apron; Espresso Beans Brazil 1kg
S00417,Quotation created,2026-05-04T06:19:00+00:00,Sophie Lambert,S00417,,history,,Co-Work Ixelles,Belgium,Sophie Lambert,Brussels DC,1130.00,EUR,Espresso Beans Brazil 1kg; House Blend Beans 1kg; Paper Cups 12oz x1000
S00417,Quotation sent,2026-05-04T10:39:42+00:00,Sophie Lambert,S00417,,history,,Co-Work Ixelles,Belgium,Sophie Lambert,Brussels DC,1130.00,EUR,Espresso Beans Brazil 1kg; House Blend Beans 1kg; Paper Cups 12oz x1000
S00417,Order confirmed,2026-05-12T06:04:03+00:00,Sophie Lambert,S00417,,history,,Co-Work Ixelles,Belgium,Sophie Lambert,Brussels DC,1130.00,EUR,Espresso Beans Brazil 1kg; House Blend Beans 1kg; Paper Cups 12oz x1000
S00417,Goods shipped,2026-05-13T06:10:48+00:00,Marc Dubois,BRU/OUT/00189,,history,,Co-Work Ixelles,Belgium,Sophie Lambert,Brussels DC,1130.00,EUR,Espresso Beans Brazil 1kg; House Blend Beans 1kg; Paper Cups 12oz x1000
S00417,Invoice posted,2026-05-14T11:31:10+00:00,Julie Martin,INV/2026/00153,,history,2026-06-13,Co-Work Ixelles,Belgium,Sophie Lambert,Brussels DC,1130.00,EUR,Espresso Beans Brazil 1kg; House Blend Beans 1kg; Paper Cups 12oz x1000
S00417,Payment received,2026-06-08T06:04:14+00:00,Julie Martin,INV/2026/00153,,history,,Co-Work Ixelles,Belgium,Sophie Lambert,Brussels DC,1130.00,EUR,Espresso Beans Brazil 1kg; House Blend Beans 1kg; Paper Cups 12oz x1000
S00418,Quotation created,2026-05-04T06:28:43+00:00,Sophie Lambert,S00418,,history,,Café Sint-Pieters,Belgium,Sophie Lambert,Brussels DC,650.00,EUR,Coffee Grinder Compact
S00418,Order confirmed,2026-05-05T06:13:32+00:00,Sophie Lambert,S00418,,history,,Café Sint-Pieters,Belgium,Sophie Lambert,Brussels DC,650.00,EUR,Coffee Grinder Compact
S00418,Goods shipped,2026-05-07T06:07:29+00:00,Marc Dubois,BRU/OUT/00183,,history,,Café Sint-Pieters,Belgium,Sophie Lambert,Brussels DC,650.00,EUR,Coffee Grinder Compact
S00418,Invoice posted,2026-05-07T11:11:18+00:00,Julie Martin,INV/2026/00139,,history,2026-06-06,Café Sint-Pieters,Belgium,Sophie Lambert,Brussels DC,650.00,EUR,Coffee Grinder Compact
S00418,Payment received,2026-06-08T12:09:18+00:00,Julie Martin,INV/2026/00139,,history,,Café Sint-Pieters,Belgium,Sophie Lambert,Brussels DC,650.00,EUR,Coffee Grinder Compact
S00419,Quotation created,2026-05-04T06:34:03+00:00,Kasia Nowak,S00419,,history,,Hotel Poznań Park,Poland,Kasia Nowak,Warsaw DC,612.00,EUR,Cup Lids x1000; Oat Milk Barista 12x1L
S00419,Order cancelled,2026-06-08T06:15:52+00:00,Kasia Nowak,S00419,,history,,Hotel Poznań Park,Poland,Kasia Nowak,Warsaw DC,612.00,EUR,Cup Lids x1000; Oat Milk Barista 12x1L
S00420,Quotation created,2026-05-04T06:36:17+00:00,Kasia Nowak,S00420,,history,,Kawiarnia Sopot Molo,Poland,Kasia Nowak,Warsaw DC,80.00,EUR,House Blend Beans 1kg
S00420,Quotation sent,2026-05-04T11:09:59+00:00,Kasia Nowak,S00420,,history,,Kawiarnia Sopot Molo,Poland,Kasia Nowak,Warsaw DC,80.00,EUR,House Blend Beans 1kg
S00420,Order confirmed,2026-05-06T06:47:15+00:00,Kasia Nowak,S00420,,history,,Kawiarnia Sopot Molo,Poland,Kasia Nowak,Warsaw DC,80.00,EUR,House Blend Beans 1kg
S00420,Invoice posted,2026-05-06T08:31:42+00:00,Anna Kowalczyk,INV/2026/00133,,history,2026-06-05,Kawiarnia Sopot Molo,Poland,Kasia Nowak,Warsaw DC,80.00,EUR,House Blend Beans 1kg
S00420,Goods shipped,2026-05-07T06:15:53+00:00,Ola Wiśniewska,WAW/OUT/00157,,history,,Kawiarnia Sopot Molo,Poland,Kasia Nowak,Warsaw DC,80.00,EUR,House Blend Beans 1kg
S00420,Credit note posted,2026-05-20T14:49:23+00:00,Anna Kowalczyk,RINV/2026/00011,,history,,Kawiarnia Sopot Molo,Poland,Kasia Nowak,Warsaw DC,80.00,EUR,House Blend Beans 1kg
S00420,Payment received,2026-05-26T10:29:57+00:00,Anna Kowalczyk,INV/2026/00133,,history,,Kawiarnia Sopot Molo,Poland,Kasia Nowak,Warsaw DC,80.00,EUR,House Blend Beans 1kg
S00421,Quotation created,2026-05-04T06:47:51+00:00,Tom Peeters,S00421,,history,,Café des Arts Mons,Belgium,Tom Peeters,Brussels DC,230.00,EUR,Espresso Beans Brazil 1kg; Green Tea Sencha 500g
S00421,Quotation sent,2026-05-04T07:55:18+00:00,Tom Peeters,S00421,,history,,Café des Arts Mons,Belgium,Tom Peeters,Brussels DC,230.00,EUR,Espresso Beans Brazil 1kg; Green Tea Sencha 500g
S00421,Order confirmed,2026-05-05T06:54:13+00:00,Tom Peeters,S00421,,history,,Café des Arts Mons,Belgium,Tom Peeters,Brussels DC,230.00,EUR,Espresso Beans Brazil 1kg; Green Tea Sencha 500g
S00421,Goods shipped,2026-05-05T12:06:23+00:00,Marc Dubois,BRU/OUT/00185,,history,,Café des Arts Mons,Belgium,Tom Peeters,Brussels DC,230.00,EUR,Espresso Beans Brazil 1kg; Green Tea Sencha 500g
S00421,Invoice posted,2026-05-06T10:50:39+00:00,Julie Martin,INV/2026/00134,,history,2026-06-05,Café des Arts Mons,Belgium,Tom Peeters,Brussels DC,230.00,EUR,Espresso Beans Brazil 1kg; Green Tea Sencha 500g
S00421,Payment received,2026-06-08T06:41:09+00:00,Julie Martin,INV/2026/00134,,history,,Café des Arts Mons,Belgium,Tom Peeters,Brussels DC,230.00,EUR,Espresso Beans Brazil 1kg; Green Tea Sencha 500g
S00422,Quotation created,2026-05-04T06:57:19+00:00,Tom Peeters,S00422,,history,,Office Hub Leuven,Belgium,Tom Peeters,Brussels DC,360.00,EUR,Espresso Beans Brazil 1kg
S00422,Order confirmed,2026-05-05T06:12:04+00:00,Tom Peeters,S00422,,history,,Office Hub Leuven,Belgium,Tom Peeters,Brussels DC,360.00,EUR,Espresso Beans Brazil 1kg
S00422,Goods shipped,2026-05-06T06:26:06+00:00,Marc Dubois,BRU/OUT/00182,,history,,Office Hub Leuven,Belgium,Tom Peeters,Brussels DC,360.00,EUR,Espresso Beans Brazil 1kg
S00422,Invoice posted,2026-05-07T07:59:37+00:00,Julie Martin,INV/2026/00135,,history,2026-06-06,Office Hub Leuven,Belgium,Tom Peeters,Brussels DC,360.00,EUR,Espresso Beans Brazil 1kg
S00422,Payment received,2026-06-01T06:50:11+00:00,Julie Martin,INV/2026/00135,,history,,Office Hub Leuven,Belgium,Tom Peeters,Brussels DC,360.00,EUR,Espresso Beans Brazil 1kg
S00423,Quotation created,2026-05-04T06:59:56+00:00,Tom Peeters,S00423,,history,,Hotel Lindenhof,Belgium,Tom Peeters,Brussels DC,592.00,EUR,Espresso Beans Brazil 1kg; Green Tea Sencha 500g; House Blend Beans 1kg
S00423,Quotation sent,2026-05-04T07:26:05+00:00,Tom Peeters,S00423,,history,,Hotel Lindenhof,Belgium,Tom Peeters,Brussels DC,592.00,EUR,Espresso Beans Brazil 1kg; Green Tea Sencha 500g; House Blend Beans 1kg
S00423,Order confirmed,2026-05-06T10:41:34+00:00,Tom Peeters,S00423,,history,,Hotel Lindenhof,Belgium,Tom Peeters,Brussels DC,592.00,EUR,Espresso Beans Brazil 1kg; Green Tea Sencha 500g; House Blend Beans 1kg
S00423,Order changed after confirmation,2026-05-07T06:35:02+00:00,Tom Peeters,S00423,amount 560.00 -> 592.00,history,,Hotel Lindenhof,Belgium,Tom Peeters,Brussels DC,592.00,EUR,Espresso Beans Brazil 1kg; Green Tea Sencha 500g; House Blend Beans 1kg
S00423,Goods shipped,2026-05-07T06:50:42+00:00,Marc Dubois,BRU/OUT/00186,,history,,Hotel Lindenhof,Belgium,Tom Peeters,Brussels DC,592.00,EUR,Espresso Beans Brazil 1kg; Green Tea Sencha 500g; House Blend Beans 1kg
S00423,Invoice posted,2026-05-07T14:29:47+00:00,Julie Martin,INV/2026/00140,,history,2026-06-06,Hotel Lindenhof,Belgium,Tom Peeters,Brussels DC,592.00,EUR,Espresso Beans Brazil 1kg; Green Tea Sencha 500g; House Blend Beans 1kg
S00423,Payment received,2026-06-05T06:07:33+00:00,Julie Martin,INV/2026/00140,,history,,Hotel Lindenhof,Belgium,Tom Peeters,Brussels DC,592.00,EUR,Espresso Beans Brazil 1kg; Green Tea Sencha 500g; House Blend Beans 1kg
S00424,Quotation created,2026-05-04T08:59:47+00:00,Sophie Lambert,S00424,,history,,Hotel Horizon Namur,Belgium,Sophie Lambert,Brussels DC,96.00,EUR,House Blend Beans 1kg
S00424,Quotation sent,2026-05-04T10:15:18+00:00,Sophie Lambert,S00424,,history,,Hotel Horizon Namur,Belgium,Sophie Lambert,Brussels DC,96.00,EUR,House Blend Beans 1kg
S00424,Order confirmed,2026-05-05T06:13:46+00:00,Sophie Lambert,S00424,,history,,Hotel Horizon Namur,Belgium,Sophie Lambert,Brussels DC,96.00,EUR,House Blend Beans 1kg
S00424,Goods shipped,2026-05-07T06:19:34+00:00,Marc Dubois,BRU/OUT/00184,,history,,Hotel Horizon Namur,Belgium,Sophie Lambert,Brussels DC,96.00,EUR,House Blend Beans 1kg
S00424,Invoice posted,2026-05-08T08:41:54+00:00,Julie Martin,INV/2026/00142,,history,2026-06-07,Hotel Horizon Namur,Belgium,Sophie Lambert,Brussels DC,96.00,EUR,House Blend Beans 1kg
S00424,Payment received,2026-06-01T06:04:49+00:00,Julie Martin,INV/2026/00142,,history,,Hotel Horizon Namur,Belgium,Sophie Lambert,Brussels DC,96.00,EUR,House Blend Beans 1kg
S00425,Quotation created,2026-05-05T07:46:19+00:00,Sophie Lambert,S00425,,history,,Espresso Point Wavre,Belgium,Sophie Lambert,Brussels DC,2940.00,EUR,Espresso Beans Ethiopia 1kg; Espresso Machine Pro; Green Tea Sencha 500g; House Blend Beans 1kg
S00425,Quotation sent,2026-05-05T10:29:44+00:00,Sophie Lambert,S00425,,history,,Espresso Point Wavre,Belgium,Sophie Lambert,Brussels DC,2940.00,EUR,Espresso Beans Ethiopia 1kg; Espresso Machine Pro; Green Tea Sencha 500g; House Blend Beans 1kg
S00425,Order confirmed,2026-05-07T08:51:42+00:00,Sophie Lambert,S00425,,history,,Espresso Point Wavre,Belgium,Sophie Lambert,Brussels DC,2940.00,EUR,Espresso Beans Ethiopia 1kg; Espresso Machine Pro; Green Tea Sencha 500g; House Blend Beans 1kg
S00425,Delivery rescheduled,2026-05-08T13:28:30+00:00,Marc Dubois,BRU/OUT/00187,+7.0 days,history,,Espresso Point Wavre,Belgium,Sophie Lambert,Brussels DC,2940.00,EUR,Espresso Beans Ethiopia 1kg; Espresso Machine Pro; Green Tea Sencha 500g; House Blend Beans 1kg
S00425,Delivery rescheduled,2026-05-11T06:15:20+00:00,Marc Dubois,BRU/OUT/00187,+3.0 days,history,,Espresso Point Wavre,Belgium,Sophie Lambert,Brussels DC,2940.00,EUR,Espresso Beans Ethiopia 1kg; Espresso Machine Pro; Green Tea Sencha 500g; House Blend Beans 1kg
S00425,Goods shipped,2026-05-18T06:30:48+00:00,Marc Dubois,BRU/OUT/00187,,history,,Espresso Point Wavre,Belgium,Sophie Lambert,Brussels DC,2940.00,EUR,Espresso Beans Ethiopia 1kg; Espresso Machine Pro; Green Tea Sencha 500g; House Blend Beans 1kg
S00425,Invoice posted,2026-05-19T12:10:06+00:00,Julie Martin,INV/2026/00159,,history,2026-06-18,Espresso Point Wavre,Belgium,Sophie Lambert,Brussels DC,2940.00,EUR,Espresso Beans Ethiopia 1kg; Espresso Machine Pro; Green Tea Sencha 500g; House Blend Beans 1kg
S00425,Payment received,2026-06-11T06:26:55+00:00,Julie Martin,INV/2026/00159,,history,,Espresso Point Wavre,Belgium,Sophie Lambert,Brussels DC,2940.00,EUR,Espresso Beans Ethiopia 1kg; Espresso Machine Pro; Green Tea Sencha 500g; House Blend Beans 1kg
S00426,Quotation created,2026-05-06T12:19:29+00:00,Kasia Nowak,S00426,,history,,Kawiarnia Sopot Molo,Poland,Kasia Nowak,Warsaw DC,274.00,EUR,Chai Latte Mix 1kg; Earl Grey Tea 500g; Ground Coffee 250g
S00426,Quotation sent,2026-05-06T12:57:28+00:00,Kasia Nowak,S00426,,history,,Kawiarnia Sopot Molo,Poland,Kasia Nowak,Warsaw DC,274.00,EUR,Chai Latte Mix 1kg; Earl Grey Tea 500g; Ground Coffee 250g
S00426,Order confirmed,2026-05-08T06:09:20+00:00,Kasia Nowak,S00426,,history,,Kawiarnia Sopot Molo,Poland,Kasia Nowak,Warsaw DC,274.00,EUR,Chai Latte Mix 1kg; Earl Grey Tea 500g; Ground Coffee 250g
S00426,Goods shipped,2026-05-12T13:08:00+00:00,Ola Wiśniewska,WAW/OUT/00159,,history,,Kawiarnia Sopot Molo,Poland,Kasia Nowak,Warsaw DC,274.00,EUR,Chai Latte Mix 1kg; Earl Grey Tea 500g; Ground Coffee 250g
S00426,Invoice posted,2026-05-13T10:12:17+00:00,Anna Kowalczyk,INV/2026/00145,,history,2026-06-12,Kawiarnia Sopot Molo,Poland,Kasia Nowak,Warsaw DC,274.00,EUR,Chai Latte Mix 1kg; Earl Grey Tea 500g; Ground Coffee 250g
S00426,Payment received,2026-06-03T08:05:03+00:00,Anna Kowalczyk,INV/2026/00145,,history,,Kawiarnia Sopot Molo,Poland,Kasia Nowak,Warsaw DC,274.00,EUR,Chai Latte Mix 1kg; Earl Grey Tea 500g; Ground Coffee 250g
S00427,Quotation created,2026-05-08T10:25:26+00:00,Sophie Lambert,S00427,,history,,Station Coffee Mechelen,Belgium,Sophie Lambert,Brussels DC,650.00,EUR,Coffee Grinder Compact
S00427,Order confirmed,2026-05-11T06:54:39+00:00,Sophie Lambert,S00427,,history,,Station Coffee Mechelen,Belgium,Sophie Lambert,Brussels DC,650.00,EUR,Coffee Grinder Compact
S00427,Goods shipped,2026-05-12T10:37:32+00:00,Marc Dubois,BRU/OUT/00188,,history,,Station Coffee Mechelen,Belgium,Sophie Lambert,Brussels DC,650.00,EUR,Coffee Grinder Compact
S00427,Invoice posted,2026-05-13T12:06:41+00:00,Julie Martin,INV/2026/00148,,history,2026-06-12,Station Coffee Mechelen,Belgium,Sophie Lambert,Brussels DC,650.00,EUR,Coffee Grinder Compact
S00427,Payment received,2026-06-11T06:09:54+00:00,Julie Martin,INV/2026/00148,,history,,Station Coffee Mechelen,Belgium,Sophie Lambert,Brussels DC,650.00,EUR,Coffee Grinder Compact
S00428,Quotation created,2026-05-08T15:11:50+00:00,Tom Peeters,S00428,,history,,Hotel Horizon Namur,Belgium,Tom Peeters,Brussels DC,144.00,EUR,Ground Coffee 250g
S00428,Quotation sent,2026-05-11T06:53:41+00:00,Tom Peeters,S00428,,history,,Hotel Horizon Namur,Belgium,Tom Peeters,Brussels DC,144.00,EUR,Ground Coffee 250g
S00428,Order confirmed,2026-05-12T06:37:25+00:00,Tom Peeters,S00428,,history,,Hotel Horizon Namur,Belgium,Tom Peeters,Brussels DC,144.00,EUR,Ground Coffee 250g
S00428,Goods shipped,2026-05-13T06:09:38+00:00,Marc Dubois,BRU/OUT/00192,,history,,Hotel Horizon Namur,Belgium,Tom Peeters,Brussels DC,144.00,EUR,Ground Coffee 250g
S00428,Invoice posted,2026-05-14T08:00:51+00:00,Julie Martin,INV/2026/00150,,history,2026-06-13,Hotel Horizon Namur,Belgium,Tom Peeters,Brussels DC,144.00,EUR,Ground Coffee 250g
S00428,Payment received,2026-06-24T06:23:17+00:00,Julie Martin,INV/2026/00150,,history,,Hotel Horizon Namur,Belgium,Tom Peeters,Brussels DC,144.00,EUR,Ground Coffee 250g
S00429,Quotation created,2026-05-11T06:03:06+00:00,Tom Peeters,S00429,,history,,Café des Arts Mons,Belgium,Tom Peeters,Brussels DC,225.00,EUR,Vanilla Syrup 1L
S00429,Quotation sent,2026-05-11T08:18:34+00:00,Tom Peeters,S00429,,history,,Café des Arts Mons,Belgium,Tom Peeters,Brussels DC,225.00,EUR,Vanilla Syrup 1L
S00429,Order confirmed,2026-05-12T06:26:52+00:00,Tom Peeters,S00429,,history,,Café des Arts Mons,Belgium,Tom Peeters,Brussels DC,225.00,EUR,Vanilla Syrup 1L
S00429,Order changed after confirmation,2026-05-12T14:33:36+00:00,Tom Peeters,S00429,amount 180.00 -> 225.00,history,,Café des Arts Mons,Belgium,Tom Peeters,Brussels DC,225.00,EUR,Vanilla Syrup 1L
S00429,Goods shipped,2026-05-13T06:12:35+00:00,Marc Dubois,BRU/OUT/00191,,history,,Café des Arts Mons,Belgium,Tom Peeters,Brussels DC,225.00,EUR,Vanilla Syrup 1L
S00429,Invoice posted,2026-05-14T08:24:52+00:00,Julie Martin,INV/2026/00151,,history,2026-06-13,Café des Arts Mons,Belgium,Tom Peeters,Brussels DC,225.00,EUR,Vanilla Syrup 1L
S00430,Quotation created,2026-05-11T06:10:21+00:00,Kasia Nowak,S00430,,history,,Cukiernia Stare Miasto,Poland,Kasia Nowak,Warsaw DC,1564.00,EUR,House Blend Beans 1kg; Oat Milk Barista 12x1L; Paper Cups 12oz x1000
S00430,Quotation sent,2026-05-11T10:22:27+00:00,Kasia Nowak,S00430,,history,,Cukiernia Stare Miasto,Poland,Kasia Nowak,Warsaw DC,1564.00,EUR,House Blend Beans 1kg; Oat Milk Barista 12x1L; Paper Cups 12oz x1000
S00430,Order confirmed,2026-05-13T07:13:21+00:00,Kasia Nowak,S00430,,history,,Cukiernia Stare Miasto,Poland,Kasia Nowak,Warsaw DC,1564.00,EUR,House Blend Beans 1kg; Oat Milk Barista 12x1L; Paper Cups 12oz x1000
S00430,Invoice posted,2026-05-13T10:48:20+00:00,Anna Kowalczyk,INV/2026/00146,,history,2026-06-12,Cukiernia Stare Miasto,Poland,Kasia Nowak,Warsaw DC,1564.00,EUR,House Blend Beans 1kg; Oat Milk Barista 12x1L; Paper Cups 12oz x1000
S00430,Goods shipped,2026-05-15T06:23:36+00:00,Ola Wiśniewska,WAW/OUT/00161,,history,,Cukiernia Stare Miasto,Poland,Kasia Nowak,Warsaw DC,1564.00,EUR,House Blend Beans 1kg; Oat Milk Barista 12x1L; Paper Cups 12oz x1000
S00430,Payment received,2026-06-15T06:40:58+00:00,Anna Kowalczyk,INV/2026/00146,,history,,Cukiernia Stare Miasto,Poland,Kasia Nowak,Warsaw DC,1564.00,EUR,House Blend Beans 1kg; Oat Milk Barista 12x1L; Paper Cups 12oz x1000
S00431,Quotation created,2026-05-11T06:26:24+00:00,Kasia Nowak,S00431,,history,,Kawiarnia Sopot Molo,Poland,Kasia Nowak,Warsaw DC,1116.00,EUR,Espresso Beans Brazil 1kg; Paper Cups 12oz x1000
S00431,Quotation sent,2026-05-11T10:21:56+00:00,Kasia Nowak,S00431,,history,,Kawiarnia Sopot Molo,Poland,Kasia Nowak,Warsaw DC,1116.00,EUR,Espresso Beans Brazil 1kg; Paper Cups 12oz x1000
S00431,Order confirmed,2026-05-12T06:44:59+00:00,Kasia Nowak,S00431,,history,,Kawiarnia Sopot Molo,Poland,Kasia Nowak,Warsaw DC,1116.00,EUR,Espresso Beans Brazil 1kg; Paper Cups 12oz x1000
S00431,Goods shipped,2026-05-13T06:37:00+00:00,Ola Wiśniewska,WAW/OUT/00160,,history,,Kawiarnia Sopot Molo,Poland,Kasia Nowak,Warsaw DC,1116.00,EUR,Espresso Beans Brazil 1kg; Paper Cups 12oz x1000
S00431,Invoice posted,2026-05-14T08:30:22+00:00,Anna Kowalczyk,INV/2026/00152,,history,2026-06-13,Kawiarnia Sopot Molo,Poland,Kasia Nowak,Warsaw DC,1116.00,EUR,Espresso Beans Brazil 1kg; Paper Cups 12oz x1000
S00431,Payment received,2026-06-11T08:23:52+00:00,Anna Kowalczyk,INV/2026/00152,,history,,Kawiarnia Sopot Molo,Poland,Kasia Nowak,Warsaw DC,1116.00,EUR,Espresso Beans Brazil 1kg; Paper Cups 12oz x1000
S00432,Quotation created,2026-05-11T06:27:11+00:00,Tom Peeters,S00432,,history,,Campus Kitchen Louvain,Belgium,Tom Peeters,Brussels DC,608.00,EUR,Chai Latte Mix 1kg
S00432,Quotation sent,2026-05-11T10:31:05+00:00,Tom Peeters,S00432,,history,,Campus Kitchen Louvain,Belgium,Tom Peeters,Brussels DC,608.00,EUR,Chai Latte Mix 1kg
S00432,Order confirmed,2026-05-12T07:49:04+00:00,Tom Peeters,S00432,,history,,Campus Kitchen Louvain,Belgium,Tom Peeters,Brussels DC,608.00,EUR,Chai Latte Mix 1kg
S00432,Order changed after confirmation,2026-05-13T06:23:06+00:00,Tom Peeters,S00432,amount 456.00 -> 608.00,history,,Campus Kitchen Louvain,Belgium,Tom Peeters,Brussels DC,608.00,EUR,Chai Latte Mix 1kg
S00432,Goods shipped,2026-05-13T12:31:40+00:00,Marc Dubois,BRU/OUT/00193,,history,,Campus Kitchen Louvain,Belgium,Tom Peeters,Brussels DC,608.00,EUR,Chai Latte Mix 1kg
S00432,Invoice posted,2026-05-14T06:48:17+00:00,Julie Martin,INV/2026/00149,,history,2026-06-13,Campus Kitchen Louvain,Belgium,Tom Peeters,Brussels DC,608.00,EUR,Chai Latte Mix 1kg
S00432,Payment received,2026-06-15T15:02:32+00:00,Julie Martin,INV/2026/00149,,history,,Campus Kitchen Louvain,Belgium,Tom Peeters,Brussels DC,608.00,EUR,Chai Latte Mix 1kg
S00433,Quotation created,2026-05-11T06:30:41+00:00,Tom Peeters,S00433,,history,,Bistro Flagey Corner,Belgium,Tom Peeters,Brussels DC,584.00,EUR,Espresso Beans Brazil 1kg; Green Tea Sencha 500g; House Blend Beans 1kg
S00433,Quotation sent,2026-05-11T09:21:01+00:00,Tom Peeters,S00433,,history,,Bistro Flagey Corner,Belgium,Tom Peeters,Brussels DC,584.00,EUR,Espresso Beans Brazil 1kg; Green Tea Sencha 500g; House Blend Beans 1kg
S00433,Order cancelled,2026-06-01T06:44:15+00:00,Tom Peeters,S00433,,history,,Bistro Flagey Corner,Belgium,Tom Peeters,Brussels DC,584.00,EUR,Espresso Beans Brazil 1kg; Green Tea Sencha 500g; House Blend Beans 1kg
S00434,Quotation created,2026-05-11T06:42:35+00:00,Tom Peeters,S00434,,history,,Campus Kitchen Louvain,Belgium,Tom Peeters,Brussels DC,375.00,EUR,Cup Lids x1000; Green Tea Sencha 500g; Ground Coffee 250g; House Blend Beans 1kg
S00434,Quotation sent,2026-05-11T10:16:30+00:00,Tom Peeters,S00434,,history,,Campus Kitchen Louvain,Belgium,Tom Peeters,Brussels DC,375.00,EUR,Cup Lids x1000; Green Tea Sencha 500g; Ground Coffee 250g; House Blend Beans 1kg
S00434,Order confirmed,2026-05-12T06:24:39+00:00,Tom Peeters,S00434,,history,,Campus Kitchen Louvain,Belgium,Tom Peeters,Brussels DC,375.00,EUR,Cup Lids x1000; Green Tea Sencha 500g; Ground Coffee 250g; House Blend Beans 1kg
S00434,Goods shipped,2026-05-13T06:03:01+00:00,Marc Dubois,BRU/OUT/00190,,history,,Campus Kitchen Louvain,Belgium,Tom Peeters,Brussels DC,375.00,EUR,Cup Lids x1000; Green Tea Sencha 500g; Ground Coffee 250g; House Blend Beans 1kg
S00434,Invoice posted,2026-05-13T10:50:47+00:00,Julie Martin,INV/2026/00147,,history,2026-06-12,Campus Kitchen Louvain,Belgium,Tom Peeters,Brussels DC,375.00,EUR,Cup Lids x1000; Green Tea Sencha 500g; Ground Coffee 250g; House Blend Beans 1kg
S00434,Payment received,2026-06-10T06:40:21+00:00,Julie Martin,INV/2026/00147,,history,,Campus Kitchen Louvain,Belgium,Tom Peeters,Brussels DC,375.00,EUR,Cup Lids x1000; Green Tea Sencha 500g; Ground Coffee 250g; House Blend Beans 1kg
S00435,Quotation created,2026-05-11T06:47:56+00:00,Kasia Nowak,S00435,,history,,Piekarnia Żoliborz,Poland,Kasia Nowak,Warsaw DC,72.00,EUR,Espresso Beans Brazil 1kg
S00435,Quotation sent,2026-05-11T08:01:25+00:00,Kasia Nowak,S00435,,history,,Piekarnia Żoliborz,Poland,Kasia Nowak,Warsaw DC,72.00,EUR,Espresso Beans Brazil 1kg
S00435,Order confirmed,2026-05-18T06:16:55+00:00,Kasia Nowak,S00435,,history,,Piekarnia Żoliborz,Poland,Kasia Nowak,Warsaw DC,72.00,EUR,Espresso Beans Brazil 1kg
S00435,Invoice posted,2026-05-18T13:20:55+00:00,Anna Kowalczyk,INV/2026/00158,,history,2026-06-17,Piekarnia Żoliborz,Poland,Kasia Nowak,Warsaw DC,72.00,EUR,Espresso Beans Brazil 1kg
S00435,Goods shipped,2026-05-19T13:07:39+00:00,Ola Wiśniewska,WAW/OUT/00167,,history,,Piekarnia Żoliborz,Poland,Kasia Nowak,Warsaw DC,72.00,EUR,Espresso Beans Brazil 1kg
S00435,Credit note posted,2026-05-29T09:53:03+00:00,Anna Kowalczyk,RINV/2026/00013,,history,,Piekarnia Żoliborz,Poland,Kasia Nowak,Warsaw DC,72.00,EUR,Espresso Beans Brazil 1kg
S00435,Payment received,2026-06-22T06:42:57+00:00,Anna Kowalczyk,INV/2026/00158,,history,,Piekarnia Żoliborz,Poland,Kasia Nowak,Warsaw DC,72.00,EUR,Espresso Beans Brazil 1kg
S00436,Quotation created,2026-05-11T06:57:53+00:00,Piotr Zieliński,S00436,,history,,Biurowiec Mokotowska,Poland,Piotr Zieliński,Warsaw DC,72.00,EUR,Ground Coffee 250g
S00436,Quotation sent,2026-05-11T08:08:11+00:00,Piotr Zieliński,S00436,,history,,Biurowiec Mokotowska,Poland,Piotr Zieliński,Warsaw DC,72.00,EUR,Ground Coffee 250g
S00436,Order confirmed,2026-05-15T06:51:58+00:00,Piotr Zieliński,S00436,,history,,Biurowiec Mokotowska,Poland,Piotr Zieliński,Warsaw DC,72.00,EUR,Ground Coffee 250g
S00436,Goods shipped,2026-05-19T11:20:00+00:00,Ola Wiśniewska,WAW/OUT/00165,,history,,Biurowiec Mokotowska,Poland,Piotr Zieliński,Warsaw DC,72.00,EUR,Ground Coffee 250g
S00436,Invoice posted,2026-05-20T07:44:29+00:00,Anna Kowalczyk,INV/2026/00160,,history,2026-06-19,Biurowiec Mokotowska,Poland,Piotr Zieliński,Warsaw DC,72.00,EUR,Ground Coffee 250g
S00436,Payment received,2026-06-12T06:20:11+00:00,Anna Kowalczyk,INV/2026/00160,,history,,Biurowiec Mokotowska,Poland,Piotr Zieliński,Warsaw DC,72.00,EUR,Ground Coffee 250g
S00437,Quotation created,2026-05-11T08:17:46+00:00,Tom Peeters,S00437,,history,,Station Coffee Mechelen,Belgium,Tom Peeters,Brussels DC,112.00,EUR,Oat Milk Barista 12x1L
S00437,Quotation sent,2026-05-11T14:06:51+00:00,Tom Peeters,S00437,,history,,Station Coffee Mechelen,Belgium,Tom Peeters,Brussels DC,112.00,EUR,Oat Milk Barista 12x1L
S00437,Order cancelled,2026-06-15T06:46:04+00:00,Tom Peeters,S00437,,history,,Station Coffee Mechelen,Belgium,Tom Peeters,Brussels DC,112.00,EUR,Oat Milk Barista 12x1L
S00438,Quotation created,2026-05-12T07:44:19+00:00,Kasia Nowak,S00438,,history,,Biurowiec Mokotowska,Poland,Kasia Nowak,Warsaw DC,552.00,EUR,Chai Latte Mix 1kg; House Blend Beans 1kg
S00438,Quotation sent,2026-05-12T10:21:52+00:00,Kasia Nowak,S00438,,history,,Biurowiec Mokotowska,Poland,Kasia Nowak,Warsaw DC,552.00,EUR,Chai Latte Mix 1kg; House Blend Beans 1kg
S00438,Order confirmed,2026-05-13T08:07:52+00:00,Kasia Nowak,S00438,,history,,Biurowiec Mokotowska,Poland,Kasia Nowak,Warsaw DC,552.00,EUR,Chai Latte Mix 1kg; House Blend Beans 1kg
S00438,Goods shipped,2026-05-14T06:07:27+00:00,Ola Wiśniewska,WAW/OUT/00162,,history,,Biurowiec Mokotowska,Poland,Kasia Nowak,Warsaw DC,552.00,EUR,Chai Latte Mix 1kg; House Blend Beans 1kg
S00438,Invoice posted,2026-05-15T07:43:23+00:00,Anna Kowalczyk,INV/2026/00156,,history,2026-06-14,Biurowiec Mokotowska,Poland,Kasia Nowak,Warsaw DC,552.00,EUR,Chai Latte Mix 1kg; House Blend Beans 1kg
S00438,Payment received,2026-06-02T06:39:37+00:00,Anna Kowalczyk,INV/2026/00156,,history,,Biurowiec Mokotowska,Poland,Kasia Nowak,Warsaw DC,552.00,EUR,Chai Latte Mix 1kg; House Blend Beans 1kg
S00439,Quotation created,2026-05-12T08:30:18+00:00,Kasia Nowak,S00439,,history,,Biuro Centrum Wola,Poland,Kasia Nowak,Warsaw DC,486.00,EUR,Espresso Beans Brazil 1kg; Espresso Beans Ethiopia 1kg; Paper Cups 12oz x1000
S00439,Quotation sent,2026-05-12T12:10:55+00:00,Kasia Nowak,S00439,,history,,Biuro Centrum Wola,Poland,Kasia Nowak,Warsaw DC,486.00,EUR,Espresso Beans Brazil 1kg; Espresso Beans Ethiopia 1kg; Paper Cups 12oz x1000
S00439,Order cancelled,2026-06-01T06:00:05+00:00,Kasia Nowak,S00439,,history,,Biuro Centrum Wola,Poland,Kasia Nowak,Warsaw DC,486.00,EUR,Espresso Beans Brazil 1kg; Espresso Beans Ethiopia 1kg; Paper Cups 12oz x1000
S00440,Quotation created,2026-05-12T12:49:24+00:00,Kasia Nowak,S00440,,history,,Hotel Poznań Park,Poland,Kasia Nowak,Warsaw DC,3110.00,EUR,Coffee Grinder Compact; Earl Grey Tea 500g; Espresso Machine Pro
S00440,Quotation sent,2026-05-13T06:40:10+00:00,Kasia Nowak,S00440,,history,,Hotel Poznań Park,Poland,Kasia Nowak,Warsaw DC,3110.00,EUR,Coffee Grinder Compact; Earl Grey Tea 500g; Espresso Machine Pro
S00440,Order confirmed,2026-05-15T14:57:41+00:00,Kasia Nowak,S00440,,history,,Hotel Poznań Park,Poland,Kasia Nowak,Warsaw DC,3110.00,EUR,Coffee Grinder Compact; Earl Grey Tea 500g; Espresso Machine Pro
S00440,Delivery rescheduled,2026-05-18T06:25:30+00:00,Ola Wiśniewska,WAW/OUT/00166,+5.0 days,history,,Hotel Poznań Park,Poland,Kasia Nowak,Warsaw DC,3110.00,EUR,Coffee Grinder Compact; Earl Grey Tea 500g; Espresso Machine Pro
S00440,Goods shipped,2026-05-22T06:48:59+00:00,Ola Wiśniewska,WAW/OUT/00166,,history,,Hotel Poznań Park,Poland,Kasia Nowak,Warsaw DC,3110.00,EUR,Coffee Grinder Compact; Earl Grey Tea 500g; Espresso Machine Pro
S00440,Invoice posted,2026-05-25T07:54:18+00:00,Anna Kowalczyk,INV/2026/00164,,history,2026-06-24,Hotel Poznań Park,Poland,Kasia Nowak,Warsaw DC,3110.00,EUR,Coffee Grinder Compact; Earl Grey Tea 500g; Espresso Machine Pro
S00440,Payment received,2026-06-24T12:16:43+00:00,Anna Kowalczyk,INV/2026/00164,,history,,Hotel Poznań Park,Poland,Kasia Nowak,Warsaw DC,3110.00,EUR,Coffee Grinder Compact; Earl Grey Tea 500g; Espresso Machine Pro
S00441,Quotation created,2026-05-13T07:08:09+00:00,Piotr Zieliński,S00441,,history,,Hotel Nad Wisłą,Poland,Piotr Zieliński,Warsaw DC,218.00,EUR,Cup Lids x1000; Green Tea Sencha 500g; Oat Milk Barista 12x1L
S00441,Quotation sent,2026-05-13T08:22:45+00:00,Piotr Zieliński,S00441,,history,,Hotel Nad Wisłą,Poland,Piotr Zieliński,Warsaw DC,218.00,EUR,Cup Lids x1000; Green Tea Sencha 500g; Oat Milk Barista 12x1L
S00441,Order confirmed,2026-05-14T06:48:04+00:00,Piotr Zieliński,S00441,,history,,Hotel Nad Wisłą,Poland,Piotr Zieliński,Warsaw DC,218.00,EUR,Cup Lids x1000; Green Tea Sencha 500g; Oat Milk Barista 12x1L
S00441,Invoice posted,2026-05-14T11:47:10+00:00,Anna Kowalczyk,INV/2026/00154,,history,2026-06-13,Hotel Nad Wisłą,Poland,Piotr Zieliński,Warsaw DC,218.00,EUR,Cup Lids x1000; Green Tea Sencha 500g; Oat Milk Barista 12x1L
S00441,Goods shipped,2026-05-15T06:41:50+00:00,Ola Wiśniewska,WAW/OUT/00163,,history,,Hotel Nad Wisłą,Poland,Piotr Zieliński,Warsaw DC,218.00,EUR,Cup Lids x1000; Green Tea Sencha 500g; Oat Milk Barista 12x1L
S00441,Credit note posted,2026-05-29T06:52:41+00:00,Anna Kowalczyk,RINV/2026/00012,,history,,Hotel Nad Wisłą,Poland,Piotr Zieliński,Warsaw DC,218.00,EUR,Cup Lids x1000; Green Tea Sencha 500g; Oat Milk Barista 12x1L
S00441,Payment received,2026-07-20T06:44:14+00:00,Anna Kowalczyk,INV/2026/00154,,history,,Hotel Nad Wisłą,Poland,Piotr Zieliński,Warsaw DC,218.00,EUR,Cup Lids x1000; Green Tea Sencha 500g; Oat Milk Barista 12x1L
S00442,Quotation created,2026-05-13T12:33:49+00:00,Kasia Nowak,S00442,,history,,Hotel Tatry View,Poland,Kasia Nowak,Warsaw DC,1108.00,EUR,Coffee Grinder Compact; Decaf Colombia Beans 1kg; Espresso Beans Ethiopia 1kg; House Blend Beans 1kg
S00442,Order confirmed,2026-05-14T14:28:42+00:00,Kasia Nowak,S00442,,history,,Hotel Tatry View,Poland,Kasia Nowak,Warsaw DC,1108.00,EUR,Coffee Grinder Compact; Decaf Colombia Beans 1kg; Espresso Beans Ethiopia 1kg; House Blend Beans 1kg
S00442,Invoice posted,2026-05-15T08:04:49+00:00,Anna Kowalczyk,INV/2026/00157,,history,2026-06-14,Hotel Tatry View,Poland,Kasia Nowak,Warsaw DC,1108.00,EUR,Coffee Grinder Compact; Decaf Colombia Beans 1kg; Espresso Beans Ethiopia 1kg; House Blend Beans 1kg
S00442,Goods shipped,2026-05-20T12:20:00+00:00,Ola Wiśniewska,WAW/OUT/00164,,history,,Hotel Tatry View,Poland,Kasia Nowak,Warsaw DC,1108.00,EUR,Coffee Grinder Compact; Decaf Colombia Beans 1kg; Espresso Beans Ethiopia 1kg; House Blend Beans 1kg
S00442,Payment received,2026-06-22T06:09:46+00:00,Anna Kowalczyk,INV/2026/00157,,history,,Hotel Tatry View,Poland,Kasia Nowak,Warsaw DC,1108.00,EUR,Coffee Grinder Compact; Decaf Colombia Beans 1kg; Espresso Beans Ethiopia 1kg; House Blend Beans 1kg
S00443,Quotation created,2026-05-18T06:09:53+00:00,Sophie Lambert,S00443,,history,,Café Sint-Pieters,Belgium,Sophie Lambert,Brussels DC,1066.00,EUR,Coffee Grinder Compact; Espresso Beans Brazil 1kg; Green Tea Sencha 500g
S00443,Quotation sent,2026-05-18T10:53:12+00:00,Sophie Lambert,S00443,,history,,Café Sint-Pieters,Belgium,Sophie Lambert,Brussels DC,1066.00,EUR,Coffee Grinder Compact; Espresso Beans Brazil 1kg; Green Tea Sencha 500g
S00443,Order confirmed,2026-05-19T06:09:36+00:00,Sophie Lambert,S00443,,history,,Café Sint-Pieters,Belgium,Sophie Lambert,Brussels DC,1066.00,EUR,Coffee Grinder Compact; Espresso Beans Brazil 1kg; Green Tea Sencha 500g
S00443,Goods shipped,2026-05-20T13:50:23+00:00,Marc Dubois,BRU/OUT/00194,,history,,Café Sint-Pieters,Belgium,Sophie Lambert,Brussels DC,1066.00,EUR,Coffee Grinder Compact; Espresso Beans Brazil 1kg; Green Tea Sencha 500g
S00443,Invoice posted,2026-05-21T10:23:10+00:00,Julie Martin,INV/2026/00162,,history,2026-06-20,Café Sint-Pieters,Belgium,Sophie Lambert,Brussels DC,1066.00,EUR,Coffee Grinder Compact; Espresso Beans Brazil 1kg; Green Tea Sencha 500g
S00443,Payment received,2026-06-16T08:08:40+00:00,Julie Martin,INV/2026/00162,,history,,Café Sint-Pieters,Belgium,Sophie Lambert,Brussels DC,1066.00,EUR,Coffee Grinder Compact; Espresso Beans Brazil 1kg; Green Tea Sencha 500g
S00444,Quotation created,2026-05-18T06:12:52+00:00,Sophie Lambert,S00444,,history,,Campus Kitchen Louvain,Belgium,Sophie Lambert,Brussels DC,320.00,EUR,House Blend Beans 1kg
S00444,Quotation sent,2026-05-18T11:12:52+00:00,Sophie Lambert,S00444,,history,,Campus Kitchen Louvain,Belgium,Sophie Lambert,Brussels DC,320.00,EUR,House Blend Beans 1kg
S00444,Order confirmed,2026-05-20T06:17:05+00:00,Sophie Lambert,S00444,,history,,Campus Kitchen Louvain,Belgium,Sophie Lambert,Brussels DC,320.00,EUR,House Blend Beans 1kg
S00444,Goods shipped,2026-05-22T06:20:03+00:00,Marc Dubois,BRU/OUT/00197,,history,,Campus Kitchen Louvain,Belgium,Sophie Lambert,Brussels DC,320.00,EUR,House Blend Beans 1kg
S00444,Invoice posted,2026-05-25T08:31:55+00:00,Julie Martin,INV/2026/00165,,history,2026-06-24,Campus Kitchen Louvain,Belgium,Sophie Lambert,Brussels DC,320.00,EUR,House Blend Beans 1kg
S00444,Payment received,2026-06-18T06:26:40+00:00,Julie Martin,INV/2026/00165,,history,,Campus Kitchen Louvain,Belgium,Sophie Lambert,Brussels DC,320.00,EUR,House Blend Beans 1kg
S00445,Quotation created,2026-05-18T06:30:51+00:00,Tom Peeters,S00445,,history,,Café Parvis,Belgium,Tom Peeters,Brussels DC,528.00,EUR,House Blend Beans 1kg
S00445,Order confirmed,2026-05-19T11:55:35+00:00,Tom Peeters,S00445,,history,,Café Parvis,Belgium,Tom Peeters,Brussels DC,528.00,EUR,House Blend Beans 1kg
S00445,Order changed after confirmation,2026-05-19T21:09:24+00:00,Tom Peeters,S00445,amount 384.00 -> 528.00,history,,Café Parvis,Belgium,Tom Peeters,Brussels DC,528.00,EUR,House Blend Beans 1kg
S00445,Goods shipped,2026-05-20T06:23:13+00:00,Marc Dubois,BRU/OUT/00196,,history,,Café Parvis,Belgium,Tom Peeters,Brussels DC,528.00,EUR,House Blend Beans 1kg
S00445,Invoice posted,2026-05-20T07:49:45+00:00,Julie Martin,INV/2026/00161,,history,2026-06-19,Café Parvis,Belgium,Tom Peeters,Brussels DC,528.00,EUR,House Blend Beans 1kg
S00445,Payment received,2026-06-17T07:40:37+00:00,Julie Martin,INV/2026/00161,,history,,Café Parvis,Belgium,Tom Peeters,Brussels DC,528.00,EUR,House Blend Beans 1kg
S00446,Quotation created,2026-05-18T11:58:38+00:00,Sophie Lambert,S00446,,history,,Café Parvis,Belgium,Sophie Lambert,Brussels DC,816.00,EUR,Espresso Beans Ethiopia 1kg; Oat Milk Barista 12x1L
S00446,Order confirmed,2026-05-19T09:19:46+00:00,Sophie Lambert,S00446,,history,,Café Parvis,Belgium,Sophie Lambert,Brussels DC,816.00,EUR,Espresso Beans Ethiopia 1kg; Oat Milk Barista 12x1L
S00446,Goods shipped,2026-05-21T06:43:41+00:00,Marc Dubois,BRU/OUT/00195,,history,,Café Parvis,Belgium,Sophie Lambert,Brussels DC,816.00,EUR,Espresso Beans Ethiopia 1kg; Oat Milk Barista 12x1L
S00446,Invoice posted,2026-05-22T07:25:13+00:00,Julie Martin,INV/2026/00163,,history,2026-06-21,Café Parvis,Belgium,Sophie Lambert,Brussels DC,816.00,EUR,Espresso Beans Ethiopia 1kg; Oat Milk Barista 12x1L
S00446,Payment received,2026-06-12T06:42:30+00:00,Julie Martin,INV/2026/00163,,history,,Café Parvis,Belgium,Sophie Lambert,Brussels DC,816.00,EUR,Espresso Beans Ethiopia 1kg; Oat Milk Barista 12x1L
S00447,Quotation created,2026-05-18T13:01:39+00:00,Sophie Lambert,S00447,,history,,Espresso Point Wavre,Belgium,Sophie Lambert,Brussels DC,265.00,EUR,Cup Lids x1000; Earl Grey Tea 500g; House Blend Beans 1kg
S00447,Quotation sent,2026-05-19T06:50:07+00:00,Sophie Lambert,S00447,,history,,Espresso Point Wavre,Belgium,Sophie Lambert,Brussels DC,265.00,EUR,Cup Lids x1000; Earl Grey Tea 500g; House Blend Beans 1kg
S00447,Order confirmed,2026-05-20T06:22:43+00:00,Sophie Lambert,S00447,,history,,Espresso Point Wavre,Belgium,Sophie Lambert,Brussels DC,265.00,EUR,Cup Lids x1000; Earl Grey Tea 500g; House Blend Beans 1kg
S00447,Goods shipped,2026-05-22T06:31:12+00:00,Marc Dubois,BRU/OUT/00198,,history,,Espresso Point Wavre,Belgium,Sophie Lambert,Brussels DC,265.00,EUR,Cup Lids x1000; Earl Grey Tea 500g; House Blend Beans 1kg
S00447,Invoice posted,2026-05-25T09:47:59+00:00,Julie Martin,INV/2026/00166,,history,2026-06-24,Espresso Point Wavre,Belgium,Sophie Lambert,Brussels DC,265.00,EUR,Cup Lids x1000; Earl Grey Tea 500g; House Blend Beans 1kg
S00447,Payment received,2026-06-22T06:53:50+00:00,Julie Martin,INV/2026/00166,,history,,Espresso Point Wavre,Belgium,Sophie Lambert,Brussels DC,265.00,EUR,Cup Lids x1000; Earl Grey Tea 500g; House Blend Beans 1kg
S00448,Quotation created,2026-05-18T14:18:48+00:00,Sophie Lambert,S00448,,history,,Bistro Flagey Corner,Belgium,Sophie Lambert,Brussels DC,180.00,EUR,Espresso Beans Brazil 1kg
S00448,Quotation sent,2026-05-19T06:39:44+00:00,Sophie Lambert,S00448,,history,,Bistro Flagey Corner,Belgium,Sophie Lambert,Brussels DC,180.00,EUR,Espresso Beans Brazil 1kg
S00449,Quotation created,2026-05-19T12:36:06+00:00,Sophie Lambert,S00449,,history,,Hotel Lindenhof,Belgium,Sophie Lambert,Brussels DC,696.00,EUR,Espresso Beans Brazil 1kg; Espresso Beans Ethiopia 1kg
S00449,Quotation sent,2026-05-20T06:27:48+00:00,Sophie Lambert,S00449,,history,,Hotel Lindenhof,Belgium,Sophie Lambert,Brussels DC,696.00,EUR,Espresso Beans Brazil 1kg; Espresso Beans Ethiopia 1kg
S00449,Order confirmed,2026-05-27T06:33:53+00:00,Sophie Lambert,S00449,,history,,Hotel Lindenhof,Belgium,Sophie Lambert,Brussels DC,696.00,EUR,Espresso Beans Brazil 1kg; Espresso Beans Ethiopia 1kg
S00449,Goods shipped,2026-05-27T12:43:15+00:00,Marc Dubois,BRU/OUT/00203,,history,,Hotel Lindenhof,Belgium,Sophie Lambert,Brussels DC,696.00,EUR,Espresso Beans Brazil 1kg; Espresso Beans Ethiopia 1kg
S00449,Invoice posted,2026-05-28T09:47:49+00:00,Julie Martin,INV/2026/00169,,history,2026-06-27,Hotel Lindenhof,Belgium,Sophie Lambert,Brussels DC,696.00,EUR,Espresso Beans Brazil 1kg; Espresso Beans Ethiopia 1kg
S00449,Payment received,2026-06-23T06:30:55+00:00,Julie Martin,INV/2026/00169,,history,,Hotel Lindenhof,Belgium,Sophie Lambert,Brussels DC,696.00,EUR,Espresso Beans Brazil 1kg; Espresso Beans Ethiopia 1kg
S00450,Quotation created,2026-05-21T10:58:12+00:00,Kasia Nowak,S00450,,history,,Hotel Tatry View,Poland,Kasia Nowak,Warsaw DC,150.00,EUR,Cup Lids x1000
S00450,Quotation sent,2026-05-21T13:39:49+00:00,Kasia Nowak,S00450,,history,,Hotel Tatry View,Poland,Kasia Nowak,Warsaw DC,150.00,EUR,Cup Lids x1000
S00450,Order cancelled,2026-06-15T06:21:51+00:00,Kasia Nowak,S00450,,history,,Hotel Tatry View,Poland,Kasia Nowak,Warsaw DC,150.00,EUR,Cup Lids x1000
S00451,Quotation created,2026-05-25T06:13:59+00:00,Sophie Lambert,S00451,,history,,Salon Mosan,Belgium,Sophie Lambert,Brussels DC,576.00,EUR,Ground Coffee 250g; Paper Cups 12oz x1000
S00451,Quotation sent,2026-05-25T10:47:54+00:00,Sophie Lambert,S00451,,history,,Salon Mosan,Belgium,Sophie Lambert,Brussels DC,576.00,EUR,Ground Coffee 250g; Paper Cups 12oz x1000
S00451,Order confirmed,2026-05-26T06:30:00+00:00,Sophie Lambert,S00451,,history,,Salon Mosan,Belgium,Sophie Lambert,Brussels DC,576.00,EUR,Ground Coffee 250g; Paper Cups 12oz x1000
S00451,Goods shipped,2026-05-27T06:00:19+00:00,Marc Dubois,BRU/OUT/00200,,history,,Salon Mosan,Belgium,Sophie Lambert,Brussels DC,576.00,EUR,Ground Coffee 250g; Paper Cups 12oz x1000
S00451,Invoice posted,2026-05-27T13:23:21+00:00,Julie Martin,INV/2026/00167,,history,2026-06-26,Salon Mosan,Belgium,Sophie Lambert,Brussels DC,576.00,EUR,Ground Coffee 250g; Paper Cups 12oz x1000
S00451,Payment received,2026-07-21T06:07:40+00:00,Julie Martin,INV/2026/00167,,history,,Salon Mosan,Belgium,Sophie Lambert,Brussels DC,576.00,EUR,Ground Coffee 250g; Paper Cups 12oz x1000
S00452,Quotation created,2026-05-25T06:27:42+00:00,Tom Peeters,S00452,,history,,Office Hub Leuven,Belgium,Tom Peeters,Brussels DC,396.00,EUR,Decaf Colombia Beans 1kg; Espresso Beans Brazil 1kg; House Blend Beans 1kg
S00452,Quotation sent,2026-05-25T09:30:42+00:00,Tom Peeters,S00452,,history,,Office Hub Leuven,Belgium,Tom Peeters,Brussels DC,396.00,EUR,Decaf Colombia Beans 1kg; Espresso Beans Brazil 1kg; House Blend Beans 1kg
S00452,Order confirmed,2026-05-26T06:35:57+00:00,Tom Peeters,S00452,,history,,Office Hub Leuven,Belgium,Tom Peeters,Brussels DC,396.00,EUR,Decaf Colombia Beans 1kg; Espresso Beans Brazil 1kg; House Blend Beans 1kg
S00452,Goods shipped,2026-05-27T09:01:10+00:00,Marc Dubois,BRU/OUT/00201,,history,,Office Hub Leuven,Belgium,Tom Peeters,Brussels DC,396.00,EUR,Decaf Colombia Beans 1kg; Espresso Beans Brazil 1kg; House Blend Beans 1kg
S00452,Invoice posted,2026-05-28T07:05:48+00:00,Julie Martin,INV/2026/00168,,history,2026-06-27,Office Hub Leuven,Belgium,Tom Peeters,Brussels DC,396.00,EUR,Decaf Colombia Beans 1kg; Espresso Beans Brazil 1kg; House Blend Beans 1kg
S00452,Payment received,2026-06-24T08:33:14+00:00,Julie Martin,INV/2026/00168,,history,,Office Hub Leuven,Belgium,Tom Peeters,Brussels DC,396.00,EUR,Decaf Colombia Beans 1kg; Espresso Beans Brazil 1kg; House Blend Beans 1kg
S00453,Quotation created,2026-05-25T06:41:01+00:00,Tom Peeters,S00453,,history,,Espresso Point Wavre,Belgium,Tom Peeters,Brussels DC,336.00,EUR,Oat Milk Barista 12x1L
S00453,Order cancelled,2026-06-15T06:29:53+00:00,Tom Peeters,S00453,,history,,Espresso Point Wavre,Belgium,Tom Peeters,Brussels DC,336.00,EUR,Oat Milk Barista 12x1L
S00454,Quotation created,2026-05-25T06:53:42+00:00,Sophie Lambert,S00454,,history,,Bakkerij Zuid,Belgium,Sophie Lambert,Brussels DC,840.00,EUR,Cup Lids x1000; Paper Cups 12oz x1000
S00454,Quotation sent,2026-05-25T07:33:52+00:00,Sophie Lambert,S00454,,history,,Bakkerij Zuid,Belgium,Sophie Lambert,Brussels DC,840.00,EUR,Cup Lids x1000; Paper Cups 12oz x1000
S00454,Order confirmed,2026-05-26T06:11:28+00:00,Sophie Lambert,S00454,,history,,Bakkerij Zuid,Belgium,Sophie Lambert,Brussels DC,840.00,EUR,Cup Lids x1000; Paper Cups 12oz x1000
S00454,Goods shipped,2026-05-27T10:07:26+00:00,Marc Dubois,BRU/OUT/00199,,history,,Bakkerij Zuid,Belgium,Sophie Lambert,Brussels DC,840.00,EUR,Cup Lids x1000; Paper Cups 12oz x1000
S00454,Invoice posted,2026-05-28T10:27:19+00:00,Julie Martin,INV/2026/00170,,history,2026-06-27,Bakkerij Zuid,Belgium,Sophie Lambert,Brussels DC,840.00,EUR,Cup Lids x1000; Paper Cups 12oz x1000
S00454,Payment received,2026-06-22T06:05:36+00:00,Julie Martin,INV/2026/00170,,history,,Bakkerij Zuid,Belgium,Sophie Lambert,Brussels DC,840.00,EUR,Cup Lids x1000; Paper Cups 12oz x1000
S00455,Quotation created,2026-05-25T06:54:10+00:00,Kasia Nowak,S00455,,history,,Kawiarnia Rynek,Poland,Kasia Nowak,Warsaw DC,362.00,EUR,Espresso Beans Brazil 1kg; Ground Coffee 250g; House Blend Beans 1kg; Paper Cups 12oz x1000
S00455,Quotation sent,2026-05-25T10:37:27+00:00,Kasia Nowak,S00455,,history,,Kawiarnia Rynek,Poland,Kasia Nowak,Warsaw DC,362.00,EUR,Espresso Beans Brazil 1kg; Ground Coffee 250g; House Blend Beans 1kg; Paper Cups 12oz x1000
S00455,Order cancelled,2026-06-12T11:13:53+00:00,Kasia Nowak,S00455,,history,,Kawiarnia Rynek,Poland,Kasia Nowak,Warsaw DC,362.00,EUR,Espresso Beans Brazil 1kg; Ground Coffee 250g; House Blend Beans 1kg; Paper Cups 12oz x1000
S00456,Quotation created,2026-05-25T10:17:03+00:00,Tom Peeters,S00456,,history,,Hotel Horizon Namur,Belgium,Tom Peeters,Brussels DC,2490.00,EUR,Espresso Beans Brazil 1kg; Espresso Machine Pro
S00456,Quotation sent,2026-05-25T13:57:47+00:00,Tom Peeters,S00456,,history,,Hotel Horizon Namur,Belgium,Tom Peeters,Brussels DC,2490.00,EUR,Espresso Beans Brazil 1kg; Espresso Machine Pro
S00456,Order confirmed,2026-05-27T11:27:31+00:00,Tom Peeters,S00456,,history,,Hotel Horizon Namur,Belgium,Tom Peeters,Brussels DC,2490.00,EUR,Espresso Beans Brazil 1kg; Espresso Machine Pro
S00456,Delivery rescheduled,2026-06-01T06:20:44+00:00,Marc Dubois,BRU/OUT/00204,+6.0 days,history,,Hotel Horizon Namur,Belgium,Tom Peeters,Brussels DC,2490.00,EUR,Espresso Beans Brazil 1kg; Espresso Machine Pro
S00456,Delivery rescheduled,2026-06-03T06:19:24+00:00,Marc Dubois,BRU/OUT/00204,+4.0 days,history,,Hotel Horizon Namur,Belgium,Tom Peeters,Brussels DC,2490.00,EUR,Espresso Beans Brazil 1kg; Espresso Machine Pro
S00456,Delivery rescheduled,2026-06-08T06:15:54+00:00,Marc Dubois,BRU/OUT/00204,+4.0 days,history,,Hotel Horizon Namur,Belgium,Tom Peeters,Brussels DC,2490.00,EUR,Espresso Beans Brazil 1kg; Espresso Machine Pro
S00456,Goods shipped,2026-06-11T06:45:09+00:00,Marc Dubois,BRU/OUT/00204,,history,,Hotel Horizon Namur,Belgium,Tom Peeters,Brussels DC,2490.00,EUR,Espresso Beans Brazil 1kg; Espresso Machine Pro
S00456,Invoice posted,2026-06-12T12:15:24+00:00,Julie Martin,INV/2026/00184,,history,2026-07-12,Hotel Horizon Namur,Belgium,Tom Peeters,Brussels DC,2490.00,EUR,Espresso Beans Brazil 1kg; Espresso Machine Pro
S00456,Payment received,2026-07-13T06:54:23+00:00,Julie Martin,INV/2026/00184,,history,,Hotel Horizon Namur,Belgium,Tom Peeters,Brussels DC,2490.00,EUR,Espresso Beans Brazil 1kg; Espresso Machine Pro
S00457,Quotation created,2026-05-25T13:06:28+00:00,Kasia Nowak,S00457,,history,,Biuro Centrum Wola,Poland,Kasia Nowak,Warsaw DC,414.00,EUR,Decaf Colombia Beans 1kg; Espresso Beans Ethiopia 1kg
S00457,Quotation sent,2026-05-26T06:04:19+00:00,Kasia Nowak,S00457,,history,,Biuro Centrum Wola,Poland,Kasia Nowak,Warsaw DC,414.00,EUR,Decaf Colombia Beans 1kg; Espresso Beans Ethiopia 1kg
S00457,Order cancelled,2026-06-29T06:01:54+00:00,Kasia Nowak,S00457,,history,,Biuro Centrum Wola,Poland,Kasia Nowak,Warsaw DC,414.00,EUR,Decaf Colombia Beans 1kg; Espresso Beans Ethiopia 1kg
S00458,Quotation created,2026-05-25T13:40:00+00:00,Sophie Lambert,S00458,,history,,Café Parvis,Belgium,Sophie Lambert,Brussels DC,498.00,EUR,Espresso Beans Ethiopia 1kg; Green Tea Sencha 500g; Paper Cups 12oz x1000
S00458,Quotation sent,2026-05-26T06:12:03+00:00,Sophie Lambert,S00458,,history,,Café Parvis,Belgium,Sophie Lambert,Brussels DC,498.00,EUR,Espresso Beans Ethiopia 1kg; Green Tea Sencha 500g; Paper Cups 12oz x1000
S00458,Order confirmed,2026-05-27T06:05:11+00:00,Sophie Lambert,S00458,,history,,Café Parvis,Belgium,Sophie Lambert,Brussels DC,498.00,EUR,Espresso Beans Ethiopia 1kg; Green Tea Sencha 500g; Paper Cups 12oz x1000
S00458,Goods shipped,2026-05-29T06:15:32+00:00,Marc Dubois,BRU/OUT/00202,,history,,Café Parvis,Belgium,Sophie Lambert,Brussels DC,498.00,EUR,Espresso Beans Ethiopia 1kg; Green Tea Sencha 500g; Paper Cups 12oz x1000
S00458,Invoice posted,2026-06-01T08:30:15+00:00,Julie Martin,INV/2026/00171,,history,2026-07-01,Café Parvis,Belgium,Sophie Lambert,Brussels DC,498.00,EUR,Espresso Beans Ethiopia 1kg; Green Tea Sencha 500g; Paper Cups 12oz x1000
S00458,Payment received,2026-06-18T06:19:18+00:00,Julie Martin,INV/2026/00171,,history,,Café Parvis,Belgium,Sophie Lambert,Brussels DC,498.00,EUR,Espresso Beans Ethiopia 1kg; Green Tea Sencha 500g; Paper Cups 12oz x1000
S00459,Quotation created,2026-05-26T10:13:42+00:00,Kasia Nowak,S00459,,history,,Biuro Centrum Wola,Poland,Kasia Nowak,Warsaw DC,336.00,EUR,Earl Grey Tea 500g; House Blend Beans 1kg
S00459,Quotation sent,2026-05-26T11:53:25+00:00,Kasia Nowak,S00459,,history,,Biuro Centrum Wola,Poland,Kasia Nowak,Warsaw DC,336.00,EUR,Earl Grey Tea 500g; House Blend Beans 1kg
S00459,Order cancelled,2026-06-26T06:40:29+00:00,Kasia Nowak,S00459,,history,,Biuro Centrum Wola,Poland,Kasia Nowak,Warsaw DC,336.00,EUR,Earl Grey Tea 500g; House Blend Beans 1kg
S00460,Quotation created,2026-05-27T10:46:27+00:00,Kasia Nowak,S00460,,history,,Stołówka Politechnika,Poland,Kasia Nowak,Warsaw DC,410.00,EUR,House Blend Beans 1kg; Paper Cups 12oz x1000
S00460,Quotation sent,2026-05-27T13:12:45+00:00,Kasia Nowak,S00460,,history,,Stołówka Politechnika,Poland,Kasia Nowak,Warsaw DC,410.00,EUR,House Blend Beans 1kg; Paper Cups 12oz x1000
S00460,Order cancelled,2026-06-23T06:32:07+00:00,Kasia Nowak,S00460,,history,,Stołówka Politechnika,Poland,Kasia Nowak,Warsaw DC,410.00,EUR,House Blend Beans 1kg; Paper Cups 12oz x1000
S00461,Quotation created,2026-05-28T08:45:34+00:00,Kasia Nowak,S00461,,history,,Kawiarnia Mokotów,Poland,Kasia Nowak,Warsaw DC,647.00,EUR,Descaler Tablets x10; Espresso Beans Brazil 1kg; Paper Cups 12oz x1000
S00461,Order cancelled,2026-06-15T06:53:04+00:00,Kasia Nowak,S00461,,history,,Kawiarnia Mokotów,Poland,Kasia Nowak,Warsaw DC,647.00,EUR,Descaler Tablets x10; Espresso Beans Brazil 1kg; Paper Cups 12oz x1000
S00462,Quotation created,2026-05-28T13:30:17+00:00,Sophie Lambert,S00462,,history,,Brasserie du Canal,Belgium,Sophie Lambert,Brussels DC,468.00,EUR,Espresso Beans Brazil 1kg; Ground Coffee 250g; Vanilla Syrup 1L
S00462,Quotation sent,2026-05-29T06:50:37+00:00,Sophie Lambert,S00462,,history,,Brasserie du Canal,Belgium,Sophie Lambert,Brussels DC,468.00,EUR,Espresso Beans Brazil 1kg; Ground Coffee 250g; Vanilla Syrup 1L
S00462,Order confirmed,2026-06-01T06:13:19+00:00,Sophie Lambert,S00462,,history,,Brasserie du Canal,Belgium,Sophie Lambert,Brussels DC,468.00,EUR,Espresso Beans Brazil 1kg; Ground Coffee 250g; Vanilla Syrup 1L
S00462,Goods shipped,2026-06-02T06:53:23+00:00,Marc Dubois,BRU/OUT/00205,,history,,Brasserie du Canal,Belgium,Sophie Lambert,Brussels DC,468.00,EUR,Espresso Beans Brazil 1kg; Ground Coffee 250g; Vanilla Syrup 1L
S00462,Invoice posted,2026-06-02T09:39:28+00:00,Julie Martin,INV/2026/00172,,history,2026-07-02,Brasserie du Canal,Belgium,Sophie Lambert,Brussels DC,468.00,EUR,Espresso Beans Brazil 1kg; Ground Coffee 250g; Vanilla Syrup 1L
S00462,Payment received,2026-08-03T06:02:29+00:00,Julie Martin,INV/2026/00172,,history,,Brasserie du Canal,Belgium,Sophie Lambert,Brussels DC,468.00,EUR,Espresso Beans Brazil 1kg; Ground Coffee 250g; Vanilla Syrup 1L
S00463,Quotation created,2026-05-28T14:17:45+00:00,Piotr Zieliński,S00463,,history,,Café Nowa Huta,Poland,Piotr Zieliński,Warsaw DC,388.00,EUR,Espresso Beans Brazil 1kg; Green Tea Sencha 500g
S00463,Quotation sent,2026-05-29T06:55:42+00:00,Piotr Zieliński,S00463,,history,,Café Nowa Huta,Poland,Piotr Zieliński,Warsaw DC,388.00,EUR,Espresso Beans Brazil 1kg; Green Tea Sencha 500g
S00464,Quotation created,2026-05-29T09:53:00+00:00,Tom Peeters,S00464,,history,,Office Hub Leuven,Belgium,Tom Peeters,Brussels DC,540.00,EUR,Espresso Beans Brazil 1kg
S00464,Order confirmed,2026-06-01T06:27:34+00:00,Tom Peeters,S00464,,history,,Office Hub Leuven,Belgium,Tom Peeters,Brussels DC,540.00,EUR,Espresso Beans Brazil 1kg
S00464,Order changed after confirmation,2026-06-01T18:18:25+00:00,Tom Peeters,S00464,amount 360.00 -> 540.00,history,,Office Hub Leuven,Belgium,Tom Peeters,Brussels DC,540.00,EUR,Espresso Beans Brazil 1kg
S00464,Goods shipped,2026-06-02T06:09:17+00:00,Marc Dubois,BRU/OUT/00206,,history,,Office Hub Leuven,Belgium,Tom Peeters,Brussels DC,540.00,EUR,Espresso Beans Brazil 1kg
S00464,Invoice posted,2026-06-02T11:25:39+00:00,Julie Martin,INV/2026/00173,,history,2026-07-02,Office Hub Leuven,Belgium,Tom Peeters,Brussels DC,540.00,EUR,Espresso Beans Brazil 1kg
S00464,Payment received,2026-06-17T08:03:01+00:00,Julie Martin,INV/2026/00173,,history,,Office Hub Leuven,Belgium,Tom Peeters,Brussels DC,540.00,EUR,Espresso Beans Brazil 1kg
S00465,Quotation created,2026-05-29T15:20:35+00:00,Piotr Zieliński,S00465,,history,,Biurowiec Mokotowska,Poland,Piotr Zieliński,Warsaw DC,780.00,EUR,Espresso Beans Brazil 1kg; Ground Coffee 250g; House Blend Beans 1kg; Oat Milk Barista 12x1L
S00465,Quotation sent,2026-06-01T06:56:30+00:00,Piotr Zieliński,S00465,,history,,Biurowiec Mokotowska,Poland,Piotr Zieliński,Warsaw DC,780.00,EUR,Espresso Beans Brazil 1kg; Ground Coffee 250g; House Blend Beans 1kg; Oat Milk Barista 12x1L
S00465,Order cancelled,2026-07-01T11:30:41+00:00,Piotr Zieliński,S00465,,history,,Biurowiec Mokotowska,Poland,Piotr Zieliński,Warsaw DC,780.00,EUR,Espresso Beans Brazil 1kg; Ground Coffee 250g; House Blend Beans 1kg; Oat Milk Barista 12x1L
S00466,Quotation created,2026-06-01T06:13:10+00:00,Kasia Nowak,S00466,,history,,Cukiernia Stare Miasto,Poland,Kasia Nowak,Warsaw DC,1032.00,EUR,Espresso Beans Brazil 1kg; Espresso Beans Ethiopia 1kg; Oat Milk Barista 12x1L
S00466,Order confirmed,2026-06-11T14:50:35+00:00,Kasia Nowak,S00466,,history,,Cukiernia Stare Miasto,Poland,Kasia Nowak,Warsaw DC,1032.00,EUR,Espresso Beans Brazil 1kg; Espresso Beans Ethiopia 1kg; Oat Milk Barista 12x1L
S00466,Goods shipped,2026-06-16T08:35:00+00:00,Ola Wiśniewska,WAW/OUT/00173,,history,,Cukiernia Stare Miasto,Poland,Kasia Nowak,Warsaw DC,1032.00,EUR,Espresso Beans Brazil 1kg; Espresso Beans Ethiopia 1kg; Oat Milk Barista 12x1L
S00466,Invoice posted,2026-06-17T10:33:29+00:00,Anna Kowalczyk,INV/2026/00190,,history,2026-07-17,Cukiernia Stare Miasto,Poland,Kasia Nowak,Warsaw DC,1032.00,EUR,Espresso Beans Brazil 1kg; Espresso Beans Ethiopia 1kg; Oat Milk Barista 12x1L
S00466,Payment received,2026-07-09T06:27:56+00:00,Anna Kowalczyk,INV/2026/00190,,history,,Cukiernia Stare Miasto,Poland,Kasia Nowak,Warsaw DC,1032.00,EUR,Espresso Beans Brazil 1kg; Espresso Beans Ethiopia 1kg; Oat Milk Barista 12x1L
S00467,Quotation created,2026-06-01T06:39:59+00:00,Piotr Zieliński,S00467,,history,,Cukiernia Stare Miasto,Poland,Piotr Zieliński,Warsaw DC,496.00,EUR,Espresso Beans Brazil 1kg; Oat Milk Barista 12x1L
S00467,Quotation sent,2026-06-01T09:26:46+00:00,Piotr Zieliński,S00467,,history,,Cukiernia Stare Miasto,Poland,Piotr Zieliński,Warsaw DC,496.00,EUR,Espresso Beans Brazil 1kg; Oat Milk Barista 12x1L
S00467,Order confirmed,2026-06-02T10:44:35+00:00,Piotr Zieliński,S00467,,history,,Cukiernia Stare Miasto,Poland,Piotr Zieliński,Warsaw DC,496.00,EUR,Espresso Beans Brazil 1kg; Oat Milk Barista 12x1L
S00467,Goods shipped,2026-06-03T06:52:18+00:00,Ola Wiśniewska,WAW/OUT/00168,,history,,Cukiernia Stare Miasto,Poland,Piotr Zieliński,Warsaw DC,496.00,EUR,Espresso Beans Brazil 1kg; Oat Milk Barista 12x1L
S00467,Invoice posted,2026-06-08T08:34:26+00:00,Anna Kowalczyk,INV/2026/00176,,history,2026-07-08,Cukiernia Stare Miasto,Poland,Piotr Zieliński,Warsaw DC,496.00,EUR,Espresso Beans Brazil 1kg; Oat Milk Barista 12x1L
S00467,Payment received,2026-07-03T13:03:38+00:00,Anna Kowalczyk,INV/2026/00176,,history,,Cukiernia Stare Miasto,Poland,Piotr Zieliński,Warsaw DC,496.00,EUR,Espresso Beans Brazil 1kg; Oat Milk Barista 12x1L
S00468,Quotation created,2026-06-01T06:46:52+00:00,Piotr Zieliński,S00468,,history,,Stołówka Politechnika,Poland,Piotr Zieliński,Warsaw DC,184.00,EUR,Espresso Beans Ethiopia 1kg; House Blend Beans 1kg
S00468,Quotation sent,2026-06-01T07:55:06+00:00,Piotr Zieliński,S00468,,history,,Stołówka Politechnika,Poland,Piotr Zieliński,Warsaw DC,184.00,EUR,Espresso Beans Ethiopia 1kg; House Blend Beans 1kg
S00469,Quotation created,2026-06-02T08:53:45+00:00,Kasia Nowak,S00469,,history,,Stołówka Politechnika,Poland,Kasia Nowak,Warsaw DC,686.00,EUR,Barista Apron; Espresso Beans Ethiopia 1kg
S00469,Quotation sent,2026-06-02T12:59:09+00:00,Kasia Nowak,S00469,,history,,Stołówka Politechnika,Poland,Kasia Nowak,Warsaw DC,686.00,EUR,Barista Apron; Espresso Beans Ethiopia 1kg
S00469,Order cancelled,2026-06-19T13:56:20+00:00,Kasia Nowak,S00469,,history,,Stołówka Politechnika,Poland,Kasia Nowak,Warsaw DC,686.00,EUR,Barista Apron; Espresso Beans Ethiopia 1kg
S00470,Quotation created,2026-06-02T09:18:51+00:00,Kasia Nowak,S00470,,history,,Biuro Centrum Wola,Poland,Kasia Nowak,Warsaw DC,2544.00,EUR,Espresso Beans Ethiopia 1kg; Espresso Machine Pro
S00470,Quotation sent,2026-06-02T11:44:26+00:00,Kasia Nowak,S00470,,history,,Biuro Centrum Wola,Poland,Kasia Nowak,Warsaw DC,2544.00,EUR,Espresso Beans Ethiopia 1kg; Espresso Machine Pro
S00470,Order confirmed,2026-06-03T11:35:10+00:00,Kasia Nowak,S00470,,history,,Biuro Centrum Wola,Poland,Kasia Nowak,Warsaw DC,2544.00,EUR,Espresso Beans Ethiopia 1kg; Espresso Machine Pro
S00470,Delivery rescheduled,2026-06-04T13:12:47+00:00,Ola Wiśniewska,WAW/OUT/00169,+3.0 days,history,,Biuro Centrum Wola,Poland,Kasia Nowak,Warsaw DC,2544.00,EUR,Espresso Beans Ethiopia 1kg; Espresso Machine Pro
S00470,Delivery rescheduled,2026-06-08T06:24:41+00:00,Ola Wiśniewska,WAW/OUT/00169,+6.0 days,history,,Biuro Centrum Wola,Poland,Kasia Nowak,Warsaw DC,2544.00,EUR,Espresso Beans Ethiopia 1kg; Espresso Machine Pro
S00470,Goods shipped,2026-06-11T06:47:56+00:00,Ola Wiśniewska,WAW/OUT/00169,,history,,Biuro Centrum Wola,Poland,Kasia Nowak,Warsaw DC,2544.00,EUR,Espresso Beans Ethiopia 1kg; Espresso Machine Pro
S00470,Invoice posted,2026-06-15T06:33:53+00:00,Anna Kowalczyk,INV/2026/00185,,history,2026-07-15,Biuro Centrum Wola,Poland,Kasia Nowak,Warsaw DC,2544.00,EUR,Espresso Beans Ethiopia 1kg; Espresso Machine Pro
S00470,Payment received,2026-07-14T06:25:12+00:00,Anna Kowalczyk,INV/2026/00185,,history,,Biuro Centrum Wola,Poland,Kasia Nowak,Warsaw DC,2544.00,EUR,Espresso Beans Ethiopia 1kg; Espresso Machine Pro
S00471,Quotation created,2026-06-02T10:03:19+00:00,Sophie Lambert,S00471,,history,,Hotel Horizon Namur,Belgium,Sophie Lambert,Brussels DC,552.00,EUR,Espresso Beans Brazil 1kg; Espresso Beans Ethiopia 1kg
S00471,Order confirmed,2026-06-03T06:05:45+00:00,Sophie Lambert,S00471,,history,,Hotel Horizon Namur,Belgium,Sophie Lambert,Brussels DC,552.00,EUR,Espresso Beans Brazil 1kg; Espresso Beans Ethiopia 1kg
S00471,Goods shipped,2026-06-04T06:04:36+00:00,Marc Dubois,BRU/OUT/00207,,history,,Hotel Horizon Namur,Belgium,Sophie Lambert,Brussels DC,552.00,EUR,Espresso Beans Brazil 1kg; Espresso Beans Ethiopia 1kg
S00471,Invoice posted,2026-06-05T08:37:41+00:00,Julie Martin,INV/2026/00174,,history,2026-07-05,Hotel Horizon Namur,Belgium,Sophie Lambert,Brussels DC,552.00,EUR,Espresso Beans Brazil 1kg; Espresso Beans Ethiopia 1kg
S00471,Payment received,2026-06-29T06:19:27+00:00,Julie Martin,INV/2026/00174,,history,,Hotel Horizon Namur,Belgium,Sophie Lambert,Brussels DC,552.00,EUR,Espresso Beans Brazil 1kg; Espresso Beans Ethiopia 1kg
S00472,Quotation created,2026-06-03T15:06:46+00:00,Tom Peeters,S00472,,history,,Café Parvis,Belgium,Tom Peeters,Brussels DC,316.00,EUR,Espresso Beans Brazil 1kg; Oat Milk Barista 12x1L
S00472,Quotation sent,2026-06-04T06:41:16+00:00,Tom Peeters,S00472,,history,,Café Parvis,Belgium,Tom Peeters,Brussels DC,316.00,EUR,Espresso Beans Brazil 1kg; Oat Milk Barista 12x1L
S00472,Order confirmed,2026-06-08T06:52:28+00:00,Tom Peeters,S00472,,history,,Café Parvis,Belgium,Tom Peeters,Brussels DC,316.00,EUR,Espresso Beans Brazil 1kg; Oat Milk Barista 12x1L
S00472,Goods shipped,2026-06-09T07:13:51+00:00,Marc Dubois,BRU/OUT/00209,,history,,Café Parvis,Belgium,Tom Peeters,Brussels DC,316.00,EUR,Espresso Beans Brazil 1kg; Oat Milk Barista 12x1L
S00472,Invoice posted,2026-06-10T08:40:27+00:00,Julie Martin,INV/2026/00179,,history,2026-07-10,Café Parvis,Belgium,Tom Peeters,Brussels DC,316.00,EUR,Espresso Beans Brazil 1kg; Oat Milk Barista 12x1L
S00472,Payment received,2026-07-09T06:11:52+00:00,Julie Martin,INV/2026/00179,,history,,Café Parvis,Belgium,Tom Peeters,Brussels DC,316.00,EUR,Espresso Beans Brazil 1kg; Oat Milk Barista 12x1L
S00473,Quotation created,2026-06-04T09:00:31+00:00,Kasia Nowak,S00473,,history,,Coworking Praga,Poland,Kasia Nowak,Warsaw DC,24.00,EUR,Earl Grey Tea 500g
S00474,Quotation created,2026-06-04T13:33:58+00:00,Sophie Lambert,S00474,,history,,Tearoom Duinen,Belgium,Sophie Lambert,Brussels DC,70.00,EUR,Green Tea Sencha 500g
S00474,Order cancelled,2026-07-10T06:18:32+00:00,Sophie Lambert,S00474,,history,,Tearoom Duinen,Belgium,Sophie Lambert,Brussels DC,70.00,EUR,Green Tea Sencha 500g
S00475,Quotation created,2026-06-04T15:29:40+00:00,Tom Peeters,S00475,,history,,Hotel Horizon Namur,Belgium,Tom Peeters,Brussels DC,1370.00,EUR,Coffee Grinder Compact; Green Tea Sencha 500g
S00475,Quotation sent,2026-06-05T06:27:33+00:00,Tom Peeters,S00475,,history,,Hotel Horizon Namur,Belgium,Tom Peeters,Brussels DC,1370.00,EUR,Coffee Grinder Compact; Green Tea Sencha 500g
S00475,Order confirmed,2026-06-08T06:30:34+00:00,Tom Peeters,S00475,,history,,Hotel Horizon Namur,Belgium,Tom Peeters,Brussels DC,1370.00,EUR,Coffee Grinder Compact; Green Tea Sencha 500g
S00475,Order changed after confirmation,2026-06-08T07:48:33+00:00,Tom Peeters,S00475,"amount 720.00 -> 1,370.00",history,,Hotel Horizon Namur,Belgium,Tom Peeters,Brussels DC,1370.00,EUR,Coffee Grinder Compact; Green Tea Sencha 500g
S00475,Goods shipped,2026-06-09T06:26:16+00:00,Marc Dubois,BRU/OUT/00208,,history,,Hotel Horizon Namur,Belgium,Tom Peeters,Brussels DC,1370.00,EUR,Coffee Grinder Compact; Green Tea Sencha 500g
S00475,Invoice posted,2026-06-10T07:59:30+00:00,Julie Martin,INV/2026/00178,,history,2026-07-10,Hotel Horizon Namur,Belgium,Tom Peeters,Brussels DC,1370.00,EUR,Coffee Grinder Compact; Green Tea Sencha 500g
S00475,Payment received,2026-07-16T06:31:48+00:00,Julie Martin,INV/2026/00178,,history,,Hotel Horizon Namur,Belgium,Tom Peeters,Brussels DC,1370.00,EUR,Coffee Grinder Compact; Green Tea Sencha 500g
S00476,Quotation created,2026-06-05T06:49:40+00:00,Sophie Lambert,S00476,,history,,Business Park Diegem,Belgium,Sophie Lambert,Brussels DC,336.00,EUR,Green Tea Sencha 500g
S00476,Quotation sent,2026-06-05T11:18:56+00:00,Sophie Lambert,S00476,,history,,Business Park Diegem,Belgium,Sophie Lambert,Brussels DC,336.00,EUR,Green Tea Sencha 500g
S00476,Order cancelled,2026-07-13T06:49:39+00:00,Sophie Lambert,S00476,,history,,Business Park Diegem,Belgium,Sophie Lambert,Brussels DC,336.00,EUR,Green Tea Sencha 500g
S00477,Quotation created,2026-06-05T09:38:00+00:00,Piotr Zieliński,S00477,,history,,Piekarnia Żoliborz,Poland,Piotr Zieliński,Warsaw DC,90.00,EUR,Espresso Beans Brazil 1kg
S00477,Order confirmed,2026-06-08T06:02:15+00:00,Piotr Zieliński,S00477,,history,,Piekarnia Żoliborz,Poland,Piotr Zieliński,Warsaw DC,90.00,EUR,Espresso Beans Brazil 1kg
S00477,Invoice posted,2026-06-08T07:30:22+00:00,Anna Kowalczyk,INV/2026/00175,,history,2026-07-08,Piekarnia Żoliborz,Poland,Piotr Zieliński,Warsaw DC,90.00,EUR,Espresso Beans Brazil 1kg
S00477,Goods shipped,2026-06-09T06:36:50+00:00,Ola Wiśniewska,WAW/OUT/00170,,history,,Piekarnia Żoliborz,Poland,Piotr Zieliński,Warsaw DC,90.00,EUR,Espresso Beans Brazil 1kg
S00477,Payment received,2026-07-06T14:02:20+00:00,Anna Kowalczyk,INV/2026/00175,,history,,Piekarnia Żoliborz,Poland,Piotr Zieliński,Warsaw DC,90.00,EUR,Espresso Beans Brazil 1kg
S00478,Quotation created,2026-06-05T15:14:35+00:00,Kasia Nowak,S00478,,history,,Hotel Nad Wisłą,Poland,Kasia Nowak,Warsaw DC,192.00,EUR,House Blend Beans 1kg
S00478,Quotation sent,2026-06-08T06:26:34+00:00,Kasia Nowak,S00478,,history,,Hotel Nad Wisłą,Poland,Kasia Nowak,Warsaw DC,192.00,EUR,House Blend Beans 1kg
S00478,Order confirmed,2026-06-15T06:15:30+00:00,Kasia Nowak,S00478,,history,,Hotel Nad Wisłą,Poland,Kasia Nowak,Warsaw DC,192.00,EUR,House Blend Beans 1kg
S00478,Goods shipped,2026-06-17T06:02:32+00:00,Ola Wiśniewska,WAW/OUT/00174,,history,,Hotel Nad Wisłą,Poland,Kasia Nowak,Warsaw DC,192.00,EUR,House Blend Beans 1kg
S00478,Invoice posted,2026-06-19T11:42:48+00:00,Anna Kowalczyk,INV/2026/00194,,history,2026-07-19,Hotel Nad Wisłą,Poland,Kasia Nowak,Warsaw DC,192.00,EUR,House Blend Beans 1kg
S00479,Quotation created,2026-06-05T15:25:02+00:00,Sophie Lambert,S00479,,history,,Co-Work Ixelles,Belgium,Sophie Lambert,Brussels DC,180.00,EUR,Espresso Beans Brazil 1kg
S00479,Quotation sent,2026-06-08T06:16:50+00:00,Sophie Lambert,S00479,,history,,Co-Work Ixelles,Belgium,Sophie Lambert,Brussels DC,180.00,EUR,Espresso Beans Brazil 1kg
S00479,Order confirmed,2026-06-09T06:53:16+00:00,Sophie Lambert,S00479,,history,,Co-Work Ixelles,Belgium,Sophie Lambert,Brussels DC,180.00,EUR,Espresso Beans Brazil 1kg
S00479,Goods shipped,2026-06-09T12:16:00+00:00,Marc Dubois,BRU/OUT/00211,,history,,Co-Work Ixelles,Belgium,Sophie Lambert,Brussels DC,180.00,EUR,Espresso Beans Brazil 1kg
S00479,Invoice posted,2026-06-11T09:03:13+00:00,Julie Martin,INV/2026/00181,,history,2026-07-11,Co-Work Ixelles,Belgium,Sophie Lambert,Brussels DC,180.00,EUR,Espresso Beans Brazil 1kg
S00479,Payment received,2026-07-06T06:35:20+00:00,Julie Martin,INV/2026/00181,,history,,Co-Work Ixelles,Belgium,Sophie Lambert,Brussels DC,180.00,EUR,Espresso Beans Brazil 1kg
S00480,Quotation created,2026-06-08T06:03:46+00:00,Tom Peeters,S00480,,history,,Bistro Flagey Corner,Belgium,Tom Peeters,Brussels DC,522.00,EUR,Espresso Beans Brazil 1kg
S00480,Order confirmed,2026-06-09T06:25:18+00:00,Tom Peeters,S00480,,history,,Bistro Flagey Corner,Belgium,Tom Peeters,Brussels DC,522.00,EUR,Espresso Beans Brazil 1kg
S00480,Order changed after confirmation,2026-06-09T08:57:28+00:00,Tom Peeters,S00480,amount 432.00 -> 522.00,history,,Bistro Flagey Corner,Belgium,Tom Peeters,Brussels DC,522.00,EUR,Espresso Beans Brazil 1kg
S00480,Goods shipped,2026-06-09T14:23:17+00:00,Marc Dubois,BRU/OUT/00210,,history,,Bistro Flagey Corner,Belgium,Tom Peeters,Brussels DC,522.00,EUR,Espresso Beans Brazil 1kg
S00480,Invoice posted,2026-06-10T06:39:30+00:00,Julie Martin,INV/2026/00177,,history,2026-07-10,Bistro Flagey Corner,Belgium,Tom Peeters,Brussels DC,522.00,EUR,Espresso Beans Brazil 1kg
S00480,Payment received,2026-07-20T06:31:42+00:00,Julie Martin,INV/2026/00177,,history,,Bistro Flagey Corner,Belgium,Tom Peeters,Brussels DC,522.00,EUR,Espresso Beans Brazil 1kg
S00481,Quotation created,2026-06-08T06:19:02+00:00,Sophie Lambert,S00481,,history,,Koffiebar Meir,Belgium,Sophie Lambert,Brussels DC,72.00,EUR,Ground Coffee 250g
S00481,Order confirmed,2026-06-15T06:28:08+00:00,Sophie Lambert,S00481,,history,,Koffiebar Meir,Belgium,Sophie Lambert,Brussels DC,72.00,EUR,Ground Coffee 250g
S00481,Goods shipped,2026-06-16T06:22:38+00:00,Marc Dubois,BRU/OUT/00217,,history,,Koffiebar Meir,Belgium,Sophie Lambert,Brussels DC,72.00,EUR,Ground Coffee 250g
S00481,Invoice posted,2026-06-16T14:26:02+00:00,Julie Martin,INV/2026/00189,,history,2026-07-16,Koffiebar Meir,Belgium,Sophie Lambert,Brussels DC,72.00,EUR,Ground Coffee 250g
S00481,Payment received,2026-07-16T15:03:19+00:00,Julie Martin,INV/2026/00189,,history,,Koffiebar Meir,Belgium,Sophie Lambert,Brussels DC,72.00,EUR,Ground Coffee 250g
S00482,Quotation created,2026-06-08T06:19:54+00:00,Kasia Nowak,S00482,,history,,Kawiarnia Rynek,Poland,Kasia Nowak,Warsaw DC,344.00,EUR,Espresso Beans Brazil 1kg; Green Tea Sencha 500g; Vanilla Syrup 1L
S00482,Quotation sent,2026-06-08T10:12:02+00:00,Kasia Nowak,S00482,,history,,Kawiarnia Rynek,Poland,Kasia Nowak,Warsaw DC,344.00,EUR,Espresso Beans Brazil 1kg; Green Tea Sencha 500g; Vanilla Syrup 1L
S00482,Order confirmed,2026-06-11T06:48:14+00:00,Kasia Nowak,S00482,,history,,Kawiarnia Rynek,Poland,Kasia Nowak,Warsaw DC,344.00,EUR,Espresso Beans Brazil 1kg; Green Tea Sencha 500g; Vanilla Syrup 1L
S00482,Order cancelled,2026-06-15T06:32:27+00:00,Kasia Nowak,S00482,,history,,Kawiarnia Rynek,Poland,Kasia Nowak,Warsaw DC,344.00,EUR,Espresso Beans Brazil 1kg; Green Tea Sencha 500g; Vanilla Syrup 1L
S00483,Quotation created,2026-06-08T06:20:42+00:00,Tom Peeters,S00483,,history,,Brasserie du Canal,Belgium,Tom Peeters,Brussels DC,168.00,EUR,Decaf Colombia Beans 1kg
S00483,Quotation sent,2026-06-08T09:11:45+00:00,Tom Peeters,S00483,,history,,Brasserie du Canal,Belgium,Tom Peeters,Brussels DC,168.00,EUR,Decaf Colombia Beans 1kg
S00483,Order confirmed,2026-06-10T12:05:02+00:00,Tom Peeters,S00483,,history,,Brasserie du Canal,Belgium,Tom Peeters,Brussels DC,168.00,EUR,Decaf Colombia Beans 1kg
S00483,Order changed after confirmation,2026-06-11T00:48:44+00:00,Tom Peeters,S00483,amount 105.00 -> 168.00,history,,Brasserie du Canal,Belgium,Tom Peeters,Brussels DC,168.00,EUR,Decaf Colombia Beans 1kg
S00483,Goods shipped,2026-06-11T13:32:27+00:00,Marc Dubois,BRU/OUT/00212,,history,,Brasserie du Canal,Belgium,Tom Peeters,Brussels DC,168.00,EUR,Decaf Colombia Beans 1kg
S00483,Invoice posted,2026-06-12T10:00:51+00:00,Julie Martin,INV/2026/00183,,history,2026-07-12,Brasserie du Canal,Belgium,Tom Peeters,Brussels DC,168.00,EUR,Decaf Colombia Beans 1kg
S00484,Quotation created,2026-06-08T06:43:56+00:00,Tom Peeters,S00484,,history,,Station Coffee Mechelen,Belgium,Tom Peeters,Brussels DC,446.00,EUR,Ground Coffee 250g; House Blend Beans 1kg; Paper Cups 12oz x1000
S00484,Order confirmed,2026-06-11T06:00:35+00:00,Tom Peeters,S00484,,history,,Station Coffee Mechelen,Belgium,Tom Peeters,Brussels DC,446.00,EUR,Ground Coffee 250g; House Blend Beans 1kg; Paper Cups 12oz x1000
S00484,Goods shipped,2026-06-11T12:12:36+00:00,Marc Dubois,BRU/OUT/00213,,history,,Station Coffee Mechelen,Belgium,Tom Peeters,Brussels DC,446.00,EUR,Ground Coffee 250g; House Blend Beans 1kg; Paper Cups 12oz x1000
S00484,Invoice posted,2026-06-12T06:47:47+00:00,Julie Martin,INV/2026/00182,,history,2026-07-12,Station Coffee Mechelen,Belgium,Tom Peeters,Brussels DC,446.00,EUR,Ground Coffee 250g; House Blend Beans 1kg; Paper Cups 12oz x1000
S00484,Payment received,2026-07-06T06:32:09+00:00,Julie Martin,INV/2026/00182,,history,,Station Coffee Mechelen,Belgium,Tom Peeters,Brussels DC,446.00,EUR,Ground Coffee 250g; House Blend Beans 1kg; Paper Cups 12oz x1000
S00485,Quotation created,2026-06-08T09:44:59+00:00,Piotr Zieliński,S00485,,history,,Coworking Praga,Poland,Piotr Zieliński,Warsaw DC,516.00,EUR,Espresso Beans Brazil 1kg; Espresso Beans Ethiopia 1kg
S00485,Quotation sent,2026-06-08T11:23:00+00:00,Piotr Zieliński,S00485,,history,,Coworking Praga,Poland,Piotr Zieliński,Warsaw DC,516.00,EUR,Espresso Beans Brazil 1kg; Espresso Beans Ethiopia 1kg
S00485,Order confirmed,2026-06-10T07:24:05+00:00,Piotr Zieliński,S00485,,history,,Coworking Praga,Poland,Piotr Zieliński,Warsaw DC,516.00,EUR,Espresso Beans Brazil 1kg; Espresso Beans Ethiopia 1kg
S00485,Invoice posted,2026-06-10T13:12:03+00:00,Anna Kowalczyk,INV/2026/00180,,history,2026-07-10,Coworking Praga,Poland,Piotr Zieliński,Warsaw DC,516.00,EUR,Espresso Beans Brazil 1kg; Espresso Beans Ethiopia 1kg
S00485,Goods shipped,2026-06-11T12:30:57+00:00,Ola Wiśniewska,WAW/OUT/00171,,history,,Coworking Praga,Poland,Piotr Zieliński,Warsaw DC,516.00,EUR,Espresso Beans Brazil 1kg; Espresso Beans Ethiopia 1kg
S00485,Credit note posted,2026-06-17T06:23:51+00:00,Anna Kowalczyk,RINV/2026/00014,,history,,Coworking Praga,Poland,Piotr Zieliński,Warsaw DC,516.00,EUR,Espresso Beans Brazil 1kg; Espresso Beans Ethiopia 1kg
S00485,Payment received,2026-08-11T06:54:48+00:00,Anna Kowalczyk,INV/2026/00180,,history,,Coworking Praga,Poland,Piotr Zieliński,Warsaw DC,516.00,EUR,Espresso Beans Brazil 1kg; Espresso Beans Ethiopia 1kg
S00486,Quotation created,2026-06-09T09:26:57+00:00,Sophie Lambert,S00486,,history,,Hotel Lindenhof,Belgium,Sophie Lambert,Brussels DC,642.00,EUR,Cup Lids x1000; Espresso Beans Brazil 1kg; Green Tea Sencha 500g
S00486,Quotation sent,2026-06-09T11:34:23+00:00,Sophie Lambert,S00486,,history,,Hotel Lindenhof,Belgium,Sophie Lambert,Brussels DC,642.00,EUR,Cup Lids x1000; Espresso Beans Brazil 1kg; Green Tea Sencha 500g
S00486,Order confirmed,2026-06-12T12:22:40+00:00,Sophie Lambert,S00486,,history,,Hotel Lindenhof,Belgium,Sophie Lambert,Brussels DC,642.00,EUR,Cup Lids x1000; Espresso Beans Brazil 1kg; Green Tea Sencha 500g
S00486,Goods shipped,2026-06-15T06:25:14+00:00,Marc Dubois,BRU/OUT/00216,,history,,Hotel Lindenhof,Belgium,Sophie Lambert,Brussels DC,642.00,EUR,Cup Lids x1000; Espresso Beans Brazil 1kg; Green Tea Sencha 500g
S00486,Invoice posted,2026-06-16T08:58:28+00:00,Julie Martin,INV/2026/00188,,history,2026-07-16,Hotel Lindenhof,Belgium,Sophie Lambert,Brussels DC,642.00,EUR,Cup Lids x1000; Espresso Beans Brazil 1kg; Green Tea Sencha 500g
S00486,Payment received,2026-07-13T06:25:18+00:00,Julie Martin,INV/2026/00188,,history,,Hotel Lindenhof,Belgium,Sophie Lambert,Brussels DC,642.00,EUR,Cup Lids x1000; Espresso Beans Brazil 1kg; Green Tea Sencha 500g
S00487,Quotation created,2026-06-09T11:24:19+00:00,Tom Peeters,S00487,,history,,Co-Work Ixelles,Belgium,Tom Peeters,Brussels DC,96.00,EUR,House Blend Beans 1kg
S00488,Quotation created,2026-06-09T11:33:14+00:00,Sophie Lambert,S00488,,history,,Office Hub Leuven,Belgium,Sophie Lambert,Brussels DC,160.00,EUR,Descaler Tablets x10; Vanilla Syrup 1L
S00488,Order confirmed,2026-06-12T06:34:34+00:00,Sophie Lambert,S00488,,history,,Office Hub Leuven,Belgium,Sophie Lambert,Brussels DC,160.00,EUR,Descaler Tablets x10; Vanilla Syrup 1L
S00488,Goods shipped,2026-06-15T06:42:21+00:00,Marc Dubois,BRU/OUT/00215,,history,,Office Hub Leuven,Belgium,Sophie Lambert,Brussels DC,160.00,EUR,Descaler Tablets x10; Vanilla Syrup 1L
S00488,Invoice posted,2026-06-16T06:30:35+00:00,Julie Martin,INV/2026/00186,,history,2026-07-16,Office Hub Leuven,Belgium,Sophie Lambert,Brussels DC,160.00,EUR,Descaler Tablets x10; Vanilla Syrup 1L
S00488,Payment received,2026-07-24T06:00:07+00:00,Julie Martin,INV/2026/00186,,history,,Office Hub Leuven,Belgium,Sophie Lambert,Brussels DC,160.00,EUR,Descaler Tablets x10; Vanilla Syrup 1L
S00489,Quotation created,2026-06-10T11:47:40+00:00,Tom Peeters,S00489,,history,,Koffiebar Meir,Belgium,Tom Peeters,Brussels DC,864.00,EUR,Decaf Colombia Beans 1kg; Green Tea Sencha 500g; House Blend Beans 1kg
S00489,Quotation sent,2026-06-10T13:05:25+00:00,Tom Peeters,S00489,,history,,Koffiebar Meir,Belgium,Tom Peeters,Brussels DC,864.00,EUR,Decaf Colombia Beans 1kg; Green Tea Sencha 500g; House Blend Beans 1kg
S00489,Order confirmed,2026-06-11T06:56:31+00:00,Tom Peeters,S00489,,history,,Koffiebar Meir,Belgium,Tom Peeters,Brussels DC,864.00,EUR,Decaf Colombia Beans 1kg; Green Tea Sencha 500g; House Blend Beans 1kg
S00489,Goods shipped,2026-06-15T06:38:16+00:00,Marc Dubois,BRU/OUT/00214,,history,,Koffiebar Meir,Belgium,Tom Peeters,Brussels DC,864.00,EUR,Decaf Colombia Beans 1kg; Green Tea Sencha 500g; House Blend Beans 1kg
S00489,Invoice posted,2026-06-16T07:49:48+00:00,Julie Martin,INV/2026/00187,,history,2026-07-16,Koffiebar Meir,Belgium,Tom Peeters,Brussels DC,864.00,EUR,Decaf Colombia Beans 1kg; Green Tea Sencha 500g; House Blend Beans 1kg
S00489,Payment received,2026-07-06T06:58:55+00:00,Julie Martin,INV/2026/00187,,history,,Koffiebar Meir,Belgium,Tom Peeters,Brussels DC,864.00,EUR,Decaf Colombia Beans 1kg; Green Tea Sencha 500g; House Blend Beans 1kg
S00490,Quotation created,2026-06-11T12:42:12+00:00,Piotr Zieliński,S00490,,history,,Biuro Centrum Wola,Poland,Piotr Zieliński,Warsaw DC,569.00,EUR,Chai Latte Mix 1kg; House Blend Beans 1kg; Vanilla Syrup 1L
S00490,Quotation sent,2026-06-11T15:13:06+00:00,Piotr Zieliński,S00490,,history,,Biuro Centrum Wola,Poland,Piotr Zieliński,Warsaw DC,569.00,EUR,Chai Latte Mix 1kg; House Blend Beans 1kg; Vanilla Syrup 1L
S00490,Order confirmed,2026-06-15T06:28:47+00:00,Piotr Zieliński,S00490,,history,,Biuro Centrum Wola,Poland,Piotr Zieliński,Warsaw DC,569.00,EUR,Chai Latte Mix 1kg; House Blend Beans 1kg; Vanilla Syrup 1L
S00490,Delivery rescheduled,2026-06-15T14:06:37+00:00,Ola Wiśniewska,WAW/OUT/00175,+1.0 days,history,,Biuro Centrum Wola,Poland,Piotr Zieliński,Warsaw DC,569.00,EUR,Chai Latte Mix 1kg; House Blend Beans 1kg; Vanilla Syrup 1L
S00490,Goods shipped,2026-06-17T06:04:50+00:00,Ola Wiśniewska,WAW/OUT/00175,,history,,Biuro Centrum Wola,Poland,Piotr Zieliński,Warsaw DC,569.00,EUR,Chai Latte Mix 1kg; House Blend Beans 1kg; Vanilla Syrup 1L
S00490,Invoice posted,2026-06-19T07:05:21+00:00,Anna Kowalczyk,INV/2026/00192,,history,2026-07-19,Biuro Centrum Wola,Poland,Piotr Zieliński,Warsaw DC,569.00,EUR,Chai Latte Mix 1kg; House Blend Beans 1kg; Vanilla Syrup 1L
S00490,Payment received,2026-07-13T06:07:13+00:00,Anna Kowalczyk,INV/2026/00192,,history,,Biuro Centrum Wola,Poland,Piotr Zieliński,Warsaw DC,569.00,EUR,Chai Latte Mix 1kg; House Blend Beans 1kg; Vanilla Syrup 1L
S00491,Quotation created,2026-06-15T06:26:03+00:00,Tom Peeters,S00491,,history,,Café Sint-Pieters,Belgium,Tom Peeters,Brussels DC,2720.00,EUR,Espresso Machine Pro; House Blend Beans 1kg
S00491,Quotation sent,2026-06-15T09:13:10+00:00,Tom Peeters,S00491,,history,,Café Sint-Pieters,Belgium,Tom Peeters,Brussels DC,2720.00,EUR,Espresso Machine Pro; House Blend Beans 1kg
S00491,Order cancelled,2026-07-20T06:19:20+00:00,Tom Peeters,S00491,,history,,Café Sint-Pieters,Belgium,Tom Peeters,Brussels DC,2720.00,EUR,Espresso Machine Pro; House Blend Beans 1kg
S00492,Quotation created,2026-06-15T06:27:39+00:00,Kasia Nowak,S00492,,history,,Hotel Poznań Park,Poland,Kasia Nowak,Warsaw DC,1130.00,EUR,Coffee Grinder Compact; Espresso Beans Ethiopia 1kg
S00492,Quotation sent,2026-06-15T08:24:34+00:00,Kasia Nowak,S00492,,history,,Hotel Poznań Park,Poland,Kasia Nowak,Warsaw DC,1130.00,EUR,Coffee Grinder Compact; Espresso Beans Ethiopia 1kg
S00492,Order confirmed,2026-06-17T07:59:53+00:00,Kasia Nowak,S00492,,history,,Hotel Poznań Park,Poland,Kasia Nowak,Warsaw DC,1130.00,EUR,Coffee Grinder Compact; Espresso Beans Ethiopia 1kg
S00492,Goods shipped,2026-06-18T08:53:44+00:00,Ola Wiśniewska,WAW/OUT/00177,,history,,Hotel Poznań Park,Poland,Kasia Nowak,Warsaw DC,1130.00,EUR,Coffee Grinder Compact; Espresso Beans Ethiopia 1kg
S00492,Invoice posted,2026-06-22T08:10:54+00:00,Anna Kowalczyk,INV/2026/00195,,history,2026-07-22,Hotel Poznań Park,Poland,Kasia Nowak,Warsaw DC,1130.00,EUR,Coffee Grinder Compact; Espresso Beans Ethiopia 1kg
S00492,Payment received,2026-07-14T06:40:04+00:00,Anna Kowalczyk,INV/2026/00195,,history,,Hotel Poznań Park,Poland,Kasia Nowak,Warsaw DC,1130.00,EUR,Coffee Grinder Compact; Espresso Beans Ethiopia 1kg
S00493,Quotation created,2026-06-15T06:44:55+00:00,Piotr Zieliński,S00493,,history,,Bistro Kazimierz,Poland,Piotr Zieliński,Warsaw DC,2418.00,EUR,Espresso Machine Pro; Vanilla Syrup 1L
S00493,Quotation sent,2026-06-15T10:51:45+00:00,Piotr Zieliński,S00493,,history,,Bistro Kazimierz,Poland,Piotr Zieliński,Warsaw DC,2418.00,EUR,Espresso Machine Pro; Vanilla Syrup 1L
S00494,Quotation created,2026-06-15T06:58:21+00:00,Kasia Nowak,S00494,,history,,Coworking Praga,Poland,Kasia Nowak,Warsaw DC,198.00,EUR,Cup Lids x1000; Espresso Beans Ethiopia 1kg
S00494,Quotation sent,2026-06-15T12:27:13+00:00,Kasia Nowak,S00494,,history,,Coworking Praga,Poland,Kasia Nowak,Warsaw DC,198.00,EUR,Cup Lids x1000; Espresso Beans Ethiopia 1kg
S00494,Order confirmed,2026-06-16T06:13:25+00:00,Kasia Nowak,S00494,,history,,Coworking Praga,Poland,Kasia Nowak,Warsaw DC,198.00,EUR,Cup Lids x1000; Espresso Beans Ethiopia 1kg
S00494,Goods shipped,2026-06-17T13:04:24+00:00,Ola Wiśniewska,WAW/OUT/00176,,history,,Coworking Praga,Poland,Kasia Nowak,Warsaw DC,198.00,EUR,Cup Lids x1000; Espresso Beans Ethiopia 1kg
S00494,Invoice posted,2026-06-19T09:03:29+00:00,Anna Kowalczyk,INV/2026/00193,,history,2026-07-19,Coworking Praga,Poland,Kasia Nowak,Warsaw DC,198.00,EUR,Cup Lids x1000; Espresso Beans Ethiopia 1kg
S00495,Quotation created,2026-06-16T13:37:10+00:00,Tom Peeters,S00495,,history,,Hotel Atelier Bruges,Belgium,Tom Peeters,Brussels DC,628.00,EUR,Espresso Beans Brazil 1kg; Espresso Beans Ethiopia 1kg; Oat Milk Barista 12x1L
S00495,Quotation sent,2026-06-17T06:18:51+00:00,Tom Peeters,S00495,,history,,Hotel Atelier Bruges,Belgium,Tom Peeters,Brussels DC,628.00,EUR,Espresso Beans Brazil 1kg; Espresso Beans Ethiopia 1kg; Oat Milk Barista 12x1L
S00495,Order confirmed,2026-06-17T14:10:08+00:00,Tom Peeters,S00495,,history,,Hotel Atelier Bruges,Belgium,Tom Peeters,Brussels DC,628.00,EUR,Espresso Beans Brazil 1kg; Espresso Beans Ethiopia 1kg; Oat Milk Barista 12x1L
S00495,Order changed after confirmation,2026-06-17T22:09:23+00:00,Tom Peeters,S00495,amount 556.00 -> 628.00,history,,Hotel Atelier Bruges,Belgium,Tom Peeters,Brussels DC,628.00,EUR,Espresso Beans Brazil 1kg; Espresso Beans Ethiopia 1kg; Oat Milk Barista 12x1L
S00495,Goods shipped,2026-06-18T06:08:39+00:00,Marc Dubois,BRU/OUT/00218,,history,,Hotel Atelier Bruges,Belgium,Tom Peeters,Brussels DC,628.00,EUR,Espresso Beans Brazil 1kg; Espresso Beans Ethiopia 1kg; Oat Milk Barista 12x1L
S00495,Invoice posted,2026-06-18T12:05:47+00:00,Julie Martin,INV/2026/00191,,history,2026-07-18,Hotel Atelier Bruges,Belgium,Tom Peeters,Brussels DC,628.00,EUR,Espresso Beans Brazil 1kg; Espresso Beans Ethiopia 1kg; Oat Milk Barista 12x1L
S00495,Payment received,2026-07-02T11:56:44+00:00,Julie Martin,INV/2026/00191,,history,,Hotel Atelier Bruges,Belgium,Tom Peeters,Brussels DC,628.00,EUR,Espresso Beans Brazil 1kg; Espresso Beans Ethiopia 1kg; Oat Milk Barista 12x1L
S00496,Quotation created,2026-06-17T09:18:02+00:00,Piotr Zieliński,S00496,,history,,Kawiarnia Ogród,Poland,Piotr Zieliński,Warsaw DC,696.00,EUR,Ground Coffee 250g; Oat Milk Barista 12x1L
S00496,Quotation sent,2026-06-17T12:39:10+00:00,Piotr Zieliński,S00496,,history,,Kawiarnia Ogród,Poland,Piotr Zieliński,Warsaw DC,696.00,EUR,Ground Coffee 250g; Oat Milk Barista 12x1L
S00496,Order confirmed,2026-06-19T15:14:31+00:00,Piotr Zieliński,S00496,,history,,Kawiarnia Ogród,Poland,Piotr Zieliński,Warsaw DC,696.00,EUR,Ground Coffee 250g; Oat Milk Barista 12x1L
S00496,Goods shipped,2026-06-23T11:49:00+00:00,Ola Wiśniewska,WAW/OUT/00178,,history,,Kawiarnia Ogród,Poland,Piotr Zieliński,Warsaw DC,696.00,EUR,Ground Coffee 250g; Oat Milk Barista 12x1L
S00496,Invoice posted,2026-06-25T15:03:46+00:00,Anna Kowalczyk,INV/2026/00199,,history,2026-07-25,Kawiarnia Ogród,Poland,Piotr Zieliński,Warsaw DC,696.00,EUR,Ground Coffee 250g; Oat Milk Barista 12x1L
S00496,Payment received,2026-07-23T06:41:48+00:00,Anna Kowalczyk,INV/2026/00199,,history,,Kawiarnia Ogród,Poland,Piotr Zieliński,Warsaw DC,696.00,EUR,Ground Coffee 250g; Oat Milk Barista 12x1L
S00497,Quotation created,2026-06-17T15:08:47+00:00,Sophie Lambert,S00497,,history,,Campus Kitchen Louvain,Belgium,Sophie Lambert,Brussels DC,432.00,EUR,Green Tea Sencha 500g; House Blend Beans 1kg
S00497,Quotation sent,2026-06-18T06:36:54+00:00,Sophie Lambert,S00497,,history,,Campus Kitchen Louvain,Belgium,Sophie Lambert,Brussels DC,432.00,EUR,Green Tea Sencha 500g; House Blend Beans 1kg
S00497,Order confirmed,2026-06-22T06:54:43+00:00,Sophie Lambert,S00497,,history,,Campus Kitchen Louvain,Belgium,Sophie Lambert,Brussels DC,432.00,EUR,Green Tea Sencha 500g; House Blend Beans 1kg
S00497,Order cancelled,2026-06-25T06:43:34+00:00,Sophie Lambert,S00497,,history,,Campus Kitchen Louvain,Belgium,Sophie Lambert,Brussels DC,432.00,EUR,Green Tea Sencha 500g; House Blend Beans 1kg
S00498,Quotation created,2026-06-18T10:53:14+00:00,Tom Peeters,S00498,,history,,Co-Work Ixelles,Belgium,Tom Peeters,Brussels DC,48.00,EUR,House Blend Beans 1kg
S00498,Quotation sent,2026-06-18T12:08:09+00:00,Tom Peeters,S00498,,history,,Co-Work Ixelles,Belgium,Tom Peeters,Brussels DC,48.00,EUR,House Blend Beans 1kg
S00498,Order confirmed,2026-06-19T07:49:22+00:00,Tom Peeters,S00498,,history,,Co-Work Ixelles,Belgium,Tom Peeters,Brussels DC,48.00,EUR,House Blend Beans 1kg
S00498,Order changed after confirmation,2026-06-22T06:21:57+00:00,Tom Peeters,S00498,amount 32.00 -> 48.00,history,,Co-Work Ixelles,Belgium,Tom Peeters,Brussels DC,48.00,EUR,House Blend Beans 1kg
S00498,Goods shipped,2026-06-22T06:23:29+00:00,Marc Dubois,BRU/OUT/00219,,history,,Co-Work Ixelles,Belgium,Tom Peeters,Brussels DC,48.00,EUR,House Blend Beans 1kg
S00498,Invoice posted,2026-06-23T09:19:53+00:00,Julie Martin,INV/2026/00196,,history,2026-07-23,Co-Work Ixelles,Belgium,Tom Peeters,Brussels DC,48.00,EUR,House Blend Beans 1kg
S00498,Payment received,2026-07-13T06:43:33+00:00,Julie Martin,INV/2026/00196,,history,,Co-Work Ixelles,Belgium,Tom Peeters,Brussels DC,48.00,EUR,House Blend Beans 1kg
S00499,Quotation created,2026-06-22T06:03:34+00:00,Piotr Zieliński,S00499,,history,,Restauracja Odra,Poland,Piotr Zieliński,Warsaw DC,78.00,EUR,Ground Coffee 250g; Vanilla Syrup 1L
S00499,Quotation sent,2026-06-22T11:52:24+00:00,Piotr Zieliński,S00499,,history,,Restauracja Odra,Poland,Piotr Zieliński,Warsaw DC,78.00,EUR,Ground Coffee 250g; Vanilla Syrup 1L
S00499,Order confirmed,2026-06-25T10:06:11+00:00,Piotr Zieliński,S00499,,history,,Restauracja Odra,Poland,Piotr Zieliński,Warsaw DC,78.00,EUR,Ground Coffee 250g; Vanilla Syrup 1L
S00499,Invoice posted,2026-06-25T12:17:13+00:00,Anna Kowalczyk,INV/2026/00198,,history,2026-07-25,Restauracja Odra,Poland,Piotr Zieliński,Warsaw DC,78.00,EUR,Ground Coffee 250g; Vanilla Syrup 1L
S00499,Goods shipped,2026-06-30T10:06:00+00:00,Ola Wiśniewska,WAW/OUT/00179,,history,,Restauracja Odra,Poland,Piotr Zieliński,Warsaw DC,78.00,EUR,Ground Coffee 250g; Vanilla Syrup 1L
S00500,Quotation created,2026-06-22T06:41:27+00:00,Kasia Nowak,S00500,,history,,Café Nowa Huta,Poland,Kasia Nowak,Warsaw DC,216.00,EUR,Espresso Beans Brazil 1kg
S00500,Order cancelled,2026-07-15T06:50:23+00:00,Kasia Nowak,S00500,,history,,Café Nowa Huta,Poland,Kasia Nowak,Warsaw DC,216.00,EUR,Espresso Beans Brazil 1kg
S00501,Quotation created,2026-06-22T06:45:04+00:00,Sophie Lambert,S00501,,history,,Koffiebar Meir,Belgium,Sophie Lambert,Brussels DC,498.00,EUR,Earl Grey Tea 500g; Paper Cups 12oz x1000
S00501,Quotation sent,2026-06-22T08:01:16+00:00,Sophie Lambert,S00501,,history,,Koffiebar Meir,Belgium,Sophie Lambert,Brussels DC,498.00,EUR,Earl Grey Tea 500g; Paper Cups 12oz x1000
S00501,Order confirmed,2026-06-24T06:19:41+00:00,Sophie Lambert,S00501,,history,,Koffiebar Meir,Belgium,Sophie Lambert,Brussels DC,498.00,EUR,Earl Grey Tea 500g; Paper Cups 12oz x1000
S00501,Goods shipped,2026-06-26T06:25:50+00:00,Marc Dubois,BRU/OUT/00222,,history,,Koffiebar Meir,Belgium,Sophie Lambert,Brussels DC,498.00,EUR,Earl Grey Tea 500g; Paper Cups 12oz x1000
S00501,Invoice posted,2026-06-29T08:38:12+00:00,Julie Martin,INV/2026/00202,,history,2026-07-29,Koffiebar Meir,Belgium,Sophie Lambert,Brussels DC,498.00,EUR,Earl Grey Tea 500g; Paper Cups 12oz x1000
S00501,Payment received,2026-07-30T10:49:07+00:00,Julie Martin,INV/2026/00202,,history,,Koffiebar Meir,Belgium,Sophie Lambert,Brussels DC,498.00,EUR,Earl Grey Tea 500g; Paper Cups 12oz x1000
S00502,Quotation created,2026-06-22T06:59:11+00:00,Sophie Lambert,S00502,,history,,Lunchbar Kouter,Belgium,Sophie Lambert,Brussels DC,32.00,EUR,House Blend Beans 1kg
S00502,Quotation sent,2026-06-22T09:35:36+00:00,Sophie Lambert,S00502,,history,,Lunchbar Kouter,Belgium,Sophie Lambert,Brussels DC,32.00,EUR,House Blend Beans 1kg
S00502,Order confirmed,2026-06-23T06:30:55+00:00,Sophie Lambert,S00502,,history,,Lunchbar Kouter,Belgium,Sophie Lambert,Brussels DC,32.00,EUR,House Blend Beans 1kg
S00502,Goods shipped,2026-06-24T06:09:50+00:00,Marc Dubois,BRU/OUT/00221,,history,,Lunchbar Kouter,Belgium,Sophie Lambert,Brussels DC,32.00,EUR,House Blend Beans 1kg
S00502,Invoice posted,2026-06-25T08:14:10+00:00,Julie Martin,INV/2026/00197,,history,2026-07-25,Lunchbar Kouter,Belgium,Sophie Lambert,Brussels DC,32.00,EUR,House Blend Beans 1kg
S00502,Payment received,2026-07-24T08:23:29+00:00,Julie Martin,INV/2026/00197,,history,,Lunchbar Kouter,Belgium,Sophie Lambert,Brussels DC,32.00,EUR,House Blend Beans 1kg
S00503,Quotation created,2026-06-23T13:17:59+00:00,Sophie Lambert,S00503,,history,,Hotel Horizon Namur,Belgium,Sophie Lambert,Brussels DC,841.00,EUR,Cup Lids x1000; Espresso Beans Ethiopia 1kg; Oat Milk Barista 12x1L
S00503,Quotation sent,2026-06-24T06:54:49+00:00,Sophie Lambert,S00503,,history,,Hotel Horizon Namur,Belgium,Sophie Lambert,Brussels DC,841.00,EUR,Cup Lids x1000; Espresso Beans Ethiopia 1kg; Oat Milk Barista 12x1L
S00503,Order confirmed,2026-06-25T06:29:09+00:00,Sophie Lambert,S00503,,history,,Hotel Horizon Namur,Belgium,Sophie Lambert,Brussels DC,841.00,EUR,Cup Lids x1000; Espresso Beans Ethiopia 1kg; Oat Milk Barista 12x1L
S00503,Goods shipped,2026-06-26T13:00:54+00:00,Marc Dubois,BRU/OUT/00223,,history,,Hotel Horizon Namur,Belgium,Sophie Lambert,Brussels DC,841.00,EUR,Cup Lids x1000; Espresso Beans Ethiopia 1kg; Oat Milk Barista 12x1L
S00503,Invoice posted,2026-06-29T07:10:13+00:00,Julie Martin,INV/2026/00201,,history,2026-07-29,Hotel Horizon Namur,Belgium,Sophie Lambert,Brussels DC,841.00,EUR,Cup Lids x1000; Espresso Beans Ethiopia 1kg; Oat Milk Barista 12x1L
S00503,Payment received,2026-07-27T06:38:15+00:00,Julie Martin,INV/2026/00201,,history,,Hotel Horizon Namur,Belgium,Sophie Lambert,Brussels DC,841.00,EUR,Cup Lids x1000; Espresso Beans Ethiopia 1kg; Oat Milk Barista 12x1L
S00504,Quotation created,2026-06-24T14:38:20+00:00,Sophie Lambert,S00504,,history,,Café des Arts Mons,Belgium,Sophie Lambert,Brussels DC,850.00,EUR,Coffee Grinder Compact; Espresso Beans Brazil 1kg; Ground Coffee 250g; House Blend Beans 1kg
S00504,Quotation sent,2026-06-24T15:11:55+00:00,Sophie Lambert,S00504,,history,,Café des Arts Mons,Belgium,Sophie Lambert,Brussels DC,850.00,EUR,Coffee Grinder Compact; Espresso Beans Brazil 1kg; Ground Coffee 250g; House Blend Beans 1kg
S00504,Order confirmed,2026-06-25T15:09:01+00:00,Sophie Lambert,S00504,,history,,Café des Arts Mons,Belgium,Sophie Lambert,Brussels DC,850.00,EUR,Coffee Grinder Compact; Espresso Beans Brazil 1kg; Ground Coffee 250g; House Blend Beans 1kg
S00504,Goods shipped,2026-06-26T06:07:06+00:00,Marc Dubois,BRU/OUT/00224,,history,,Café des Arts Mons,Belgium,Sophie Lambert,Brussels DC,850.00,EUR,Coffee Grinder Compact; Espresso Beans Brazil 1kg; Ground Coffee 250g; House Blend Beans 1kg
S00504,Invoice posted,2026-06-26T15:09:05+00:00,Julie Martin,INV/2026/00200,,history,2026-07-26,Café des Arts Mons,Belgium,Sophie Lambert,Brussels DC,850.00,EUR,Coffee Grinder Compact; Espresso Beans Brazil 1kg; Ground Coffee 250g; House Blend Beans 1kg
S00504,Payment received,2026-07-21T06:43:10+00:00,Julie Martin,INV/2026/00200,,history,,Café des Arts Mons,Belgium,Sophie Lambert,Brussels DC,850.00,EUR,Coffee Grinder Compact; Espresso Beans Brazil 1kg; Ground Coffee 250g; House Blend Beans 1kg
S00505,Quotation created,2026-06-26T10:12:01+00:00,Tom Peeters,S00505,,history,,Station Coffee Mechelen,Belgium,Tom Peeters,Brussels DC,216.00,EUR,Espresso Beans Ethiopia 1kg
S00505,Quotation sent,2026-06-26T15:20:43+00:00,Tom Peeters,S00505,,history,,Station Coffee Mechelen,Belgium,Tom Peeters,Brussels DC,216.00,EUR,Espresso Beans Ethiopia 1kg
S00505,Order confirmed,2026-06-29T06:12:31+00:00,Tom Peeters,S00505,,history,,Station Coffee Mechelen,Belgium,Tom Peeters,Brussels DC,216.00,EUR,Espresso Beans Ethiopia 1kg
S00505,Order changed after confirmation,2026-06-29T11:29:54+00:00,Tom Peeters,S00505,amount 144.00 -> 216.00,history,,Station Coffee Mechelen,Belgium,Tom Peeters,Brussels DC,216.00,EUR,Espresso Beans Ethiopia 1kg
S00505,Goods shipped,2026-07-01T06:58:42+00:00,Marc Dubois,BRU/OUT/00225,,history,,Station Coffee Mechelen,Belgium,Tom Peeters,Brussels DC,216.00,EUR,Espresso Beans Ethiopia 1kg
S00505,Invoice posted,2026-07-02T06:31:22+00:00,Julie Martin,INV/2026/00204,,history,2026-08-01,Station Coffee Mechelen,Belgium,Tom Peeters,Brussels DC,216.00,EUR,Espresso Beans Ethiopia 1kg
S00505,Payment received,2026-08-11T09:15:46+00:00,Julie Martin,INV/2026/00204,,history,,Station Coffee Mechelen,Belgium,Tom Peeters,Brussels DC,216.00,EUR,Espresso Beans Ethiopia 1kg
S00506,Quotation created,2026-06-26T15:04:30+00:00,Tom Peeters,S00506,,history,,Hotel Horizon Namur,Belgium,Tom Peeters,Brussels DC,1368.00,EUR,Earl Grey Tea 500g; Paper Cups 12oz x1000
S00506,Order confirmed,2026-06-30T06:19:26+00:00,Tom Peeters,S00506,,history,,Hotel Horizon Namur,Belgium,Tom Peeters,Brussels DC,1368.00,EUR,Earl Grey Tea 500g; Paper Cups 12oz x1000
S00506,Goods shipped,2026-07-01T06:12:21+00:00,Marc Dubois,BRU/OUT/00227,,history,,Hotel Horizon Namur,Belgium,Tom Peeters,Brussels DC,1368.00,EUR,Earl Grey Tea 500g; Paper Cups 12oz x1000
S00506,Invoice posted,2026-07-02T07:28:55+00:00,Julie Martin,INV/2026/00205,,history,2026-08-01,Hotel Horizon Namur,Belgium,Tom Peeters,Brussels DC,1368.00,EUR,Earl Grey Tea 500g; Paper Cups 12oz x1000
S00506,Payment received,2026-07-30T06:11:20+00:00,Julie Martin,INV/2026/00205,,history,,Hotel Horizon Namur,Belgium,Tom Peeters,Brussels DC,1368.00,EUR,Earl Grey Tea 500g; Paper Cups 12oz x1000
S00507,Quotation created,2026-06-29T06:04:19+00:00,Tom Peeters,S00507,,history,,Salon Mosan,Belgium,Tom Peeters,Brussels DC,650.00,EUR,Coffee Grinder Compact
S00507,Quotation sent,2026-06-29T07:44:53+00:00,Tom Peeters,S00507,,history,,Salon Mosan,Belgium,Tom Peeters,Brussels DC,650.00,EUR,Coffee Grinder Compact
S00507,Order confirmed,2026-07-02T06:24:48+00:00,Tom Peeters,S00507,,history,,Salon Mosan,Belgium,Tom Peeters,Brussels DC,650.00,EUR,Coffee Grinder Compact
S00507,Goods shipped,2026-07-03T10:22:05+00:00,Marc Dubois,BRU/OUT/00229,,history,,Salon Mosan,Belgium,Tom Peeters,Brussels DC,650.00,EUR,Coffee Grinder Compact
S00507,Invoice posted,2026-07-06T07:24:53+00:00,Julie Martin,INV/2026/00209,,history,2026-08-05,Salon Mosan,Belgium,Tom Peeters,Brussels DC,650.00,EUR,Coffee Grinder Compact
S00508,Quotation created,2026-06-29T06:09:28+00:00,Tom Peeters,S00508,,history,,Kantine Noord,Belgium,Tom Peeters,Brussels DC,180.00,EUR,Espresso Beans Brazil 1kg
S00508,Quotation sent,2026-06-29T08:25:35+00:00,Tom Peeters,S00508,,history,,Kantine Noord,Belgium,Tom Peeters,Brussels DC,180.00,EUR,Espresso Beans Brazil 1kg
S00508,Order confirmed,2026-06-29T10:21:55+00:00,Tom Peeters,S00508,,history,,Kantine Noord,Belgium,Tom Peeters,Brussels DC,180.00,EUR,Espresso Beans Brazil 1kg
S00508,Goods shipped,2026-06-30T10:22:14+00:00,Marc Dubois,BRU/OUT/00226,,history,,Kantine Noord,Belgium,Tom Peeters,Brussels DC,180.00,EUR,Espresso Beans Brazil 1kg
S00508,Invoice posted,2026-07-01T07:48:58+00:00,Julie Martin,INV/2026/00203,,history,2026-07-31,Kantine Noord,Belgium,Tom Peeters,Brussels DC,180.00,EUR,Espresso Beans Brazil 1kg
S00508,Payment received,2026-08-03T06:42:50+00:00,Julie Martin,INV/2026/00203,,history,,Kantine Noord,Belgium,Tom Peeters,Brussels DC,180.00,EUR,Espresso Beans Brazil 1kg
S00509,Quotation created,2026-06-29T06:23:58+00:00,Tom Peeters,S00509,,history,,Bakkerij Zuid,Belgium,Tom Peeters,Brussels DC,228.00,EUR,Espresso Beans Brazil 1kg; Ground Coffee 250g
S00509,Quotation sent,2026-06-29T11:57:38+00:00,Tom Peeters,S00509,,history,,Bakkerij Zuid,Belgium,Tom Peeters,Brussels DC,228.00,EUR,Espresso Beans Brazil 1kg; Ground Coffee 250g
S00509,Order confirmed,2026-07-02T06:25:02+00:00,Tom Peeters,S00509,,history,,Bakkerij Zuid,Belgium,Tom Peeters,Brussels DC,228.00,EUR,Espresso Beans Brazil 1kg; Ground Coffee 250g
S00509,Goods shipped,2026-07-03T06:03:36+00:00,Marc Dubois,BRU/OUT/00230,,history,,Bakkerij Zuid,Belgium,Tom Peeters,Brussels DC,228.00,EUR,Espresso Beans Brazil 1kg; Ground Coffee 250g
S00509,Invoice posted,2026-07-06T09:59:40+00:00,Julie Martin,INV/2026/00212,,history,2026-08-05,Bakkerij Zuid,Belgium,Tom Peeters,Brussels DC,228.00,EUR,Espresso Beans Brazil 1kg; Ground Coffee 250g
S00509,Payment received,2026-08-07T11:20:47+00:00,Julie Martin,INV/2026/00212,,history,,Bakkerij Zuid,Belgium,Tom Peeters,Brussels DC,228.00,EUR,Espresso Beans Brazil 1kg; Ground Coffee 250g
S00510,Quotation created,2026-06-29T06:43:14+00:00,Kasia Nowak,S00510,,history,,Kawiarnia Ogród,Poland,Kasia Nowak,Warsaw DC,576.00,EUR,Espresso Beans Ethiopia 1kg; Green Tea Sencha 500g
S00510,Quotation sent,2026-06-29T10:33:35+00:00,Kasia Nowak,S00510,,history,,Kawiarnia Ogród,Poland,Kasia Nowak,Warsaw DC,576.00,EUR,Espresso Beans Ethiopia 1kg; Green Tea Sencha 500g
S00510,Order confirmed,2026-07-01T15:02:40+00:00,Kasia Nowak,S00510,,history,,Kawiarnia Ogród,Poland,Kasia Nowak,Warsaw DC,576.00,EUR,Espresso Beans Ethiopia 1kg; Green Tea Sencha 500g
S00510,Goods shipped,2026-07-02T06:26:07+00:00,Ola Wiśniewska,WAW/OUT/00181,,history,,Kawiarnia Ogród,Poland,Kasia Nowak,Warsaw DC,576.00,EUR,Espresso Beans Ethiopia 1kg; Green Tea Sencha 500g
S00510,Invoice posted,2026-07-06T06:53:34+00:00,Anna Kowalczyk,INV/2026/00208,,history,2026-08-05,Kawiarnia Ogród,Poland,Kasia Nowak,Warsaw DC,576.00,EUR,Espresso Beans Ethiopia 1kg; Green Tea Sencha 500g
S00510,Payment received,2026-07-13T06:42:47+00:00,Anna Kowalczyk,INV/2026/00208,,history,,Kawiarnia Ogród,Poland,Kasia Nowak,Warsaw DC,576.00,EUR,Espresso Beans Ethiopia 1kg; Green Tea Sencha 500g
S00511,Quotation created,2026-06-29T08:06:40+00:00,Sophie Lambert,S00511,,history,,Salon Mosan,Belgium,Sophie Lambert,Brussels DC,180.00,EUR,Paper Cups 12oz x1000
S00511,Quotation sent,2026-06-29T11:22:26+00:00,Sophie Lambert,S00511,,history,,Salon Mosan,Belgium,Sophie Lambert,Brussels DC,180.00,EUR,Paper Cups 12oz x1000
S00511,Order confirmed,2026-07-01T06:31:50+00:00,Sophie Lambert,S00511,,history,,Salon Mosan,Belgium,Sophie Lambert,Brussels DC,180.00,EUR,Paper Cups 12oz x1000
S00511,Goods shipped,2026-07-02T06:27:55+00:00,Marc Dubois,BRU/OUT/00228,,history,,Salon Mosan,Belgium,Sophie Lambert,Brussels DC,180.00,EUR,Paper Cups 12oz x1000
S00511,Invoice posted,2026-07-03T08:27:07+00:00,Julie Martin,INV/2026/00206,,history,2026-08-02,Salon Mosan,Belgium,Sophie Lambert,Brussels DC,180.00,EUR,Paper Cups 12oz x1000
S00511,Payment received,2026-08-27T06:43:20+00:00,Julie Martin,INV/2026/00206,,history,,Salon Mosan,Belgium,Sophie Lambert,Brussels DC,180.00,EUR,Paper Cups 12oz x1000
S00512,Quotation created,2026-06-30T06:05:13+00:00,Tom Peeters,S00512,,history,,Café Parvis,Belgium,Tom Peeters,Brussels DC,202.00,EUR,Espresso Beans Brazil 1kg; Oat Milk Barista 12x1L
S00512,Quotation sent,2026-06-30T09:49:35+00:00,Tom Peeters,S00512,,history,,Café Parvis,Belgium,Tom Peeters,Brussels DC,202.00,EUR,Espresso Beans Brazil 1kg; Oat Milk Barista 12x1L
S00512,Order confirmed,2026-07-03T06:14:28+00:00,Tom Peeters,S00512,,history,,Café Parvis,Belgium,Tom Peeters,Brussels DC,202.00,EUR,Espresso Beans Brazil 1kg; Oat Milk Barista 12x1L
S00512,Order changed after confirmation,2026-07-03T08:45:09+00:00,Tom Peeters,S00512,amount 184.00 -> 202.00,history,,Café Parvis,Belgium,Tom Peeters,Brussels DC,202.00,EUR,Espresso Beans Brazil 1kg; Oat Milk Barista 12x1L
S00512,Goods shipped,2026-07-03T11:15:51+00:00,Marc Dubois,BRU/OUT/00231,,history,,Café Parvis,Belgium,Tom Peeters,Brussels DC,202.00,EUR,Espresso Beans Brazil 1kg; Oat Milk Barista 12x1L
S00512,Invoice posted,2026-07-06T06:42:06+00:00,Julie Martin,INV/2026/00207,,history,2026-08-05,Café Parvis,Belgium,Tom Peeters,Brussels DC,202.00,EUR,Espresso Beans Brazil 1kg; Oat Milk Barista 12x1L
S00512,Payment received,2026-07-29T06:29:34+00:00,Julie Martin,INV/2026/00207,,history,,Café Parvis,Belgium,Tom Peeters,Brussels DC,202.00,EUR,Espresso Beans Brazil 1kg; Oat Milk Barista 12x1L
S00513,Quotation created,2026-06-30T06:21:46+00:00,Piotr Zieliński,S00513,,history,,Hotel Poznań Park,Poland,Piotr Zieliński,Warsaw DC,56.00,EUR,Oat Milk Barista 12x1L
S00513,Order confirmed,2026-07-01T06:47:48+00:00,Piotr Zieliński,S00513,,history,,Hotel Poznań Park,Poland,Piotr Zieliński,Warsaw DC,56.00,EUR,Oat Milk Barista 12x1L
S00513,Goods shipped,2026-07-02T06:46:59+00:00,Ola Wiśniewska,WAW/OUT/00180,,history,,Hotel Poznań Park,Poland,Piotr Zieliński,Warsaw DC,56.00,EUR,Oat Milk Barista 12x1L
S00513,Invoice posted,2026-07-06T08:14:36+00:00,Anna Kowalczyk,INV/2026/00211,,history,2026-08-05,Hotel Poznań Park,Poland,Piotr Zieliński,Warsaw DC,56.00,EUR,Oat Milk Barista 12x1L
S00513,Payment received,2026-08-03T06:24:29+00:00,Anna Kowalczyk,INV/2026/00211,,history,,Hotel Poznań Park,Poland,Piotr Zieliński,Warsaw DC,56.00,EUR,Oat Milk Barista 12x1L
S00514,Quotation created,2026-07-01T07:55:19+00:00,Piotr Zieliński,S00514,,history,,Biurowiec Mokotowska,Poland,Piotr Zieliński,Warsaw DC,390.00,EUR,Decaf Colombia Beans 1kg; Espresso Beans Brazil 1kg; Oat Milk Barista 12x1L
S00514,Quotation sent,2026-07-01T09:11:34+00:00,Piotr Zieliński,S00514,,history,,Biurowiec Mokotowska,Poland,Piotr Zieliński,Warsaw DC,390.00,EUR,Decaf Colombia Beans 1kg; Espresso Beans Brazil 1kg; Oat Milk Barista 12x1L
S00514,Order confirmed,2026-07-02T06:01:36+00:00,Piotr Zieliński,S00514,,history,,Biurowiec Mokotowska,Poland,Piotr Zieliński,Warsaw DC,390.00,EUR,Decaf Colombia Beans 1kg; Espresso Beans Brazil 1kg; Oat Milk Barista 12x1L
S00514,Goods shipped,2026-07-02T11:30:30+00:00,Ola Wiśniewska,WAW/OUT/00182,,history,,Biurowiec Mokotowska,Poland,Piotr Zieliński,Warsaw DC,390.00,EUR,Decaf Colombia Beans 1kg; Espresso Beans Brazil 1kg; Oat Milk Barista 12x1L
S00514,Invoice posted,2026-07-06T08:09:51+00:00,Anna Kowalczyk,INV/2026/00210,,history,2026-08-05,Biurowiec Mokotowska,Poland,Piotr Zieliński,Warsaw DC,390.00,EUR,Decaf Colombia Beans 1kg; Espresso Beans Brazil 1kg; Oat Milk Barista 12x1L
S00514,Payment received,2026-07-30T14:44:51+00:00,Anna Kowalczyk,INV/2026/00210,,history,,Biurowiec Mokotowska,Poland,Piotr Zieliński,Warsaw DC,390.00,EUR,Decaf Colombia Beans 1kg; Espresso Beans Brazil 1kg; Oat Milk Barista 12x1L
S00515,Quotation created,2026-07-01T14:15:15+00:00,Piotr Zieliński,S00515,,history,,Biuro Centrum Wola,Poland,Piotr Zieliński,Warsaw DC,230.00,EUR,Cup Lids x1000; House Blend Beans 1kg
S00515,Quotation sent,2026-07-01T15:08:07+00:00,Piotr Zieliński,S00515,,history,,Biuro Centrum Wola,Poland,Piotr Zieliński,Warsaw DC,230.00,EUR,Cup Lids x1000; House Blend Beans 1kg
S00515,Order confirmed,2026-07-06T06:58:52+00:00,Piotr Zieliński,S00515,,history,,Biuro Centrum Wola,Poland,Piotr Zieliński,Warsaw DC,230.00,EUR,Cup Lids x1000; House Blend Beans 1kg
S00515,Goods shipped,2026-07-07T06:11:33+00:00,Ola Wiśniewska,WAW/OUT/00183,,history,,Biuro Centrum Wola,Poland,Piotr Zieliński,Warsaw DC,230.00,EUR,Cup Lids x1000; House Blend Beans 1kg
S00515,Invoice posted,2026-07-10T07:18:09+00:00,Anna Kowalczyk,INV/2026/00214,,history,2026-08-09,Biuro Centrum Wola,Poland,Piotr Zieliński,Warsaw DC,230.00,EUR,Cup Lids x1000; House Blend Beans 1kg
S00515,Payment received,2026-08-13T11:47:00+00:00,Anna Kowalczyk,INV/2026/00214,,history,,Biuro Centrum Wola,Poland,Piotr Zieliński,Warsaw DC,230.00,EUR,Cup Lids x1000; House Blend Beans 1kg
S00516,Quotation created,2026-07-06T06:20:19+00:00,Sophie Lambert,S00516,,history,,Hotel Horizon Namur,Belgium,Sophie Lambert,Brussels DC,1220.00,EUR,Oat Milk Barista 12x1L; Paper Cups 12oz x1000
S00516,Quotation sent,2026-07-06T10:33:17+00:00,Sophie Lambert,S00516,,history,,Hotel Horizon Namur,Belgium,Sophie Lambert,Brussels DC,1220.00,EUR,Oat Milk Barista 12x1L; Paper Cups 12oz x1000
S00516,Order confirmed,2026-07-09T06:53:13+00:00,Sophie Lambert,S00516,,history,,Hotel Horizon Namur,Belgium,Sophie Lambert,Brussels DC,1220.00,EUR,Oat Milk Barista 12x1L; Paper Cups 12oz x1000
S00516,Goods shipped,2026-07-10T06:51:21+00:00,Marc Dubois,BRU/OUT/00234,,history,,Hotel Horizon Namur,Belgium,Sophie Lambert,Brussels DC,1220.00,EUR,Oat Milk Barista 12x1L; Paper Cups 12oz x1000
S00516,Invoice posted,2026-07-13T09:43:14+00:00,Julie Martin,INV/2026/00218,,history,2026-08-12,Hotel Horizon Namur,Belgium,Sophie Lambert,Brussels DC,1220.00,EUR,Oat Milk Barista 12x1L; Paper Cups 12oz x1000
S00516,Payment received,2026-08-24T06:46:25+00:00,Julie Martin,INV/2026/00218,,history,,Hotel Horizon Namur,Belgium,Sophie Lambert,Brussels DC,1220.00,EUR,Oat Milk Barista 12x1L; Paper Cups 12oz x1000
S00517,Quotation created,2026-07-06T08:12:04+00:00,Tom Peeters,S00517,,history,,Station Coffee Mechelen,Belgium,Tom Peeters,Brussels DC,80.00,EUR,House Blend Beans 1kg
S00517,Order confirmed,2026-07-07T06:33:04+00:00,Tom Peeters,S00517,,history,,Station Coffee Mechelen,Belgium,Tom Peeters,Brussels DC,80.00,EUR,House Blend Beans 1kg
S00517,Goods shipped,2026-07-07T11:43:20+00:00,Marc Dubois,BRU/OUT/00232,,history,,Station Coffee Mechelen,Belgium,Tom Peeters,Brussels DC,80.00,EUR,House Blend Beans 1kg
S00517,Invoice posted,2026-07-08T06:37:26+00:00,Julie Martin,INV/2026/00213,,history,2026-08-07,Station Coffee Mechelen,Belgium,Tom Peeters,Brussels DC,80.00,EUR,House Blend Beans 1kg
S00517,Payment received,2026-08-10T06:57:55+00:00,Julie Martin,INV/2026/00213,,history,,Station Coffee Mechelen,Belgium,Tom Peeters,Brussels DC,80.00,EUR,House Blend Beans 1kg
S00518,Quotation created,2026-07-07T13:23:23+00:00,Sophie Lambert,S00518,,history,,Station Coffee Mechelen,Belgium,Sophie Lambert,Brussels DC,240.00,EUR,Espresso Beans Ethiopia 1kg; House Blend Beans 1kg
S00518,Quotation sent,2026-07-07T14:07:08+00:00,Sophie Lambert,S00518,,history,,Station Coffee Mechelen,Belgium,Sophie Lambert,Brussels DC,240.00,EUR,Espresso Beans Ethiopia 1kg; House Blend Beans 1kg
S00518,Order confirmed,2026-07-08T10:47:15+00:00,Sophie Lambert,S00518,,history,,Station Coffee Mechelen,Belgium,Sophie Lambert,Brussels DC,240.00,EUR,Espresso Beans Ethiopia 1kg; House Blend Beans 1kg
S00518,Delivery rescheduled,2026-07-09T06:33:24+00:00,Marc Dubois,BRU/OUT/00233,+3.0 days,history,,Station Coffee Mechelen,Belgium,Sophie Lambert,Brussels DC,240.00,EUR,Espresso Beans Ethiopia 1kg; House Blend Beans 1kg
S00518,Goods shipped,2026-07-10T09:22:49+00:00,Marc Dubois,BRU/OUT/00233,,history,,Station Coffee Mechelen,Belgium,Sophie Lambert,Brussels DC,240.00,EUR,Espresso Beans Ethiopia 1kg; House Blend Beans 1kg
S00518,Invoice posted,2026-07-13T06:57:54+00:00,Julie Martin,INV/2026/00216,,history,2026-08-12,Station Coffee Mechelen,Belgium,Sophie Lambert,Brussels DC,240.00,EUR,Espresso Beans Ethiopia 1kg; House Blend Beans 1kg
S00518,Payment received,2026-08-13T11:00:51+00:00,Julie Martin,INV/2026/00216,,history,,Station Coffee Mechelen,Belgium,Sophie Lambert,Brussels DC,240.00,EUR,Espresso Beans Ethiopia 1kg; House Blend Beans 1kg
S00519,Quotation created,2026-07-08T06:44:58+00:00,Piotr Zieliński,S00519,,history,,Bistro Kazimierz,Poland,Piotr Zieliński,Warsaw DC,378.00,EUR,Espresso Beans Ethiopia 1kg; Paper Cups 12oz x1000
S00519,Order confirmed,2026-07-10T06:44:23+00:00,Piotr Zieliński,S00519,,history,,Bistro Kazimierz,Poland,Piotr Zieliński,Warsaw DC,378.00,EUR,Espresso Beans Ethiopia 1kg; Paper Cups 12oz x1000
S00519,Invoice posted,2026-07-10T14:31:16+00:00,Anna Kowalczyk,INV/2026/00215,,history,2026-08-09,Bistro Kazimierz,Poland,Piotr Zieliński,Warsaw DC,378.00,EUR,Espresso Beans Ethiopia 1kg; Paper Cups 12oz x1000
S00519,Goods shipped,2026-07-15T10:54:00+00:00,Ola Wiśniewska,WAW/OUT/00184,,history,,Bistro Kazimierz,Poland,Piotr Zieliński,Warsaw DC,378.00,EUR,Espresso Beans Ethiopia 1kg; Paper Cups 12oz x1000
S00519,Credit note posted,2026-07-30T07:30:55+00:00,Anna Kowalczyk,RINV/2026/00015,,history,,Bistro Kazimierz,Poland,Piotr Zieliński,Warsaw DC,378.00,EUR,Espresso Beans Ethiopia 1kg; Paper Cups 12oz x1000
S00519,Payment received,2026-08-17T14:55:56+00:00,Anna Kowalczyk,INV/2026/00215,,history,,Bistro Kazimierz,Poland,Piotr Zieliński,Warsaw DC,378.00,EUR,Espresso Beans Ethiopia 1kg; Paper Cups 12oz x1000
S00520,Quotation created,2026-07-09T09:20:57+00:00,Tom Peeters,S00520,,history,,Business Park Diegem,Belgium,Tom Peeters,Brussels DC,376.00,EUR,Green Tea Sencha 500g; House Blend Beans 1kg
S00520,Quotation sent,2026-07-09T10:19:18+00:00,Tom Peeters,S00520,,history,,Business Park Diegem,Belgium,Tom Peeters,Brussels DC,376.00,EUR,Green Tea Sencha 500g; House Blend Beans 1kg
S00520,Order confirmed,2026-07-09T12:42:42+00:00,Tom Peeters,S00520,,history,,Business Park Diegem,Belgium,Tom Peeters,Brussels DC,376.00,EUR,Green Tea Sencha 500g; House Blend Beans 1kg
S00520,Goods shipped,2026-07-10T06:02:24+00:00,Marc Dubois,BRU/OUT/00235,,history,,Business Park Diegem,Belgium,Tom Peeters,Brussels DC,376.00,EUR,Green Tea Sencha 500g; House Blend Beans 1kg
S00520,Invoice posted,2026-07-13T07:35:36+00:00,Julie Martin,INV/2026/00217,,history,2026-08-12,Business Park Diegem,Belgium,Tom Peeters,Brussels DC,376.00,EUR,Green Tea Sencha 500g; House Blend Beans 1kg
S00520,Payment received,2026-08-05T06:37:52+00:00,Julie Martin,INV/2026/00217,,history,,Business Park Diegem,Belgium,Tom Peeters,Brussels DC,376.00,EUR,Green Tea Sencha 500g; House Blend Beans 1kg
S00521,Quotation created,2026-07-13T06:10:40+00:00,Tom Peeters,S00521,,history,,Café Sint-Pieters,Belgium,Tom Peeters,Brussels DC,1388.00,EUR,Cup Lids x1000; Oat Milk Barista 12x1L; Vanilla Syrup 1L
S00521,Order confirmed,2026-07-15T10:10:54+00:00,Tom Peeters,S00521,,history,,Café Sint-Pieters,Belgium,Tom Peeters,Brussels DC,1388.00,EUR,Cup Lids x1000; Oat Milk Barista 12x1L; Vanilla Syrup 1L
S00521,Goods shipped,2026-07-16T06:20:20+00:00,Marc Dubois,BRU/OUT/00237,,history,,Café Sint-Pieters,Belgium,Tom Peeters,Brussels DC,1388.00,EUR,Cup Lids x1000; Oat Milk Barista 12x1L; Vanilla Syrup 1L
S00521,Invoice posted,2026-07-17T07:52:56+00:00,Julie Martin,INV/2026/00221,,history,2026-08-16,Café Sint-Pieters,Belgium,Tom Peeters,Brussels DC,1388.00,EUR,Cup Lids x1000; Oat Milk Barista 12x1L; Vanilla Syrup 1L
S00521,Payment received,2026-08-04T06:23:47+00:00,Julie Martin,INV/2026/00221,,history,,Café Sint-Pieters,Belgium,Tom Peeters,Brussels DC,1388.00,EUR,Cup Lids x1000; Oat Milk Barista 12x1L; Vanilla Syrup 1L
S00522,Quotation created,2026-07-13T06:15:41+00:00,Kasia Nowak,S00522,,history,,Stołówka Politechnika,Poland,Kasia Nowak,Warsaw DC,54.00,EUR,Vanilla Syrup 1L
S00522,Quotation sent,2026-07-13T07:27:17+00:00,Kasia Nowak,S00522,,history,,Stołówka Politechnika,Poland,Kasia Nowak,Warsaw DC,54.00,EUR,Vanilla Syrup 1L
S00522,Order confirmed,2026-07-14T06:37:12+00:00,Kasia Nowak,S00522,,history,,Stołówka Politechnika,Poland,Kasia Nowak,Warsaw DC,54.00,EUR,Vanilla Syrup 1L
S00522,Goods shipped,2026-07-14T13:43:05+00:00,Ola Wiśniewska,WAW/OUT/00185,,history,,Stołówka Politechnika,Poland,Kasia Nowak,Warsaw DC,54.00,EUR,Vanilla Syrup 1L
S00522,Invoice posted,2026-07-17T07:43:52+00:00,Anna Kowalczyk,INV/2026/00220,,history,2026-08-16,Stołówka Politechnika,Poland,Kasia Nowak,Warsaw DC,54.00,EUR,Vanilla Syrup 1L
S00522,Payment received,2026-08-10T06:36:00+00:00,Anna Kowalczyk,INV/2026/00220,,history,,Stołówka Politechnika,Poland,Kasia Nowak,Warsaw DC,54.00,EUR,Vanilla Syrup 1L
S00523,Quotation created,2026-07-13T06:20:07+00:00,Tom Peeters,S00523,,history,,Espresso Point Wavre,Belgium,Tom Peeters,Brussels DC,189.00,EUR,Ground Coffee 250g; Vanilla Syrup 1L
S00523,Quotation sent,2026-07-13T10:23:02+00:00,Tom Peeters,S00523,,history,,Espresso Point Wavre,Belgium,Tom Peeters,Brussels DC,189.00,EUR,Ground Coffee 250g; Vanilla Syrup 1L
S00523,Order confirmed,2026-07-14T06:06:02+00:00,Tom Peeters,S00523,,history,,Espresso Point Wavre,Belgium,Tom Peeters,Brussels DC,189.00,EUR,Ground Coffee 250g; Vanilla Syrup 1L
S00523,Goods shipped,2026-07-15T09:00:33+00:00,Marc Dubois,BRU/OUT/00236,,history,,Espresso Point Wavre,Belgium,Tom Peeters,Brussels DC,189.00,EUR,Ground Coffee 250g; Vanilla Syrup 1L
S00523,Invoice posted,2026-07-16T06:47:45+00:00,Julie Martin,INV/2026/00219,,history,2026-08-15,Espresso Point Wavre,Belgium,Tom Peeters,Brussels DC,189.00,EUR,Ground Coffee 250g; Vanilla Syrup 1L
S00523,Payment received,2026-08-10T06:41:31+00:00,Julie Martin,INV/2026/00219,,history,,Espresso Point Wavre,Belgium,Tom Peeters,Brussels DC,189.00,EUR,Ground Coffee 250g; Vanilla Syrup 1L
S00524,Quotation created,2026-07-13T06:55:00+00:00,Tom Peeters,S00524,,history,,Business Park Diegem,Belgium,Tom Peeters,Brussels DC,2496.00,EUR,Espresso Machine Pro; House Blend Beans 1kg
S00524,Quotation sent,2026-07-13T12:19:03+00:00,Tom Peeters,S00524,,history,,Business Park Diegem,Belgium,Tom Peeters,Brussels DC,2496.00,EUR,Espresso Machine Pro; House Blend Beans 1kg
S00524,Order cancelled,2026-08-17T12:01:27+00:00,Tom Peeters,S00524,,history,,Business Park Diegem,Belgium,Tom Peeters,Brussels DC,2496.00,EUR,Espresso Machine Pro; House Blend Beans 1kg
S00525,Quotation created,2026-07-14T06:27:46+00:00,Tom Peeters,S00525,,history,,Salon Mosan,Belgium,Tom Peeters,Brussels DC,296.00,EUR,House Blend Beans 1kg; Vanilla Syrup 1L
S00525,Quotation sent,2026-07-14T11:31:16+00:00,Tom Peeters,S00525,,history,,Salon Mosan,Belgium,Tom Peeters,Brussels DC,296.00,EUR,House Blend Beans 1kg; Vanilla Syrup 1L
S00525,Order confirmed,2026-07-16T07:18:25+00:00,Tom Peeters,S00525,,history,,Salon Mosan,Belgium,Tom Peeters,Brussels DC,296.00,EUR,House Blend Beans 1kg; Vanilla Syrup 1L
S00525,Goods shipped,2026-07-20T06:59:57+00:00,Marc Dubois,BRU/OUT/00238,,history,,Salon Mosan,Belgium,Tom Peeters,Brussels DC,296.00,EUR,House Blend Beans 1kg; Vanilla Syrup 1L
S00525,Invoice posted,2026-07-20T12:26:36+00:00,Julie Martin,INV/2026/00222,,history,2026-08-19,Salon Mosan,Belgium,Tom Peeters,Brussels DC,296.00,EUR,House Blend Beans 1kg; Vanilla Syrup 1L
S00526,Quotation created,2026-07-15T06:29:33+00:00,Piotr Zieliński,S00526,,history,,Cukiernia Stare Miasto,Poland,Piotr Zieliński,Warsaw DC,554.00,EUR,Cup Lids x1000; Decaf Colombia Beans 1kg
S00526,Quotation sent,2026-07-15T07:53:06+00:00,Piotr Zieliński,S00526,,history,,Cukiernia Stare Miasto,Poland,Piotr Zieliński,Warsaw DC,554.00,EUR,Cup Lids x1000; Decaf Colombia Beans 1kg
S00527,Quotation created,2026-07-16T07:13:58+00:00,Tom Peeters,S00527,,history,,Tearoom Duinen,Belgium,Tom Peeters,Brussels DC,320.00,EUR,House Blend Beans 1kg
S00527,Quotation sent,2026-07-16T13:05:14+00:00,Tom Peeters,S00527,,history,,Tearoom Duinen,Belgium,Tom Peeters,Brussels DC,320.00,EUR,House Blend Beans 1kg
S00527,Order confirmed,2026-07-20T06:46:52+00:00,Tom Peeters,S00527,,history,,Tearoom Duinen,Belgium,Tom Peeters,Brussels DC,320.00,EUR,House Blend Beans 1kg
S00527,Delivery rescheduled,2026-07-21T06:28:41+00:00,Marc Dubois,BRU/OUT/00240,+2.0 days,history,,Tearoom Duinen,Belgium,Tom Peeters,Brussels DC,320.00,EUR,House Blend Beans 1kg
S00527,Goods shipped,2026-07-23T06:01:31+00:00,Marc Dubois,BRU/OUT/00240,,history,,Tearoom Duinen,Belgium,Tom Peeters,Brussels DC,320.00,EUR,House Blend Beans 1kg
S00527,Invoice posted,2026-07-23T14:55:54+00:00,Julie Martin,INV/2026/00226,,history,2026-08-22,Tearoom Duinen,Belgium,Tom Peeters,Brussels DC,320.00,EUR,House Blend Beans 1kg
S00527,Payment received,2026-08-05T06:02:14+00:00,Julie Martin,INV/2026/00226,,history,,Tearoom Duinen,Belgium,Tom Peeters,Brussels DC,320.00,EUR,House Blend Beans 1kg
S00528,Quotation created,2026-07-17T09:13:21+00:00,Tom Peeters,S00528,,history,,Lunchbar Kouter,Belgium,Tom Peeters,Brussels DC,234.00,EUR,Espresso Beans Brazil 1kg; Ground Coffee 250g
S00528,Quotation sent,2026-07-17T10:24:24+00:00,Tom Peeters,S00528,,history,,Lunchbar Kouter,Belgium,Tom Peeters,Brussels DC,234.00,EUR,Espresso Beans Brazil 1kg; Ground Coffee 250g
S00528,Order confirmed,2026-07-17T15:28:01+00:00,Tom Peeters,S00528,,history,,Lunchbar Kouter,Belgium,Tom Peeters,Brussels DC,234.00,EUR,Espresso Beans Brazil 1kg; Ground Coffee 250g
S00528,Goods shipped,2026-07-20T06:17:47+00:00,Marc Dubois,BRU/OUT/00239,,history,,Lunchbar Kouter,Belgium,Tom Peeters,Brussels DC,234.00,EUR,Espresso Beans Brazil 1kg; Ground Coffee 250g
S00528,Invoice posted,2026-07-21T08:27:51+00:00,Julie Martin,INV/2026/00223,,history,2026-08-20,Lunchbar Kouter,Belgium,Tom Peeters,Brussels DC,234.00,EUR,Espresso Beans Brazil 1kg; Ground Coffee 250g
S00528,Payment received,2026-08-13T06:29:15+00:00,Julie Martin,INV/2026/00223,,history,,Lunchbar Kouter,Belgium,Tom Peeters,Brussels DC,234.00,EUR,Espresso Beans Brazil 1kg; Ground Coffee 250g
S00529,Quotation created,2026-07-20T06:09:44+00:00,Sophie Lambert,S00529,,history,,Hotel Atelier Bruges,Belgium,Sophie Lambert,Brussels DC,454.00,EUR,House Blend Beans 1kg; Oat Milk Barista 12x1L; Vanilla Syrup 1L
S00529,Quotation sent,2026-07-20T07:04:31+00:00,Sophie Lambert,S00529,,history,,Hotel Atelier Bruges,Belgium,Sophie Lambert,Brussels DC,454.00,EUR,House Blend Beans 1kg; Oat Milk Barista 12x1L; Vanilla Syrup 1L
S00529,Order confirmed,2026-07-31T06:28:46+00:00,Sophie Lambert,S00529,,history,,Hotel Atelier Bruges,Belgium,Sophie Lambert,Brussels DC,454.00,EUR,House Blend Beans 1kg; Oat Milk Barista 12x1L; Vanilla Syrup 1L
S00529,Goods shipped,2026-08-03T06:08:16+00:00,Marc Dubois,BRU/OUT/00249,,history,,Hotel Atelier Bruges,Belgium,Sophie Lambert,Brussels DC,454.00,EUR,House Blend Beans 1kg; Oat Milk Barista 12x1L; Vanilla Syrup 1L
S00529,Invoice posted,2026-08-04T07:25:44+00:00,Julie Martin,INV/2026/00237,,history,2026-09-03,Hotel Atelier Bruges,Belgium,Sophie Lambert,Brussels DC,454.00,EUR,House Blend Beans 1kg; Oat Milk Barista 12x1L; Vanilla Syrup 1L
S00529,Payment received,2026-08-24T06:29:17+00:00,Julie Martin,INV/2026/00237,,history,,Hotel Atelier Bruges,Belgium,Sophie Lambert,Brussels DC,454.00,EUR,House Blend Beans 1kg; Oat Milk Barista 12x1L; Vanilla Syrup 1L
S00530,Quotation created,2026-07-20T06:24:27+00:00,Sophie Lambert,S00530,,history,,Bistro Flagey Corner,Belgium,Sophie Lambert,Brussels DC,570.00,EUR,Cup Lids x1000; Decaf Colombia Beans 1kg
S00530,Quotation sent,2026-07-20T10:29:30+00:00,Sophie Lambert,S00530,,history,,Bistro Flagey Corner,Belgium,Sophie Lambert,Brussels DC,570.00,EUR,Cup Lids x1000; Decaf Colombia Beans 1kg
S00530,Order cancelled,2026-08-18T06:53:59+00:00,Sophie Lambert,S00530,,history,,Bistro Flagey Corner,Belgium,Sophie Lambert,Brussels DC,570.00,EUR,Cup Lids x1000; Decaf Colombia Beans 1kg
S00531,Quotation created,2026-07-20T06:40:04+00:00,Piotr Zieliński,S00531,,history,,Café Nowa Huta,Poland,Piotr Zieliński,Warsaw DC,716.00,EUR,Cup Lids x1000; Espresso Beans Brazil 1kg
S00531,Quotation sent,2026-07-20T10:54:33+00:00,Piotr Zieliński,S00531,,history,,Café Nowa Huta,Poland,Piotr Zieliński,Warsaw DC,716.00,EUR,Cup Lids x1000; Espresso Beans Brazil 1kg
S00531,Order cancelled,2026-08-14T12:40:17+00:00,Piotr Zieliński,S00531,,history,,Café Nowa Huta,Poland,Piotr Zieliński,Warsaw DC,716.00,EUR,Cup Lids x1000; Espresso Beans Brazil 1kg
S00532,Quotation created,2026-07-20T06:45:18+00:00,Tom Peeters,S00532,,history,,Station Coffee Mechelen,Belgium,Tom Peeters,Brussels DC,1392.00,EUR,Cup Lids x1000; Decaf Colombia Beans 1kg; Paper Cups 12oz x1000; Vanilla Syrup 1L
S00532,Quotation sent,2026-07-20T08:58:57+00:00,Tom Peeters,S00532,,history,,Station Coffee Mechelen,Belgium,Tom Peeters,Brussels DC,1392.00,EUR,Cup Lids x1000; Decaf Colombia Beans 1kg; Paper Cups 12oz x1000; Vanilla Syrup 1L
S00532,Order confirmed,2026-07-21T06:44:09+00:00,Tom Peeters,S00532,,history,,Station Coffee Mechelen,Belgium,Tom Peeters,Brussels DC,1392.00,EUR,Cup Lids x1000; Decaf Colombia Beans 1kg; Paper Cups 12oz x1000; Vanilla Syrup 1L
S00532,Goods shipped,2026-07-22T06:34:29+00:00,Marc Dubois,BRU/OUT/00241,,history,,Station Coffee Mechelen,Belgium,Tom Peeters,Brussels DC,1392.00,EUR,Cup Lids x1000; Decaf Colombia Beans 1kg; Paper Cups 12oz x1000; Vanilla Syrup 1L
S00532,Invoice posted,2026-07-22T13:44:49+00:00,Julie Martin,INV/2026/00224,,history,2026-08-21,Station Coffee Mechelen,Belgium,Tom Peeters,Brussels DC,1392.00,EUR,Cup Lids x1000; Decaf Colombia Beans 1kg; Paper Cups 12oz x1000; Vanilla Syrup 1L
S00532,Payment received,2026-08-21T06:54:56+00:00,Julie Martin,INV/2026/00224,,history,,Station Coffee Mechelen,Belgium,Tom Peeters,Brussels DC,1392.00,EUR,Cup Lids x1000; Decaf Colombia Beans 1kg; Paper Cups 12oz x1000; Vanilla Syrup 1L
S00533,Quotation created,2026-07-20T06:48:41+00:00,Tom Peeters,S00533,,history,,Co-Work Ixelles,Belgium,Tom Peeters,Brussels DC,2882.00,EUR,Espresso Machine Pro; House Blend Beans 1kg; Paper Cups 12oz x1000
S00533,Order confirmed,2026-07-22T06:21:15+00:00,Tom Peeters,S00533,,history,,Co-Work Ixelles,Belgium,Tom Peeters,Brussels DC,2882.00,EUR,Espresso Machine Pro; House Blend Beans 1kg; Paper Cups 12oz x1000
S00533,Goods shipped,2026-07-24T06:40:42+00:00,Marc Dubois,BRU/OUT/00243,,history,,Co-Work Ixelles,Belgium,Tom Peeters,Brussels DC,2882.00,EUR,Espresso Machine Pro; House Blend Beans 1kg; Paper Cups 12oz x1000
S00533,Invoice posted,2026-07-27T07:17:50+00:00,Julie Martin,INV/2026/00227,,history,2026-08-26,Co-Work Ixelles,Belgium,Tom Peeters,Brussels DC,2882.00,EUR,Espresso Machine Pro; House Blend Beans 1kg; Paper Cups 12oz x1000
S00533,Payment received,2026-08-21T06:08:45+00:00,Julie Martin,INV/2026/00227,,history,,Co-Work Ixelles,Belgium,Tom Peeters,Brussels DC,2882.00,EUR,Espresso Machine Pro; House Blend Beans 1kg; Paper Cups 12oz x1000
S00534,Quotation created,2026-07-20T09:58:23+00:00,Sophie Lambert,S00534,,history,,Hotel Lindenhof,Belgium,Sophie Lambert,Brussels DC,30.00,EUR,Ground Coffee 250g
S00534,Quotation sent,2026-07-20T11:56:28+00:00,Sophie Lambert,S00534,,history,,Hotel Lindenhof,Belgium,Sophie Lambert,Brussels DC,30.00,EUR,Ground Coffee 250g
S00534,Order confirmed,2026-07-22T06:09:41+00:00,Sophie Lambert,S00534,,history,,Hotel Lindenhof,Belgium,Sophie Lambert,Brussels DC,30.00,EUR,Ground Coffee 250g
S00534,Goods shipped,2026-07-22T15:05:12+00:00,Marc Dubois,BRU/OUT/00242,,history,,Hotel Lindenhof,Belgium,Sophie Lambert,Brussels DC,30.00,EUR,Ground Coffee 250g
S00534,Invoice posted,2026-07-23T07:36:51+00:00,Julie Martin,INV/2026/00225,,history,2026-08-22,Hotel Lindenhof,Belgium,Sophie Lambert,Brussels DC,30.00,EUR,Ground Coffee 250g
S00534,Payment received,2026-08-17T08:02:45+00:00,Julie Martin,INV/2026/00225,,history,,Hotel Lindenhof,Belgium,Sophie Lambert,Brussels DC,30.00,EUR,Ground Coffee 250g
S00535,Quotation created,2026-07-21T11:00:27+00:00,Piotr Zieliński,S00535,,history,,Kawiarnia Ogród,Poland,Piotr Zieliński,Warsaw DC,475.00,EUR,Cup Lids x1000
S00535,Order confirmed,2026-07-22T06:11:13+00:00,Piotr Zieliński,S00535,,history,,Kawiarnia Ogród,Poland,Piotr Zieliński,Warsaw DC,475.00,EUR,Cup Lids x1000
S00535,Order changed after confirmation,2026-07-23T06:19:53+00:00,Piotr Zieliński,S00535,amount 300.00 -> 475.00,history,,Kawiarnia Ogród,Poland,Piotr Zieliński,Warsaw DC,475.00,EUR,Cup Lids x1000
S00535,Goods shipped,2026-07-23T06:21:12+00:00,Ola Wiśniewska,WAW/OUT/00186,,history,,Kawiarnia Ogród,Poland,Piotr Zieliński,Warsaw DC,475.00,EUR,Cup Lids x1000
S00535,Invoice posted,2026-07-27T07:44:46+00:00,Anna Kowalczyk,INV/2026/00228,,history,2026-08-26,Kawiarnia Ogród,Poland,Piotr Zieliński,Warsaw DC,475.00,EUR,Cup Lids x1000
S00535,Payment received,2026-08-10T06:42:03+00:00,Anna Kowalczyk,INV/2026/00228,,history,,Kawiarnia Ogród,Poland,Piotr Zieliński,Warsaw DC,475.00,EUR,Cup Lids x1000
S00536,Quotation created,2026-07-24T10:34:52+00:00,Kasia Nowak,S00536,,history,,Cukiernia Stare Miasto,Poland,Kasia Nowak,Warsaw DC,104.00,EUR,Ground Coffee 250g; House Blend Beans 1kg
S00536,Quotation sent,2026-07-24T11:06:06+00:00,Kasia Nowak,S00536,,history,,Cukiernia Stare Miasto,Poland,Kasia Nowak,Warsaw DC,104.00,EUR,Ground Coffee 250g; House Blend Beans 1kg
S00536,Order cancelled,2026-08-17T06:08:44+00:00,Kasia Nowak,S00536,,history,,Cukiernia Stare Miasto,Poland,Kasia Nowak,Warsaw DC,104.00,EUR,Ground Coffee 250g; House Blend Beans 1kg
S00537,Quotation created,2026-07-24T11:32:14+00:00,Tom Peeters,S00537,,history,,Hotel Horizon Namur,Belgium,Tom Peeters,Brussels DC,196.00,EUR,Green Tea Sencha 500g
S00537,Quotation sent,2026-07-24T12:58:08+00:00,Tom Peeters,S00537,,history,,Hotel Horizon Namur,Belgium,Tom Peeters,Brussels DC,196.00,EUR,Green Tea Sencha 500g
S00537,Order confirmed,2026-07-27T06:36:23+00:00,Tom Peeters,S00537,,history,,Hotel Horizon Namur,Belgium,Tom Peeters,Brussels DC,196.00,EUR,Green Tea Sencha 500g
S00537,Order changed after confirmation,2026-07-28T06:45:46+00:00,Tom Peeters,S00537,amount 140.00 -> 196.00,history,,Hotel Horizon Namur,Belgium,Tom Peeters,Brussels DC,196.00,EUR,Green Tea Sencha 500g
S00537,Goods shipped,2026-07-28T06:56:05+00:00,Marc Dubois,BRU/OUT/00244,,history,,Hotel Horizon Namur,Belgium,Tom Peeters,Brussels DC,196.00,EUR,Green Tea Sencha 500g
S00537,Invoice posted,2026-07-29T07:43:36+00:00,Julie Martin,INV/2026/00229,,history,2026-08-28,Hotel Horizon Namur,Belgium,Tom Peeters,Brussels DC,196.00,EUR,Green Tea Sencha 500g
S00538,Quotation created,2026-07-24T12:57:06+00:00,Piotr Zieliński,S00538,,history,,Coworking Praga,Poland,Piotr Zieliński,Warsaw DC,36.00,EUR,Espresso Beans Brazil 1kg
S00538,Order confirmed,2026-07-27T06:27:43+00:00,Piotr Zieliński,S00538,,history,,Coworking Praga,Poland,Piotr Zieliński,Warsaw DC,36.00,EUR,Espresso Beans Brazil 1kg
S00538,Goods shipped,2026-07-28T06:49:12+00:00,Ola Wiśniewska,WAW/OUT/00187,,history,,Coworking Praga,Poland,Piotr Zieliński,Warsaw DC,36.00,EUR,Espresso Beans Brazil 1kg
S00538,Invoice posted,2026-07-29T09:31:36+00:00,Anna Kowalczyk,INV/2026/00230,,history,2026-08-28,Coworking Praga,Poland,Piotr Zieliński,Warsaw DC,36.00,EUR,Espresso Beans Brazil 1kg
S00539,Quotation created,2026-07-27T06:24:34+00:00,Tom Peeters,S00539,,history,,Café des Arts Mons,Belgium,Tom Peeters,Brussels DC,554.00,EUR,Cup Lids x1000; Espresso Beans Brazil 1kg
S00539,Quotation sent,2026-07-27T08:13:39+00:00,Tom Peeters,S00539,,history,,Café des Arts Mons,Belgium,Tom Peeters,Brussels DC,554.00,EUR,Cup Lids x1000; Espresso Beans Brazil 1kg
S00539,Order confirmed,2026-07-28T06:09:04+00:00,Tom Peeters,S00539,,history,,Café des Arts Mons,Belgium,Tom Peeters,Brussels DC,554.00,EUR,Cup Lids x1000; Espresso Beans Brazil 1kg
S00539,Order changed after confirmation,2026-07-28T18:16:36+00:00,Tom Peeters,S00539,amount 536.00 -> 554.00,history,,Café des Arts Mons,Belgium,Tom Peeters,Brussels DC,554.00,EUR,Cup Lids x1000; Espresso Beans Brazil 1kg
S00539,Goods shipped,2026-07-29T06:24:09+00:00,Marc Dubois,BRU/OUT/00246,,history,,Café des Arts Mons,Belgium,Tom Peeters,Brussels DC,554.00,EUR,Cup Lids x1000; Espresso Beans Brazil 1kg
S00539,Invoice posted,2026-07-30T08:08:34+00:00,Julie Martin,INV/2026/00232,,history,2026-08-29,Café des Arts Mons,Belgium,Tom Peeters,Brussels DC,554.00,EUR,Cup Lids x1000; Espresso Beans Brazil 1kg
S00540,Quotation created,2026-07-27T06:27:44+00:00,Sophie Lambert,S00540,,history,,Brasserie du Canal,Belgium,Sophie Lambert,Brussels DC,652.00,EUR,Chai Latte Mix 1kg; Cup Lids x1000; Espresso Beans Brazil 1kg
S00540,Order confirmed,2026-07-28T06:04:17+00:00,Sophie Lambert,S00540,,history,,Brasserie du Canal,Belgium,Sophie Lambert,Brussels DC,652.00,EUR,Chai Latte Mix 1kg; Cup Lids x1000; Espresso Beans Brazil 1kg
S00540,Goods shipped,2026-07-29T06:03:16+00:00,Marc Dubois,BRU/OUT/00245,,history,,Brasserie du Canal,Belgium,Sophie Lambert,Brussels DC,652.00,EUR,Chai Latte Mix 1kg; Cup Lids x1000; Espresso Beans Brazil 1kg
S00540,Invoice posted,2026-07-29T13:57:59+00:00,Julie Martin,INV/2026/00231,,history,2026-08-28,Brasserie du Canal,Belgium,Sophie Lambert,Brussels DC,652.00,EUR,Chai Latte Mix 1kg; Cup Lids x1000; Espresso Beans Brazil 1kg
S00541,Quotation created,2026-07-27T06:39:13+00:00,Tom Peeters,S00541,,history,,Hotel Horizon Namur,Belgium,Tom Peeters,Brussels DC,150.00,EUR,Decaf Colombia Beans 1kg; Espresso Beans Ethiopia 1kg; Ground Coffee 250g
S00541,Quotation sent,2026-07-27T11:08:52+00:00,Tom Peeters,S00541,,history,,Hotel Horizon Namur,Belgium,Tom Peeters,Brussels DC,150.00,EUR,Decaf Colombia Beans 1kg; Espresso Beans Ethiopia 1kg; Ground Coffee 250g
S00541,Order confirmed,2026-07-29T14:47:11+00:00,Tom Peeters,S00541,,history,,Hotel Horizon Namur,Belgium,Tom Peeters,Brussels DC,150.00,EUR,Decaf Colombia Beans 1kg; Espresso Beans Ethiopia 1kg; Ground Coffee 250g
S00541,Delivery rescheduled,2026-07-30T06:22:01+00:00,Marc Dubois,BRU/OUT/00248,+3.0 days,history,,Hotel Horizon Namur,Belgium,Tom Peeters,Brussels DC,150.00,EUR,Decaf Colombia Beans 1kg; Espresso Beans Ethiopia 1kg; Ground Coffee 250g
S00541,Goods shipped,2026-07-31T09:07:18+00:00,Marc Dubois,BRU/OUT/00248,,history,,Hotel Horizon Namur,Belgium,Tom Peeters,Brussels DC,150.00,EUR,Decaf Colombia Beans 1kg; Espresso Beans Ethiopia 1kg; Ground Coffee 250g
S00541,Invoice posted,2026-08-03T06:41:18+00:00,Julie Martin,INV/2026/00235,,history,2026-09-02,Hotel Horizon Namur,Belgium,Tom Peeters,Brussels DC,150.00,EUR,Decaf Colombia Beans 1kg; Espresso Beans Ethiopia 1kg; Ground Coffee 250g
S00541,Payment received,2026-08-10T15:05:46+00:00,Julie Martin,INV/2026/00235,,history,,Hotel Horizon Namur,Belgium,Tom Peeters,Brussels DC,150.00,EUR,Decaf Colombia Beans 1kg; Espresso Beans Ethiopia 1kg; Ground Coffee 250g
S00542,Quotation created,2026-07-28T07:29:43+00:00,Piotr Zieliński,S00542,,history,,Biuro Centrum Wola,Poland,Piotr Zieliński,Warsaw DC,790.00,EUR,Cup Lids x1000; House Blend Beans 1kg; Oat Milk Barista 12x1L
S00542,Quotation sent,2026-07-28T10:19:45+00:00,Piotr Zieliński,S00542,,history,,Biuro Centrum Wola,Poland,Piotr Zieliński,Warsaw DC,790.00,EUR,Cup Lids x1000; House Blend Beans 1kg; Oat Milk Barista 12x1L
S00542,Order confirmed,2026-08-03T06:11:09+00:00,Piotr Zieliński,S00542,,history,,Biuro Centrum Wola,Poland,Piotr Zieliński,Warsaw DC,790.00,EUR,Cup Lids x1000; House Blend Beans 1kg; Oat Milk Barista 12x1L
S00542,Invoice posted,2026-08-03T10:00:42+00:00,Anna Kowalczyk,INV/2026/00236,,history,2026-09-02,Biuro Centrum Wola,Poland,Piotr Zieliński,Warsaw DC,790.00,EUR,Cup Lids x1000; House Blend Beans 1kg; Oat Milk Barista 12x1L
S00542,Goods shipped,2026-08-04T07:38:47+00:00,Ola Wiśniewska,WAW/OUT/00189,,history,,Biuro Centrum Wola,Poland,Piotr Zieliński,Warsaw DC,790.00,EUR,Cup Lids x1000; House Blend Beans 1kg; Oat Milk Barista 12x1L
S00542,Payment received,2026-08-26T12:03:57+00:00,Anna Kowalczyk,INV/2026/00236,,history,,Biuro Centrum Wola,Poland,Piotr Zieliński,Warsaw DC,790.00,EUR,Cup Lids x1000; House Blend Beans 1kg; Oat Milk Barista 12x1L
S00543,Quotation created,2026-07-28T08:40:29+00:00,Tom Peeters,S00543,,history,,Hotel Lindenhof,Belgium,Tom Peeters,Brussels DC,678.00,EUR,Espresso Beans Ethiopia 1kg; Paper Cups 12oz x1000
S00543,Order confirmed,2026-07-29T06:26:59+00:00,Tom Peeters,S00543,,history,,Hotel Lindenhof,Belgium,Tom Peeters,Brussels DC,678.00,EUR,Espresso Beans Ethiopia 1kg; Paper Cups 12oz x1000
S00543,Order changed after confirmation,2026-07-30T06:13:36+00:00,Tom Peeters,S00543,amount 558.00 -> 678.00,history,,Hotel Lindenhof,Belgium,Tom Peeters,Brussels DC,678.00,EUR,Espresso Beans Ethiopia 1kg; Paper Cups 12oz x1000
S00543,Goods shipped,2026-07-30T06:46:43+00:00,Marc Dubois,BRU/OUT/00247,,history,,Hotel Lindenhof,Belgium,Tom Peeters,Brussels DC,678.00,EUR,Espresso Beans Ethiopia 1kg; Paper Cups 12oz x1000
S00543,Invoice posted,2026-07-31T09:32:22+00:00,Julie Martin,INV/2026/00233,,history,2026-08-30,Hotel Lindenhof,Belgium,Tom Peeters,Brussels DC,678.00,EUR,Espresso Beans Ethiopia 1kg; Paper Cups 12oz x1000
S00544,Quotation created,2026-07-28T09:31:24+00:00,Tom Peeters,S00544,,history,,Café Parvis,Belgium,Tom Peeters,Brussels DC,126.00,EUR,Ground Coffee 250g; Vanilla Syrup 1L
S00544,Quotation sent,2026-07-28T12:40:38+00:00,Tom Peeters,S00544,,history,,Café Parvis,Belgium,Tom Peeters,Brussels DC,126.00,EUR,Ground Coffee 250g; Vanilla Syrup 1L
S00545,Quotation created,2026-07-30T12:09:40+00:00,Tom Peeters,S00545,,history,,Office Hub Leuven,Belgium,Tom Peeters,Brussels DC,912.00,EUR,Descaler Tablets x10; Espresso Beans Ethiopia 1kg; Oat Milk Barista 12x1L
S00545,Quotation sent,2026-07-30T13:51:07+00:00,Tom Peeters,S00545,,history,,Office Hub Leuven,Belgium,Tom Peeters,Brussels DC,912.00,EUR,Descaler Tablets x10; Espresso Beans Ethiopia 1kg; Oat Milk Barista 12x1L
S00545,Order confirmed,2026-08-03T06:41:47+00:00,Tom Peeters,S00545,,history,,Office Hub Leuven,Belgium,Tom Peeters,Brussels DC,912.00,EUR,Descaler Tablets x10; Espresso Beans Ethiopia 1kg; Oat Milk Barista 12x1L
S00545,Order changed after confirmation,2026-08-04T06:52:41+00:00,Tom Peeters,S00545,amount 856.00 -> 912.00,history,,Office Hub Leuven,Belgium,Tom Peeters,Brussels DC,912.00,EUR,Descaler Tablets x10; Espresso Beans Ethiopia 1kg; Oat Milk Barista 12x1L
S00545,Goods shipped,2026-08-04T14:13:42+00:00,Marc Dubois,BRU/OUT/00251,,history,,Office Hub Leuven,Belgium,Tom Peeters,Brussels DC,912.00,EUR,Descaler Tablets x10; Espresso Beans Ethiopia 1kg; Oat Milk Barista 12x1L
S00545,Invoice posted,2026-08-05T08:03:00+00:00,Julie Martin,INV/2026/00238,,history,2026-09-04,Office Hub Leuven,Belgium,Tom Peeters,Brussels DC,912.00,EUR,Descaler Tablets x10; Espresso Beans Ethiopia 1kg; Oat Milk Barista 12x1L
S00546,Quotation created,2026-07-30T12:32:45+00:00,Kasia Nowak,S00546,,history,,Kawiarnia Sopot Molo,Poland,Kasia Nowak,Warsaw DC,584.00,EUR,Chai Latte Mix 1kg; Cup Lids x1000; House Blend Beans 1kg; Oat Milk Barista 12x1L
S00546,Quotation sent,2026-07-30T14:38:55+00:00,Kasia Nowak,S00546,,history,,Kawiarnia Sopot Molo,Poland,Kasia Nowak,Warsaw DC,584.00,EUR,Chai Latte Mix 1kg; Cup Lids x1000; House Blend Beans 1kg; Oat Milk Barista 12x1L
S00546,Order confirmed,2026-07-31T06:29:35+00:00,Kasia Nowak,S00546,,history,,Kawiarnia Sopot Molo,Poland,Kasia Nowak,Warsaw DC,584.00,EUR,Chai Latte Mix 1kg; Cup Lids x1000; House Blend Beans 1kg; Oat Milk Barista 12x1L
S00546,Invoice posted,2026-07-31T12:17:03+00:00,Anna Kowalczyk,INV/2026/00234,,history,2026-08-30,Kawiarnia Sopot Molo,Poland,Kasia Nowak,Warsaw DC,584.00,EUR,Chai Latte Mix 1kg; Cup Lids x1000; House Blend Beans 1kg; Oat Milk Barista 12x1L
S00546,Delivery rescheduled,2026-08-03T06:19:21+00:00,Ola Wiśniewska,WAW/OUT/00188,+2.0 days,history,,Kawiarnia Sopot Molo,Poland,Kasia Nowak,Warsaw DC,584.00,EUR,Chai Latte Mix 1kg; Cup Lids x1000; House Blend Beans 1kg; Oat Milk Barista 12x1L
S00546,Goods shipped,2026-08-05T06:10:01+00:00,Ola Wiśniewska,WAW/OUT/00188,,history,,Kawiarnia Sopot Molo,Poland,Kasia Nowak,Warsaw DC,584.00,EUR,Chai Latte Mix 1kg; Cup Lids x1000; House Blend Beans 1kg; Oat Milk Barista 12x1L
S00546,Payment received,2026-08-24T06:01:35+00:00,Anna Kowalczyk,INV/2026/00234,,history,,Kawiarnia Sopot Molo,Poland,Kasia Nowak,Warsaw DC,584.00,EUR,Chai Latte Mix 1kg; Cup Lids x1000; House Blend Beans 1kg; Oat Milk Barista 12x1L
S00547,Quotation created,2026-07-30T14:28:07+00:00,Sophie Lambert,S00547,,history,,Lunchbar Kouter,Belgium,Sophie Lambert,Brussels DC,2960.00,EUR,Espresso Machine Pro; Oat Milk Barista 12x1L
S00547,Quotation sent,2026-07-30T15:08:01+00:00,Sophie Lambert,S00547,,history,,Lunchbar Kouter,Belgium,Sophie Lambert,Brussels DC,2960.00,EUR,Espresso Machine Pro; Oat Milk Barista 12x1L
S00547,Order confirmed,2026-07-31T10:07:04+00:00,Sophie Lambert,S00547,,history,,Lunchbar Kouter,Belgium,Sophie Lambert,Brussels DC,2960.00,EUR,Espresso Machine Pro; Oat Milk Barista 12x1L
S00547,Delivery rescheduled,2026-08-03T06:55:21+00:00,Marc Dubois,BRU/OUT/00250,+3.0 days,history,,Lunchbar Kouter,Belgium,Sophie Lambert,Brussels DC,2960.00,EUR,Espresso Machine Pro; Oat Milk Barista 12x1L
S00547,Goods shipped,2026-08-07T06:17:42+00:00,Marc Dubois,BRU/OUT/00250,,history,,Lunchbar Kouter,Belgium,Sophie Lambert,Brussels DC,2960.00,EUR,Espresso Machine Pro; Oat Milk Barista 12x1L
S00547,Invoice posted,2026-08-10T07:24:30+00:00,Julie Martin,INV/2026/00242,,history,2026-09-09,Lunchbar Kouter,Belgium,Sophie Lambert,Brussels DC,2960.00,EUR,Espresso Machine Pro; Oat Milk Barista 12x1L
S00548,Quotation created,2026-08-03T06:12:52+00:00,Piotr Zieliński,S00548,,history,,Cukiernia Stare Miasto,Poland,Piotr Zieliński,Warsaw DC,493.00,EUR,Barista Apron; Espresso Beans Brazil 1kg; Paper Cups 12oz x1000
S00548,Quotation sent,2026-08-03T11:49:44+00:00,Piotr Zieliński,S00548,,history,,Cukiernia Stare Miasto,Poland,Piotr Zieliński,Warsaw DC,493.00,EUR,Barista Apron; Espresso Beans Brazil 1kg; Paper Cups 12oz x1000
S00548,Order confirmed,2026-08-06T12:30:14+00:00,Piotr Zieliński,S00548,,history,,Cukiernia Stare Miasto,Poland,Piotr Zieliński,Warsaw DC,493.00,EUR,Barista Apron; Espresso Beans Brazil 1kg; Paper Cups 12oz x1000
S00548,Invoice posted,2026-08-07T08:15:59+00:00,Anna Kowalczyk,INV/2026/00241,,history,2026-09-06,Cukiernia Stare Miasto,Poland,Piotr Zieliński,Warsaw DC,493.00,EUR,Barista Apron; Espresso Beans Brazil 1kg; Paper Cups 12oz x1000
S00548,Goods shipped,2026-08-12T14:06:00+00:00,Ola Wiśniewska,WAW/OUT/00192,,history,,Cukiernia Stare Miasto,Poland,Piotr Zieliński,Warsaw DC,493.00,EUR,Barista Apron; Espresso Beans Brazil 1kg; Paper Cups 12oz x1000
S00548,Payment received,2026-08-26T11:12:18+00:00,Anna Kowalczyk,INV/2026/00241,,history,,Cukiernia Stare Miasto,Poland,Piotr Zieliński,Warsaw DC,493.00,EUR,Barista Apron; Espresso Beans Brazil 1kg; Paper Cups 12oz x1000
S00549,Quotation created,2026-08-03T06:57:11+00:00,Kasia Nowak,S00549,,history,,Kawiarnia Rynek,Poland,Kasia Nowak,Warsaw DC,454.00,EUR,Decaf Colombia Beans 1kg; House Blend Beans 1kg
S00549,Order confirmed,2026-08-05T14:01:23+00:00,Kasia Nowak,S00549,,history,,Kawiarnia Rynek,Poland,Kasia Nowak,Warsaw DC,454.00,EUR,Decaf Colombia Beans 1kg; House Blend Beans 1kg
S00549,Order changed after confirmation,2026-08-05T22:12:43+00:00,Kasia Nowak,S00549,amount 370.00 -> 454.00,history,,Kawiarnia Rynek,Poland,Kasia Nowak,Warsaw DC,454.00,EUR,Decaf Colombia Beans 1kg; House Blend Beans 1kg
S00549,Goods shipped,2026-08-06T06:24:04+00:00,Ola Wiśniewska,WAW/OUT/00191,,history,,Kawiarnia Rynek,Poland,Kasia Nowak,Warsaw DC,454.00,EUR,Decaf Colombia Beans 1kg; House Blend Beans 1kg
S00549,Invoice posted,2026-08-07T07:46:58+00:00,Anna Kowalczyk,INV/2026/00240,,history,2026-09-06,Kawiarnia Rynek,Poland,Kasia Nowak,Warsaw DC,454.00,EUR,Decaf Colombia Beans 1kg; House Blend Beans 1kg
S00549,Payment received,2026-08-31T06:28:30+00:00,Anna Kowalczyk,INV/2026/00240,,history,,Kawiarnia Rynek,Poland,Kasia Nowak,Warsaw DC,454.00,EUR,Decaf Colombia Beans 1kg; House Blend Beans 1kg
S00550,Quotation created,2026-08-03T08:27:05+00:00,Kasia Nowak,S00550,,history,,Piekarnia Żoliborz,Poland,Kasia Nowak,Warsaw DC,2580.00,EUR,Espresso Machine Pro; Paper Cups 12oz x1000
S00550,Quotation sent,2026-08-03T09:00:23+00:00,Kasia Nowak,S00550,,history,,Piekarnia Żoliborz,Poland,Kasia Nowak,Warsaw DC,2580.00,EUR,Espresso Machine Pro; Paper Cups 12oz x1000
S00550,Order confirmed,2026-08-04T06:12:02+00:00,Kasia Nowak,S00550,,history,,Piekarnia Żoliborz,Poland,Kasia Nowak,Warsaw DC,2580.00,EUR,Espresso Machine Pro; Paper Cups 12oz x1000
S00550,Delivery rescheduled,2026-08-06T10:41:43+00:00,Ola Wiśniewska,WAW/OUT/00190,+3.0 days,history,,Piekarnia Żoliborz,Poland,Kasia Nowak,Warsaw DC,2580.00,EUR,Espresso Machine Pro; Paper Cups 12oz x1000
S00550,Delivery rescheduled,2026-08-07T10:54:30+00:00,Ola Wiśniewska,WAW/OUT/00190,+5.0 days,history,,Piekarnia Żoliborz,Poland,Kasia Nowak,Warsaw DC,2580.00,EUR,Espresso Machine Pro; Paper Cups 12oz x1000
S00550,Delivery rescheduled,2026-08-10T06:23:53+00:00,Ola Wiśniewska,WAW/OUT/00190,+3.0 days,history,,Piekarnia Żoliborz,Poland,Kasia Nowak,Warsaw DC,2580.00,EUR,Espresso Machine Pro; Paper Cups 12oz x1000
S00550,Goods shipped,2026-08-17T06:50:19+00:00,Ola Wiśniewska,WAW/OUT/00190,,history,,Piekarnia Żoliborz,Poland,Kasia Nowak,Warsaw DC,2580.00,EUR,Espresso Machine Pro; Paper Cups 12oz x1000
S00550,Invoice posted,2026-08-18T08:03:37+00:00,Anna Kowalczyk,INV/2026/00250,,history,2026-09-17,Piekarnia Żoliborz,Poland,Kasia Nowak,Warsaw DC,2580.00,EUR,Espresso Machine Pro; Paper Cups 12oz x1000
S00551,Quotation created,2026-08-03T13:07:06+00:00,Sophie Lambert,S00551,,history,,Kantine Noord,Belgium,Sophie Lambert,Brussels DC,1140.00,EUR,Barista Apron; Green Tea Sencha 500g; Paper Cups 12oz x1000
S00551,Order confirmed,2026-08-04T06:51:18+00:00,Sophie Lambert,S00551,,history,,Kantine Noord,Belgium,Sophie Lambert,Brussels DC,1140.00,EUR,Barista Apron; Green Tea Sencha 500g; Paper Cups 12oz x1000
S00551,Goods shipped,2026-08-04T15:13:57+00:00,Marc Dubois,BRU/OUT/00252,,history,,Kantine Noord,Belgium,Sophie Lambert,Brussels DC,1140.00,EUR,Barista Apron; Green Tea Sencha 500g; Paper Cups 12oz x1000
S00551,Invoice posted,2026-08-05T08:57:06+00:00,Julie Martin,INV/2026/00239,,history,2026-09-04,Kantine Noord,Belgium,Sophie Lambert,Brussels DC,1140.00,EUR,Barista Apron; Green Tea Sencha 500g; Paper Cups 12oz x1000
S00552,Quotation created,2026-08-04T06:12:07+00:00,Tom Peeters,S00552,,history,,Café Sint-Pieters,Belgium,Tom Peeters,Brussels DC,240.00,EUR,Earl Grey Tea 500g; Espresso Beans Brazil 1kg; House Blend Beans 1kg
S00552,Order confirmed,2026-08-10T06:11:10+00:00,Tom Peeters,S00552,,history,,Café Sint-Pieters,Belgium,Tom Peeters,Brussels DC,240.00,EUR,Earl Grey Tea 500g; Espresso Beans Brazil 1kg; House Blend Beans 1kg
S00552,Delivery rescheduled,2026-08-11T06:18:13+00:00,Marc Dubois,BRU/OUT/00255,+2.0 days,history,,Café Sint-Pieters,Belgium,Tom Peeters,Brussels DC,240.00,EUR,Earl Grey Tea 500g; Espresso Beans Brazil 1kg; House Blend Beans 1kg
S00552,Goods shipped,2026-08-12T12:20:39+00:00,Marc Dubois,BRU/OUT/00255,,history,,Café Sint-Pieters,Belgium,Tom Peeters,Brussels DC,240.00,EUR,Earl Grey Tea 500g; Espresso Beans Brazil 1kg; House Blend Beans 1kg
S00552,Invoice posted,2026-08-13T06:11:10+00:00,Julie Martin,INV/2026/00247,,history,2026-09-12,Café Sint-Pieters,Belgium,Tom Peeters,Brussels DC,240.00,EUR,Earl Grey Tea 500g; Espresso Beans Brazil 1kg; House Blend Beans 1kg
S00552,Payment received,2026-08-31T08:49:07+00:00,Julie Martin,INV/2026/00247,,history,,Café Sint-Pieters,Belgium,Tom Peeters,Brussels DC,240.00,EUR,Earl Grey Tea 500g; Espresso Beans Brazil 1kg; House Blend Beans 1kg
S00553,Quotation created,2026-08-05T06:03:44+00:00,Tom Peeters,S00553,,history,,Koffiebar Meir,Belgium,Tom Peeters,Brussels DC,51.00,EUR,Earl Grey Tea 500g; Vanilla Syrup 1L
S00553,Quotation sent,2026-08-05T08:53:07+00:00,Tom Peeters,S00553,,history,,Koffiebar Meir,Belgium,Tom Peeters,Brussels DC,51.00,EUR,Earl Grey Tea 500g; Vanilla Syrup 1L
S00553,Order confirmed,2026-08-07T06:44:43+00:00,Tom Peeters,S00553,,history,,Koffiebar Meir,Belgium,Tom Peeters,Brussels DC,51.00,EUR,Earl Grey Tea 500g; Vanilla Syrup 1L
S00553,Order changed after confirmation,2026-08-10T06:08:26+00:00,Tom Peeters,S00553,amount 42.00 -> 51.00,history,,Koffiebar Meir,Belgium,Tom Peeters,Brussels DC,51.00,EUR,Earl Grey Tea 500g; Vanilla Syrup 1L
S00553,Goods shipped,2026-08-10T06:42:33+00:00,Marc Dubois,BRU/OUT/00254,,history,,Koffiebar Meir,Belgium,Tom Peeters,Brussels DC,51.00,EUR,Earl Grey Tea 500g; Vanilla Syrup 1L
S00553,Invoice posted,2026-08-11T08:11:39+00:00,Julie Martin,INV/2026/00244,,history,2026-09-10,Koffiebar Meir,Belgium,Tom Peeters,Brussels DC,51.00,EUR,Earl Grey Tea 500g; Vanilla Syrup 1L
S00553,Payment received,2026-08-31T06:06:31+00:00,Julie Martin,INV/2026/00244,,history,,Koffiebar Meir,Belgium,Tom Peeters,Brussels DC,51.00,EUR,Earl Grey Tea 500g; Vanilla Syrup 1L
S00554,Quotation created,2026-08-05T07:13:10+00:00,Tom Peeters,S00554,,history,,Station Coffee Mechelen,Belgium,Tom Peeters,Brussels DC,132.00,EUR,Espresso Beans Brazil 1kg; House Blend Beans 1kg
S00554,Quotation sent,2026-08-05T08:03:59+00:00,Tom Peeters,S00554,,history,,Station Coffee Mechelen,Belgium,Tom Peeters,Brussels DC,132.00,EUR,Espresso Beans Brazil 1kg; House Blend Beans 1kg
S00554,Order confirmed,2026-08-07T06:25:33+00:00,Tom Peeters,S00554,,history,,Station Coffee Mechelen,Belgium,Tom Peeters,Brussels DC,132.00,EUR,Espresso Beans Brazil 1kg; House Blend Beans 1kg
S00554,Goods shipped,2026-08-10T06:05:41+00:00,Marc Dubois,BRU/OUT/00253,,history,,Station Coffee Mechelen,Belgium,Tom Peeters,Brussels DC,132.00,EUR,Espresso Beans Brazil 1kg; House Blend Beans 1kg
S00554,Invoice posted,2026-08-11T08:28:28+00:00,Julie Martin,INV/2026/00245,,history,2026-09-10,Station Coffee Mechelen,Belgium,Tom Peeters,Brussels DC,132.00,EUR,Espresso Beans Brazil 1kg; House Blend Beans 1kg
S00555,Quotation created,2026-08-07T06:10:48+00:00,Tom Peeters,S00555,,history,,Café des Arts Mons,Belgium,Tom Peeters,Brussels DC,72.00,EUR,Espresso Beans Ethiopia 1kg; Ground Coffee 250g
S00555,Quotation sent,2026-08-07T09:01:11+00:00,Tom Peeters,S00555,,history,,Café des Arts Mons,Belgium,Tom Peeters,Brussels DC,72.00,EUR,Espresso Beans Ethiopia 1kg; Ground Coffee 250g
S00555,Order confirmed,2026-08-10T08:45:09+00:00,Tom Peeters,S00555,,history,,Café des Arts Mons,Belgium,Tom Peeters,Brussels DC,72.00,EUR,Espresso Beans Ethiopia 1kg; Ground Coffee 250g
S00555,Goods shipped,2026-08-11T06:14:48+00:00,Marc Dubois,BRU/OUT/00256,,history,,Café des Arts Mons,Belgium,Tom Peeters,Brussels DC,72.00,EUR,Espresso Beans Ethiopia 1kg; Ground Coffee 250g
S00555,Invoice posted,2026-08-11T08:49:42+00:00,Julie Martin,INV/2026/00246,,history,2026-09-10,Café des Arts Mons,Belgium,Tom Peeters,Brussels DC,72.00,EUR,Espresso Beans Ethiopia 1kg; Ground Coffee 250g
S00556,Quotation created,2026-08-07T13:51:28+00:00,Piotr Zieliński,S00556,,history,,Cukiernia Stare Miasto,Poland,Piotr Zieliński,Warsaw DC,344.00,EUR,Espresso Beans Ethiopia 1kg; Oat Milk Barista 12x1L
S00556,Quotation sent,2026-08-10T06:41:45+00:00,Piotr Zieliński,S00556,,history,,Cukiernia Stare Miasto,Poland,Piotr Zieliński,Warsaw DC,344.00,EUR,Espresso Beans Ethiopia 1kg; Oat Milk Barista 12x1L
S00556,Order confirmed,2026-08-10T11:55:50+00:00,Piotr Zieliński,S00556,,history,,Cukiernia Stare Miasto,Poland,Piotr Zieliński,Warsaw DC,344.00,EUR,Espresso Beans Ethiopia 1kg; Oat Milk Barista 12x1L
S00556,Invoice posted,2026-08-11T06:09:06+00:00,Anna Kowalczyk,INV/2026/00243,,history,2026-09-10,Cukiernia Stare Miasto,Poland,Piotr Zieliński,Warsaw DC,344.00,EUR,Espresso Beans Ethiopia 1kg; Oat Milk Barista 12x1L
S00556,Goods shipped,2026-08-11T06:15:29+00:00,Ola Wiśniewska,WAW/OUT/00193,,history,,Cukiernia Stare Miasto,Poland,Piotr Zieliński,Warsaw DC,344.00,EUR,Espresso Beans Ethiopia 1kg; Oat Milk Barista 12x1L
S00557,Quotation created,2026-08-10T11:55:42+00:00,Sophie Lambert,S00557,,history,,Bistro Flagey Corner,Belgium,Sophie Lambert,Brussels DC,144.00,EUR,Earl Grey Tea 500g
S00557,Order confirmed,2026-08-11T08:02:06+00:00,Sophie Lambert,S00557,,history,,Bistro Flagey Corner,Belgium,Sophie Lambert,Brussels DC,144.00,EUR,Earl Grey Tea 500g
S00557,Goods shipped,2026-08-12T10:54:14+00:00,Marc Dubois,BRU/OUT/00257,,history,,Bistro Flagey Corner,Belgium,Sophie Lambert,Brussels DC,144.00,EUR,Earl Grey Tea 500g
S00557,Invoice posted,2026-08-13T07:00:17+00:00,Julie Martin,INV/2026/00248,,history,2026-09-12,Bistro Flagey Corner,Belgium,Sophie Lambert,Brussels DC,144.00,EUR,Earl Grey Tea 500g
S00558,Quotation created,2026-08-12T06:34:17+00:00,Sophie Lambert,S00558,,history,,Lunchbar Kouter,Belgium,Sophie Lambert,Brussels DC,1104.00,EUR,Cup Lids x1000; Espresso Beans Brazil 1kg; Espresso Beans Ethiopia 1kg
S00558,Quotation sent,2026-08-12T08:54:01+00:00,Sophie Lambert,S00558,,history,,Lunchbar Kouter,Belgium,Sophie Lambert,Brussels DC,1104.00,EUR,Cup Lids x1000; Espresso Beans Brazil 1kg; Espresso Beans Ethiopia 1kg
S00558,Order confirmed,2026-08-13T08:19:07+00:00,Sophie Lambert,S00558,,history,,Lunchbar Kouter,Belgium,Sophie Lambert,Brussels DC,1104.00,EUR,Cup Lids x1000; Espresso Beans Brazil 1kg; Espresso Beans Ethiopia 1kg
S00558,Delivery rescheduled,2026-08-14T06:15:11+00:00,Marc Dubois,BRU/OUT/00258,+1.0 days,history,,Lunchbar Kouter,Belgium,Sophie Lambert,Brussels DC,1104.00,EUR,Cup Lids x1000; Espresso Beans Brazil 1kg; Espresso Beans Ethiopia 1kg
S00558,Goods shipped,2026-08-17T06:08:46+00:00,Marc Dubois,BRU/OUT/00258,,history,,Lunchbar Kouter,Belgium,Sophie Lambert,Brussels DC,1104.00,EUR,Cup Lids x1000; Espresso Beans Brazil 1kg; Espresso Beans Ethiopia 1kg
S00558,Invoice posted,2026-08-18T08:22:58+00:00,Julie Martin,INV/2026/00251,,history,2026-09-17,Lunchbar Kouter,Belgium,Sophie Lambert,Brussels DC,1104.00,EUR,Cup Lids x1000; Espresso Beans Brazil 1kg; Espresso Beans Ethiopia 1kg
S00559,Quotation created,2026-08-13T07:21:59+00:00,Kasia Nowak,S00559,,history,,Bistro Kazimierz,Poland,Kasia Nowak,Warsaw DC,210.00,EUR,Cup Lids x1000; House Blend Beans 1kg
S00559,Quotation sent,2026-08-13T10:16:23+00:00,Kasia Nowak,S00559,,history,,Bistro Kazimierz,Poland,Kasia Nowak,Warsaw DC,210.00,EUR,Cup Lids x1000; House Blend Beans 1kg
S00559,Order confirmed,2026-08-14T06:23:20+00:00,Kasia Nowak,S00559,,history,,Bistro Kazimierz,Poland,Kasia Nowak,Warsaw DC,210.00,EUR,Cup Lids x1000; House Blend Beans 1kg
S00559,Invoice posted,2026-08-14T10:02:15+00:00,Anna Kowalczyk,INV/2026/00249,,history,2026-09-13,Bistro Kazimierz,Poland,Kasia Nowak,Warsaw DC,210.00,EUR,Cup Lids x1000; House Blend Beans 1kg
S00559,Goods shipped,2026-08-18T07:48:00+00:00,Ola Wiśniewska,WAW/OUT/00194,,history,,Bistro Kazimierz,Poland,Kasia Nowak,Warsaw DC,210.00,EUR,Cup Lids x1000; House Blend Beans 1kg
S00559,Credit note posted,2026-08-31T08:38:37+00:00,Anna Kowalczyk,RINV/2026/00016,,history,,Bistro Kazimierz,Poland,Kasia Nowak,Warsaw DC,210.00,EUR,Cup Lids x1000; House Blend Beans 1kg
S00560,Quotation created,2026-08-14T06:26:13+00:00,Kasia Nowak,S00560,,history,,Restauracja Odra,Poland,Kasia Nowak,Warsaw DC,96.00,EUR,Earl Grey Tea 500g; Espresso Beans Brazil 1kg
S00560,Quotation sent,2026-08-14T09:05:08+00:00,Kasia Nowak,S00560,,history,,Restauracja Odra,Poland,Kasia Nowak,Warsaw DC,96.00,EUR,Earl Grey Tea 500g; Espresso Beans Brazil 1kg
S00560,Order confirmed,2026-08-17T06:40:20+00:00,Kasia Nowak,S00560,,history,,Restauracja Odra,Poland,Kasia Nowak,Warsaw DC,96.00,EUR,Earl Grey Tea 500g; Espresso Beans Brazil 1kg
S00560,Goods shipped,2026-08-18T11:17:14+00:00,Ola Wiśniewska,WAW/OUT/00195,,history,,Restauracja Odra,Poland,Kasia Nowak,Warsaw DC,96.00,EUR,Earl Grey Tea 500g; Espresso Beans Brazil 1kg
S00560,Invoice posted,2026-08-21T08:40:40+00:00,Anna Kowalczyk,INV/2026/00252,,history,2026-09-20,Restauracja Odra,Poland,Kasia Nowak,Warsaw DC,96.00,EUR,Earl Grey Tea 500g; Espresso Beans Brazil 1kg
